node:internal/modules/esm/resolve:1204
    throw error;
    ^

Error [ERR_MODULE_NOT_FOUND]: Cannot find package 'express' imported from /home/appzetoa/public_html/daliyhisab/server/app.js
    at packageResolve (node:internal/modules/esm/resolve:873:9)
    at moduleResolve (node:internal/modules/esm/resolve:946:18)
    at defaultResolve (node:internal/modules/esm/resolve:1188:11)
    at ModuleLoader.defaultResolve (node:internal/modules/esm/loader:642:12)
    at #cachedDefaultResolve (node:internal/modules/esm/loader:591:25)
    at ModuleLoader.getModuleJobForRequire (node:internal/modules/esm/loader:347:53)
    at new ModuleJobSync (node:internal/modules/esm/module_job:333:34)
    at ModuleLoader.importSyncForRequire (node:internal/modules/esm/loader:320:11)
    at loadESMFromCJS (node:internal/modules/cjs/loader:1371:24)
    at Module._compile (node:internal/modules/cjs/loader:1511:5) {
  code: 'ERR_MODULE_NOT_FOUND'
}

Node.js v20.19.3
node:internal/modules/esm/resolve:1204
    throw error;
    ^

Error [ERR_MODULE_NOT_FOUND]: Cannot find package 'express' imported from /home/appzetoa/public_html/daliyhisab/server/app.js
    at packageResolve (node:internal/modules/esm/resolve:873:9)
    at moduleResolve (node:internal/modules/esm/resolve:946:18)
    at defaultResolve (node:internal/modules/esm/resolve:1188:11)
    at ModuleLoader.defaultResolve (node:internal/modules/esm/loader:642:12)
    at #cachedDefaultResolve (node:internal/modules/esm/loader:591:25)
    at ModuleLoader.getModuleJobForRequire (node:internal/modules/esm/loader:347:53)
    at new ModuleJobSync (node:internal/modules/esm/module_job:333:34)
    at ModuleLoader.importSyncForRequire (node:internal/modules/esm/loader:320:11)
    at loadESMFromCJS (node:internal/modules/cjs/loader:1371:24)
    at Module._compile (node:internal/modules/cjs/loader:1511:5) {
  code: 'ERR_MODULE_NOT_FOUND'
}

Node.js v20.19.3
node:events:502
      throw er; // Unhandled 'error' event
      ^

Error: Packets out of order. Got: 0 Expected: 9
    at Parser._tryReadPacketHeader (/home/appzetoa/nodevenv/public_html/daliyhisab/server/20/lib/node_modules/mysql/lib/protocol/Parser.js:470:15)
    at Parser.write (/home/appzetoa/nodevenv/public_html/daliyhisab/server/20/lib/node_modules/mysql/lib/protocol/Parser.js:33:29)
    at Protocol.write (/home/appzetoa/nodevenv/public_html/daliyhisab/server/20/lib/node_modules/mysql/lib/protocol/Protocol.js:38:16)
    at Socket.<anonymous> (/home/appzetoa/nodevenv/public_html/daliyhisab/server/20/lib/node_modules/mysql/lib/Connection.js:88:28)
    at Socket.<anonymous> (/home/appzetoa/nodevenv/public_html/daliyhisab/server/20/lib/node_modules/mysql/lib/Connection.js:526:10)
    at Socket.emit (node:events:524:28)
    at Socket.emit (node:domain:489:12)
    at addChunk (node:internal/streams/readable:561:12)
    at readableAddChunkPushByteMode (node:internal/streams/readable:512:3)
    at Readable.push (node:internal/streams/readable:392:5)
Emitted 'error' event on Connection instance at:
    at Connection._handleProtocolError (/home/appzetoa/nodevenv/public_html/daliyhisab/server/20/lib/node_modules/mysql/lib/Connection.js:423:8)
    at Protocol.emit (node:events:524:28)
    at Protocol.emit (node:domain:489:12)
    at Protocol._delegateError (/home/appzetoa/nodevenv/public_html/daliyhisab/server/20/lib/node_modules/mysql/lib/protocol/Protocol.js:398:10)
    at Protocol.handleParserError (/home/appzetoa/nodevenv/public_html/daliyhisab/server/20/lib/node_modules/mysql/lib/protocol/Protocol.js:380:10)
    at Parser._tryReadPacketHeader (/home/appzetoa/nodevenv/public_html/daliyhisab/server/20/lib/node_modules/mysql/lib/protocol/Parser.js:478:10)
    at Parser.write (/home/appzetoa/nodevenv/public_html/daliyhisab/server/20/lib/node_modules/mysql/lib/protocol/Parser.js:33:29)
    [... lines matching original stack trace ...]
    at Socket.<anonymous> (/home/appzetoa/nodevenv/public_html/daliyhisab/server/20/lib/node_modules/mysql/lib/Connection.js:526:10) {
  code: 'PROTOCOL_PACKETS_OUT_OF_ORDER',
  fatal: true
}

Node.js v20.19.3
node:events:502
      throw er; // Unhandled 'error' event
      ^

Error: Packets out of order. Got: 0 Expected: 2
    at Parser._tryReadPacketHeader (/home/appzetoa/nodevenv/public_html/daliyhisab/server/20/lib/node_modules/mysql/lib/protocol/Parser.js:470:15)
    at Parser.write (/home/appzetoa/nodevenv/public_html/daliyhisab/server/20/lib/node_modules/mysql/lib/protocol/Parser.js:33:29)
    at Protocol.write (/home/appzetoa/nodevenv/public_html/daliyhisab/server/20/lib/node_modules/mysql/lib/protocol/Protocol.js:38:16)
    at Socket.<anonymous> (/home/appzetoa/nodevenv/public_html/daliyhisab/server/20/lib/node_modules/mysql/lib/Connection.js:88:28)
    at Socket.<anonymous> (/home/appzetoa/nodevenv/public_html/daliyhisab/server/20/lib/node_modules/mysql/lib/Connection.js:526:10)
    at Socket.emit (node:events:524:28)
    at Socket.emit (node:domain:489:12)
    at addChunk (node:internal/streams/readable:561:12)
    at readableAddChunkPushByteMode (node:internal/streams/readable:512:3)
    at Readable.push (node:internal/streams/readable:392:5)
Emitted 'error' event on Connection instance at:
    at Connection._handleProtocolError (/home/appzetoa/nodevenv/public_html/daliyhisab/server/20/lib/node_modules/mysql/lib/Connection.js:423:8)
    at Protocol.emit (node:events:524:28)
    at Protocol.emit (node:domain:489:12)
    at Protocol._delegateError (/home/appzetoa/nodevenv/public_html/daliyhisab/server/20/lib/node_modules/mysql/lib/protocol/Protocol.js:398:10)
    at Protocol.handleParserError (/home/appzetoa/nodevenv/public_html/daliyhisab/server/20/lib/node_modules/mysql/lib/protocol/Protocol.js:380:10)
    at Parser._tryReadPacketHeader (/home/appzetoa/nodevenv/public_html/daliyhisab/server/20/lib/node_modules/mysql/lib/protocol/Parser.js:478:10)
    at Parser.write (/home/appzetoa/nodevenv/public_html/daliyhisab/server/20/lib/node_modules/mysql/lib/protocol/Parser.js:33:29)
    [... lines matching original stack trace ...]
    at Socket.<anonymous> (/home/appzetoa/nodevenv/public_html/daliyhisab/server/20/lib/node_modules/mysql/lib/Connection.js:526:10) {
  code: 'PROTOCOL_PACKETS_OUT_OF_ORDER',
  fatal: true
}

Node.js v20.19.3
node:events:502
      throw er; // Unhandled 'error' event
      ^

Error: Packets out of order. Got: 0 Expected: 2
    at Parser._tryReadPacketHeader (/home/appzetoa/nodevenv/public_html/daliyhisab/server/20/lib/node_modules/mysql/lib/protocol/Parser.js:470:15)
    at Parser.write (/home/appzetoa/nodevenv/public_html/daliyhisab/server/20/lib/node_modules/mysql/lib/protocol/Parser.js:33:29)
    at Protocol.write (/home/appzetoa/nodevenv/public_html/daliyhisab/server/20/lib/node_modules/mysql/lib/protocol/Protocol.js:38:16)
    at Socket.<anonymous> (/home/appzetoa/nodevenv/public_html/daliyhisab/server/20/lib/node_modules/mysql/lib/Connection.js:88:28)
    at Socket.<anonymous> (/home/appzetoa/nodevenv/public_html/daliyhisab/server/20/lib/node_modules/mysql/lib/Connection.js:526:10)
    at Socket.emit (node:events:524:28)
    at Socket.emit (node:domain:489:12)
    at addChunk (node:internal/streams/readable:561:12)
    at readableAddChunkPushByteMode (node:internal/streams/readable:512:3)
    at Readable.push (node:internal/streams/readable:392:5)
Emitted 'error' event on Connection instance at:
    at Connection._handleProtocolError (/home/appzetoa/nodevenv/public_html/daliyhisab/server/20/lib/node_modules/mysql/lib/Connection.js:423:8)
    at Protocol.emit (node:events:524:28)
    at Protocol.emit (node:domain:489:12)
    at Protocol._delegateError (/home/appzetoa/nodevenv/public_html/daliyhisab/server/20/lib/node_modules/mysql/lib/protocol/Protocol.js:398:10)
    at Protocol.handleParserError (/home/appzetoa/nodevenv/public_html/daliyhisab/server/20/lib/node_modules/mysql/lib/protocol/Protocol.js:380:10)
    at Parser._tryReadPacketHeader (/home/appzetoa/nodevenv/public_html/daliyhisab/server/20/lib/node_modules/mysql/lib/protocol/Parser.js:478:10)
    at Parser.write (/home/appzetoa/nodevenv/public_html/daliyhisab/server/20/lib/node_modules/mysql/lib/protocol/Parser.js:33:29)
    [... lines matching original stack trace ...]
    at Socket.<anonymous> (/home/appzetoa/nodevenv/public_html/daliyhisab/server/20/lib/node_modules/mysql/lib/Connection.js:526:10) {
  code: 'PROTOCOL_PACKETS_OUT_OF_ORDER',
  fatal: true
}

Node.js v20.19.3
node:events:502
      throw er; // Unhandled 'error' event
      ^

Error: Packets out of order. Got: 0 Expected: 2
    at Parser._tryReadPacketHeader (/home/appzetoa/nodevenv/public_html/daliyhisab/server/20/lib/node_modules/mysql/lib/protocol/Parser.js:470:15)
    at Parser.write (/home/appzetoa/nodevenv/public_html/daliyhisab/server/20/lib/node_modules/mysql/lib/protocol/Parser.js:33:29)
    at Protocol.write (/home/appzetoa/nodevenv/public_html/daliyhisab/server/20/lib/node_modules/mysql/lib/protocol/Protocol.js:38:16)
    at Socket.<anonymous> (/home/appzetoa/nodevenv/public_html/daliyhisab/server/20/lib/node_modules/mysql/lib/Connection.js:88:28)
    at Socket.<anonymous> (/home/appzetoa/nodevenv/public_html/daliyhisab/server/20/lib/node_modules/mysql/lib/Connection.js:526:10)
    at Socket.emit (node:events:524:28)
    at Socket.emit (node:domain:489:12)
    at addChunk (node:internal/streams/readable:561:12)
    at readableAddChunkPushByteMode (node:internal/streams/readable:512:3)
    at Readable.push (node:internal/streams/readable:392:5)
Emitted 'error' event on Connection instance at:
    at Connection._handleProtocolError (/home/appzetoa/nodevenv/public_html/daliyhisab/server/20/lib/node_modules/mysql/lib/Connection.js:423:8)
    at Protocol.emit (node:events:524:28)
    at Protocol.emit (node:domain:489:12)
    at Protocol._delegateError (/home/appzetoa/nodevenv/public_html/daliyhisab/server/20/lib/node_modules/mysql/lib/protocol/Protocol.js:398:10)
    at Protocol.handleParserError (/home/appzetoa/nodevenv/public_html/daliyhisab/server/20/lib/node_modules/mysql/lib/protocol/Protocol.js:380:10)
    at Parser._tryReadPacketHeader (/home/appzetoa/nodevenv/public_html/daliyhisab/server/20/lib/node_modules/mysql/lib/protocol/Parser.js:478:10)
    at Parser.write (/home/appzetoa/nodevenv/public_html/daliyhisab/server/20/lib/node_modules/mysql/lib/protocol/Parser.js:33:29)
    [... lines matching original stack trace ...]
    at Socket.<anonymous> (/home/appzetoa/nodevenv/public_html/daliyhisab/server/20/lib/node_modules/mysql/lib/Connection.js:526:10) {
  code: 'PROTOCOL_PACKETS_OUT_OF_ORDER',
  fatal: true
}

Node.js v20.19.3
node:events:502
      throw er; // Unhandled 'error' event
      ^

Error: Packets out of order. Got: 0 Expected: 6
    at Parser._tryReadPacketHeader (/home/appzetoa/nodevenv/public_html/daliyhisab/server/20/lib/node_modules/mysql/lib/protocol/Parser.js:470:15)
    at Parser.write (/home/appzetoa/nodevenv/public_html/daliyhisab/server/20/lib/node_modules/mysql/lib/protocol/Parser.js:33:29)
    at Protocol.write (/home/appzetoa/nodevenv/public_html/daliyhisab/server/20/lib/node_modules/mysql/lib/protocol/Protocol.js:38:16)
    at Socket.<anonymous> (/home/appzetoa/nodevenv/public_html/daliyhisab/server/20/lib/node_modules/mysql/lib/Connection.js:88:28)
    at Socket.<anonymous> (/home/appzetoa/nodevenv/public_html/daliyhisab/server/20/lib/node_modules/mysql/lib/Connection.js:526:10)
    at Socket.emit (node:events:524:28)
    at Socket.emit (node:domain:489:12)
    at addChunk (node:internal/streams/readable:561:12)
    at readableAddChunkPushByteMode (node:internal/streams/readable:512:3)
    at Readable.push (node:internal/streams/readable:392:5)
Emitted 'error' event on Connection instance at:
    at Connection._handleProtocolError (/home/appzetoa/nodevenv/public_html/daliyhisab/server/20/lib/node_modules/mysql/lib/Connection.js:423:8)
    at Protocol.emit (node:events:524:28)
    at Protocol.emit (node:domain:489:12)
    at Protocol._delegateError (/home/appzetoa/nodevenv/public_html/daliyhisab/server/20/lib/node_modules/mysql/lib/protocol/Protocol.js:398:10)
    at Protocol.handleParserError (/home/appzetoa/nodevenv/public_html/daliyhisab/server/20/lib/node_modules/mysql/lib/protocol/Protocol.js:380:10)
    at Parser._tryReadPacketHeader (/home/appzetoa/nodevenv/public_html/daliyhisab/server/20/lib/node_modules/mysql/lib/protocol/Parser.js:478:10)
    at Parser.write (/home/appzetoa/nodevenv/public_html/daliyhisab/server/20/lib/node_modules/mysql/lib/protocol/Parser.js:33:29)
    [... lines matching original stack trace ...]
    at Socket.<anonymous> (/home/appzetoa/nodevenv/public_html/daliyhisab/server/20/lib/node_modules/mysql/lib/Connection.js:526:10) {
  code: 'PROTOCOL_PACKETS_OUT_OF_ORDER',
  fatal: true
}

Node.js v20.19.3
file:///home/appzetoa/public_html/daliyhisab/server/router/router.js:77
router.post("/notification_on_off",verifyToken.upload.none(),notificationOnOff);
                                                      ^

TypeError: Cannot read properties of undefined (reading 'none')
    at file:///home/appzetoa/public_html/daliyhisab/server/router/router.js:77:55
    at ModuleJobSync.runSync (node:internal/modules/esm/module_job:387:35)
    at ModuleLoader.importSyncForRequire (node:internal/modules/esm/loader:323:47)
    at loadESMFromCJS (node:internal/modules/cjs/loader:1371:24)
    at Module._compile (node:internal/modules/cjs/loader:1511:5)
    at Module._extensions..js (node:internal/modules/cjs/loader:1572:16)
    at Module.load (node:internal/modules/cjs/loader:1275:32)
    at Module._load (node:internal/modules/cjs/loader:1096:12)
    at Module.require (node:internal/modules/cjs/loader:1298:19)
    at require (node:internal/modules/helpers:182:18)

Node.js v20.19.3
file:///home/appzetoa/public_html/daliyhisab/server/router/router.js:77
router.post("/notification_on_off",verifyToken.upload.none(),notificationOnOff);
                                                      ^

TypeError: Cannot read properties of undefined (reading 'none')
    at file:///home/appzetoa/public_html/daliyhisab/server/router/router.js:77:55
    at ModuleJobSync.runSync (node:internal/modules/esm/module_job:387:35)
    at ModuleLoader.importSyncForRequire (node:internal/modules/esm/loader:323:47)
    at loadESMFromCJS (node:internal/modules/cjs/loader:1371:24)
    at Module._compile (node:internal/modules/cjs/loader:1511:5)
    at Module._extensions..js (node:internal/modules/cjs/loader:1572:16)
    at Module.load (node:internal/modules/cjs/loader:1275:32)
    at Module._load (node:internal/modules/cjs/loader:1096:12)
    at Module.require (node:internal/modules/cjs/loader:1298:19)
    at require (node:internal/modules/helpers:182:18)

Node.js v20.19.3
file:///home/appzetoa/public_html/daliyhisab/server/router/router.js:77
router.post("/notification_on_off",verifyToken.upload.none(),notificationOnOff);
                                                      ^

TypeError: Cannot read properties of undefined (reading 'none')
    at file:///home/appzetoa/public_html/daliyhisab/server/router/router.js:77:55
    at ModuleJobSync.runSync (node:internal/modules/esm/module_job:387:35)
    at ModuleLoader.importSyncForRequire (node:internal/modules/esm/loader:323:47)
    at loadESMFromCJS (node:internal/modules/cjs/loader:1371:24)
    at Module._compile (node:internal/modules/cjs/loader:1511:5)
    at Module._extensions..js (node:internal/modules/cjs/loader:1572:16)
    at Module.load (node:internal/modules/cjs/loader:1275:32)
    at Module._load (node:internal/modules/cjs/loader:1096:12)
    at Module.require (node:internal/modules/cjs/loader:1298:19)
    at require (node:internal/modules/helpers:182:18)

Node.js v20.19.3
file:///home/appzetoa/public_html/daliyhisab/server/router/router.js:77
router.post("/notification_on_off",verifyToken.upload.none(),notificationOnOff);
                                                      ^

TypeError: Cannot read properties of undefined (reading 'none')
    at file:///home/appzetoa/public_html/daliyhisab/server/router/router.js:77:55
    at ModuleJobSync.runSync (node:internal/modules/esm/module_job:387:35)
    at ModuleLoader.importSyncForRequire (node:internal/modules/esm/loader:323:47)
    at loadESMFromCJS (node:internal/modules/cjs/loader:1371:24)
    at Module._compile (node:internal/modules/cjs/loader:1511:5)
    at Module._extensions..js (node:internal/modules/cjs/loader:1572:16)
    at Module.load (node:internal/modules/cjs/loader:1275:32)
    at Module._load (node:internal/modules/cjs/loader:1096:12)
    at Module.require (node:internal/modules/cjs/loader:1298:19)
    at require (node:internal/modules/helpers:182:18)

Node.js v20.19.3
file:///home/appzetoa/public_html/daliyhisab/server/router/router.js:77
router.post("/notification_on_off",verifyToken.upload.none(),notificationOnOff);
                                                      ^

TypeError: Cannot read properties of undefined (reading 'none')
    at file:///home/appzetoa/public_html/daliyhisab/server/router/router.js:77:55
    at ModuleJobSync.runSync (node:internal/modules/esm/module_job:387:35)
    at ModuleLoader.importSyncForRequire (node:internal/modules/esm/loader:323:47)
    at loadESMFromCJS (node:internal/modules/cjs/loader:1371:24)
    at Module._compile (node:internal/modules/cjs/loader:1511:5)
    at Module._extensions..js (node:internal/modules/cjs/loader:1572:16)
    at Module.load (node:internal/modules/cjs/loader:1275:32)
    at Module._load (node:internal/modules/cjs/loader:1096:12)
    at Module.require (node:internal/modules/cjs/loader:1298:19)
    at require (node:internal/modules/helpers:182:18)

Node.js v20.19.3
file:///home/appzetoa/public_html/daliyhisab/server/router/router.js:77
router.post("/notification_on_off",verifyToken.upload.none(),notificationOnOff);
                                                      ^

TypeError: Cannot read properties of undefined (reading 'none')
    at file:///home/appzetoa/public_html/daliyhisab/server/router/router.js:77:55
    at ModuleJobSync.runSync (node:internal/modules/esm/module_job:387:35)
    at ModuleLoader.importSyncForRequire (node:internal/modules/esm/loader:323:47)
    at loadESMFromCJS (node:internal/modules/cjs/loader:1371:24)
    at Module._compile (node:internal/modules/cjs/loader:1511:5)
    at Module._extensions..js (node:internal/modules/cjs/loader:1572:16)
    at Module.load (node:internal/modules/cjs/loader:1275:32)
    at Module._load (node:internal/modules/cjs/loader:1096:12)
    at Module.require (node:internal/modules/cjs/loader:1298:19)
    at require (node:internal/modules/helpers:182:18)

Node.js v20.19.3
file:///home/appzetoa/public_html/daliyhisab/server/router/router.js:77
router.post("/notification_on_off",verifyToken.upload.none(),notificationOnOff);
                                                      ^

TypeError: Cannot read properties of undefined (reading 'none')
    at file:///home/appzetoa/public_html/daliyhisab/server/router/router.js:77:55
    at ModuleJobSync.runSync (node:internal/modules/esm/module_job:387:35)
    at ModuleLoader.importSyncForRequire (node:internal/modules/esm/loader:323:47)
    at loadESMFromCJS (node:internal/modules/cjs/loader:1371:24)
    at Module._compile (node:internal/modules/cjs/loader:1511:5)
    at Module._extensions..js (node:internal/modules/cjs/loader:1572:16)
    at Module.load (node:internal/modules/cjs/loader:1275:32)
    at Module._load (node:internal/modules/cjs/loader:1096:12)
    at Module.require (node:internal/modules/cjs/loader:1298:19)
    at require (node:internal/modules/helpers:182:18)

Node.js v20.19.3
file:///home/appzetoa/public_html/daliyhisab/server/router/router.js:77
router.post("/notification_on_off",verifyToken.upload.none(),notificationOnOff);
                                                      ^

TypeError: Cannot read properties of undefined (reading 'none')
    at file:///home/appzetoa/public_html/daliyhisab/server/router/router.js:77:55
    at ModuleJobSync.runSync (node:internal/modules/esm/module_job:387:35)
    at ModuleLoader.importSyncForRequire (node:internal/modules/esm/loader:323:47)
    at loadESMFromCJS (node:internal/modules/cjs/loader:1371:24)
    at Module._compile (node:internal/modules/cjs/loader:1511:5)
    at Module._extensions..js (node:internal/modules/cjs/loader:1572:16)
    at Module.load (node:internal/modules/cjs/loader:1275:32)
    at Module._load (node:internal/modules/cjs/loader:1096:12)
    at Module.require (node:internal/modules/cjs/loader:1298:19)
    at require (node:internal/modules/helpers:182:18)

Node.js v20.19.3
Error in purchaseSubscription: TypeError: (intermediate value) is not iterable
    at purchaseSubscription (file:///home/appzetoa/public_html/daliyhisab/server/controller/allController.js:1824:24)
    at process.processTicksAndRejections (node:internal/process/task_queues:95:5)
node:events:502
      throw er; // Unhandled 'error' event
      ^

Error: Packets out of order. Got: 0 Expected: 17
    at Parser._tryReadPacketHeader (/home/appzetoa/nodevenv/public_html/daliyhisab/server/20/lib/node_modules/mysql/lib/protocol/Parser.js:470:15)
    at Parser.write (/home/appzetoa/nodevenv/public_html/daliyhisab/server/20/lib/node_modules/mysql/lib/protocol/Parser.js:33:29)
    at Protocol.write (/home/appzetoa/nodevenv/public_html/daliyhisab/server/20/lib/node_modules/mysql/lib/protocol/Protocol.js:38:16)
    at Socket.<anonymous> (/home/appzetoa/nodevenv/public_html/daliyhisab/server/20/lib/node_modules/mysql/lib/Connection.js:88:28)
    at Socket.<anonymous> (/home/appzetoa/nodevenv/public_html/daliyhisab/server/20/lib/node_modules/mysql/lib/Connection.js:526:10)
    at Socket.emit (node:events:524:28)
    at Socket.emit (node:domain:489:12)
    at addChunk (node:internal/streams/readable:561:12)
    at readableAddChunkPushByteMode (node:internal/streams/readable:512:3)
    at Readable.push (node:internal/streams/readable:392:5)
Emitted 'error' event on Connection instance at:
    at Connection._handleProtocolError (/home/appzetoa/nodevenv/public_html/daliyhisab/server/20/lib/node_modules/mysql/lib/Connection.js:423:8)
    at Protocol.emit (node:events:524:28)
    at Protocol.emit (node:domain:489:12)
    at Protocol._delegateError (/home/appzetoa/nodevenv/public_html/daliyhisab/server/20/lib/node_modules/mysql/lib/protocol/Protocol.js:398:10)
    at Protocol.handleParserError (/home/appzetoa/nodevenv/public_html/daliyhisab/server/20/lib/node_modules/mysql/lib/protocol/Protocol.js:380:10)
    at Parser._tryReadPacketHeader (/home/appzetoa/nodevenv/public_html/daliyhisab/server/20/lib/node_modules/mysql/lib/protocol/Parser.js:478:10)
    at Parser.write (/home/appzetoa/nodevenv/public_html/daliyhisab/server/20/lib/node_modules/mysql/lib/protocol/Parser.js:33:29)
    [... lines matching original stack trace ...]
    at Socket.<anonymous> (/home/appzetoa/nodevenv/public_html/daliyhisab/server/20/lib/node_modules/mysql/lib/Connection.js:526:10) {
  code: 'PROTOCOL_PACKETS_OUT_OF_ORDER',
  fatal: true
}

Node.js v20.19.3
Error in purchaseSubscription: TypeError: (intermediate value) is not iterable
    at purchaseSubscription (file:///home/appzetoa/public_html/daliyhisab/server/controller/allController.js:1824:24)
    at process.processTicksAndRejections (node:internal/process/task_queues:95:5)
Error in purchaseSubscription: TypeError: (intermediate value) is not iterable
    at purchaseSubscription (file:///home/appzetoa/public_html/daliyhisab/server/controller/allController.js:1824:24)
    at process.processTicksAndRejections (node:internal/process/task_queues:95:5)
node:events:502
      throw er; // Unhandled 'error' event
      ^

Error: Packets out of order. Got: 0 Expected: 2
    at Parser._tryReadPacketHeader (/home/appzetoa/nodevenv/public_html/daliyhisab/server/20/lib/node_modules/mysql/lib/protocol/Parser.js:470:15)
    at Parser.write (/home/appzetoa/nodevenv/public_html/daliyhisab/server/20/lib/node_modules/mysql/lib/protocol/Parser.js:33:29)
    at Protocol.write (/home/appzetoa/nodevenv/public_html/daliyhisab/server/20/lib/node_modules/mysql/lib/protocol/Protocol.js:38:16)
    at Socket.<anonymous> (/home/appzetoa/nodevenv/public_html/daliyhisab/server/20/lib/node_modules/mysql/lib/Connection.js:88:28)
    at Socket.<anonymous> (/home/appzetoa/nodevenv/public_html/daliyhisab/server/20/lib/node_modules/mysql/lib/Connection.js:526:10)
    at Socket.emit (node:events:524:28)
    at Socket.emit (node:domain:489:12)
    at addChunk (node:internal/streams/readable:561:12)
    at readableAddChunkPushByteMode (node:internal/streams/readable:512:3)
    at Readable.push (node:internal/streams/readable:392:5)
Emitted 'error' event on Connection instance at:
    at Connection._handleProtocolError (/home/appzetoa/nodevenv/public_html/daliyhisab/server/20/lib/node_modules/mysql/lib/Connection.js:423:8)
    at Protocol.emit (node:events:524:28)
    at Protocol.emit (node:domain:489:12)
    at Protocol._delegateError (/home/appzetoa/nodevenv/public_html/daliyhisab/server/20/lib/node_modules/mysql/lib/protocol/Protocol.js:398:10)
    at Protocol.handleParserError (/home/appzetoa/nodevenv/public_html/daliyhisab/server/20/lib/node_modules/mysql/lib/protocol/Protocol.js:380:10)
    at Parser._tryReadPacketHeader (/home/appzetoa/nodevenv/public_html/daliyhisab/server/20/lib/node_modules/mysql/lib/protocol/Parser.js:478:10)
    at Parser.write (/home/appzetoa/nodevenv/public_html/daliyhisab/server/20/lib/node_modules/mysql/lib/protocol/Parser.js:33:29)
    [... lines matching original stack trace ...]
    at Socket.<anonymous> (/home/appzetoa/nodevenv/public_html/daliyhisab/server/20/lib/node_modules/mysql/lib/Connection.js:526:10) {
  code: 'PROTOCOL_PACKETS_OUT_OF_ORDER',
  fatal: true
}

Node.js v20.19.3
node:events:502
      throw er; // Unhandled 'error' event
      ^

Error: Packets out of order. Got: 0 Expected: 37
    at Parser._tryReadPacketHeader (/home/appzetoa/nodevenv/public_html/daliyhisab/server/20/lib/node_modules/mysql/lib/protocol/Parser.js:470:15)
    at Parser.write (/home/appzetoa/nodevenv/public_html/daliyhisab/server/20/lib/node_modules/mysql/lib/protocol/Parser.js:33:29)
    at Protocol.write (/home/appzetoa/nodevenv/public_html/daliyhisab/server/20/lib/node_modules/mysql/lib/protocol/Protocol.js:38:16)
    at Socket.<anonymous> (/home/appzetoa/nodevenv/public_html/daliyhisab/server/20/lib/node_modules/mysql/lib/Connection.js:88:28)
    at Socket.<anonymous> (/home/appzetoa/nodevenv/public_html/daliyhisab/server/20/lib/node_modules/mysql/lib/Connection.js:526:10)
    at Socket.emit (node:events:524:28)
    at Socket.emit (node:domain:489:12)
    at addChunk (node:internal/streams/readable:561:12)
    at readableAddChunkPushByteMode (node:internal/streams/readable:512:3)
    at Readable.push (node:internal/streams/readable:392:5)
Emitted 'error' event on Connection instance at:
    at Connection._handleProtocolError (/home/appzetoa/nodevenv/public_html/daliyhisab/server/20/lib/node_modules/mysql/lib/Connection.js:423:8)
    at Protocol.emit (node:events:524:28)
    at Protocol.emit (node:domain:489:12)
    at Protocol._delegateError (/home/appzetoa/nodevenv/public_html/daliyhisab/server/20/lib/node_modules/mysql/lib/protocol/Protocol.js:398:10)
    at Protocol.handleParserError (/home/appzetoa/nodevenv/public_html/daliyhisab/server/20/lib/node_modules/mysql/lib/protocol/Protocol.js:380:10)
    at Parser._tryReadPacketHeader (/home/appzetoa/nodevenv/public_html/daliyhisab/server/20/lib/node_modules/mysql/lib/protocol/Parser.js:478:10)
    at Parser.write (/home/appzetoa/nodevenv/public_html/daliyhisab/server/20/lib/node_modules/mysql/lib/protocol/Parser.js:33:29)
    [... lines matching original stack trace ...]
    at Socket.<anonymous> (/home/appzetoa/nodevenv/public_html/daliyhisab/server/20/lib/node_modules/mysql/lib/Connection.js:526:10) {
  code: 'PROTOCOL_PACKETS_OUT_OF_ORDER',
  fatal: true
}

Node.js v20.19.3
node:events:502
      throw er; // Unhandled 'error' event
      ^

Error: Packets out of order. Got: 0 Expected: 11
    at Parser._tryReadPacketHeader (/home/appzetoa/nodevenv/public_html/daliyhisab/server/20/lib/node_modules/mysql/lib/protocol/Parser.js:470:15)
    at Parser.write (/home/appzetoa/nodevenv/public_html/daliyhisab/server/20/lib/node_modules/mysql/lib/protocol/Parser.js:33:29)
    at Protocol.write (/home/appzetoa/nodevenv/public_html/daliyhisab/server/20/lib/node_modules/mysql/lib/protocol/Protocol.js:38:16)
    at Socket.<anonymous> (/home/appzetoa/nodevenv/public_html/daliyhisab/server/20/lib/node_modules/mysql/lib/Connection.js:88:28)
    at Socket.<anonymous> (/home/appzetoa/nodevenv/public_html/daliyhisab/server/20/lib/node_modules/mysql/lib/Connection.js:526:10)
    at Socket.emit (node:events:524:28)
    at Socket.emit (node:domain:489:12)
    at addChunk (node:internal/streams/readable:561:12)
    at readableAddChunkPushByteMode (node:internal/streams/readable:512:3)
    at Readable.push (node:internal/streams/readable:392:5)
Emitted 'error' event on Connection instance at:
    at Connection._handleProtocolError (/home/appzetoa/nodevenv/public_html/daliyhisab/server/20/lib/node_modules/mysql/lib/Connection.js:423:8)
    at Protocol.emit (node:events:524:28)
    at Protocol.emit (node:domain:489:12)
    at Protocol._delegateError (/home/appzetoa/nodevenv/public_html/daliyhisab/server/20/lib/node_modules/mysql/lib/protocol/Protocol.js:398:10)
    at Protocol.handleParserError (/home/appzetoa/nodevenv/public_html/daliyhisab/server/20/lib/node_modules/mysql/lib/protocol/Protocol.js:380:10)
    at Parser._tryReadPacketHeader (/home/appzetoa/nodevenv/public_html/daliyhisab/server/20/lib/node_modules/mysql/lib/protocol/Parser.js:478:10)
    at Parser.write (/home/appzetoa/nodevenv/public_html/daliyhisab/server/20/lib/node_modules/mysql/lib/protocol/Parser.js:33:29)
    [... lines matching original stack trace ...]
    at Socket.<anonymous> (/home/appzetoa/nodevenv/public_html/daliyhisab/server/20/lib/node_modules/mysql/lib/Connection.js:526:10) {
  code: 'PROTOCOL_PACKETS_OUT_OF_ORDER',
  fatal: true
}

Node.js v20.19.3
node:events:502
      throw er; // Unhandled 'error' event
      ^

Error: Packets out of order. Got: 0 Expected: 37
    at Parser._tryReadPacketHeader (/home/appzetoa/nodevenv/public_html/daliyhisab/server/20/lib/node_modules/mysql/lib/protocol/Parser.js:470:15)
    at Parser.write (/home/appzetoa/nodevenv/public_html/daliyhisab/server/20/lib/node_modules/mysql/lib/protocol/Parser.js:33:29)
    at Protocol.write (/home/appzetoa/nodevenv/public_html/daliyhisab/server/20/lib/node_modules/mysql/lib/protocol/Protocol.js:38:16)
    at Socket.<anonymous> (/home/appzetoa/nodevenv/public_html/daliyhisab/server/20/lib/node_modules/mysql/lib/Connection.js:88:28)
    at Socket.<anonymous> (/home/appzetoa/nodevenv/public_html/daliyhisab/server/20/lib/node_modules/mysql/lib/Connection.js:526:10)
    at Socket.emit (node:events:524:28)
    at Socket.emit (node:domain:489:12)
    at addChunk (node:internal/streams/readable:561:12)
    at readableAddChunkPushByteMode (node:internal/streams/readable:512:3)
    at Readable.push (node:internal/streams/readable:392:5)
Emitted 'error' event on Connection instance at:
    at Connection._handleProtocolError (/home/appzetoa/nodevenv/public_html/daliyhisab/server/20/lib/node_modules/mysql/lib/Connection.js:423:8)
    at Protocol.emit (node:events:524:28)
    at Protocol.emit (node:domain:489:12)
    at Protocol._delegateError (/home/appzetoa/nodevenv/public_html/daliyhisab/server/20/lib/node_modules/mysql/lib/protocol/Protocol.js:398:10)
    at Protocol.handleParserError (/home/appzetoa/nodevenv/public_html/daliyhisab/server/20/lib/node_modules/mysql/lib/protocol/Protocol.js:380:10)
    at Parser._tryReadPacketHeader (/home/appzetoa/nodevenv/public_html/daliyhisab/server/20/lib/node_modules/mysql/lib/protocol/Parser.js:478:10)
    at Parser.write (/home/appzetoa/nodevenv/public_html/daliyhisab/server/20/lib/node_modules/mysql/lib/protocol/Parser.js:33:29)
    [... lines matching original stack trace ...]
    at Socket.<anonymous> (/home/appzetoa/nodevenv/public_html/daliyhisab/server/20/lib/node_modules/mysql/lib/Connection.js:526:10) {
  code: 'PROTOCOL_PACKETS_OUT_OF_ORDER',
  fatal: true
}

Node.js v20.19.3
file:///home/appzetoa/public_html/daliyhisab/server/router/router.js:41
router.post("/add_expense_income_udhari",upload.field([{ name: "image" }, { name: "audio" }]),verifyToken,addExpenseIncomeUdhari);
                                                ^

TypeError: upload.field is not a function
    at file:///home/appzetoa/public_html/daliyhisab/server/router/router.js:41:49
    at ModuleJobSync.runSync (node:internal/modules/esm/module_job:387:35)
    at ModuleLoader.importSyncForRequire (node:internal/modules/esm/loader:323:47)
    at loadESMFromCJS (node:internal/modules/cjs/loader:1371:24)
    at Module._compile (node:internal/modules/cjs/loader:1511:5)
    at Module._extensions..js (node:internal/modules/cjs/loader:1572:16)
    at Module.load (node:internal/modules/cjs/loader:1275:32)
    at Module._load (node:internal/modules/cjs/loader:1096:12)
    at Module.require (node:internal/modules/cjs/loader:1298:19)
    at require (node:internal/modules/helpers:182:18)

Node.js v20.19.3
file:///home/appzetoa/public_html/daliyhisab/server/router/router.js:41
router.post("/add_expense_income_udhari",upload.field([{ name: "image" }, { name: "audio" }]),verifyToken,addExpenseIncomeUdhari);
                                                ^

TypeError: upload.field is not a function
    at file:///home/appzetoa/public_html/daliyhisab/server/router/router.js:41:49
    at ModuleJobSync.runSync (node:internal/modules/esm/module_job:387:35)
    at ModuleLoader.importSyncForRequire (node:internal/modules/esm/loader:323:47)
    at loadESMFromCJS (node:internal/modules/cjs/loader:1371:24)
    at Module._compile (node:internal/modules/cjs/loader:1511:5)
    at Module._extensions..js (node:internal/modules/cjs/loader:1572:16)
    at Module.load (node:internal/modules/cjs/loader:1275:32)
    at Module._load (node:internal/modules/cjs/loader:1096:12)
    at Module.require (node:internal/modules/cjs/loader:1298:19)
    at require (node:internal/modules/helpers:182:18)

Node.js v20.19.3
file:///home/appzetoa/public_html/daliyhisab/server/router/router.js:41
router.post("/add_expense_income_udhari",upload.field([{ name: "image" }, { name: "audio" }]),verifyToken,addExpenseIncomeUdhari);
                                                ^

TypeError: upload.field is not a function
    at file:///home/appzetoa/public_html/daliyhisab/server/router/router.js:41:49
    at ModuleJobSync.runSync (node:internal/modules/esm/module_job:387:35)
    at ModuleLoader.importSyncForRequire (node:internal/modules/esm/loader:323:47)
    at loadESMFromCJS (node:internal/modules/cjs/loader:1371:24)
    at Module._compile (node:internal/modules/cjs/loader:1511:5)
    at Module._extensions..js (node:internal/modules/cjs/loader:1572:16)
    at Module.load (node:internal/modules/cjs/loader:1275:32)
    at Module._load (node:internal/modules/cjs/loader:1096:12)
    at Module.require (node:internal/modules/cjs/loader:1298:19)
    at require (node:internal/modules/helpers:182:18)

Node.js v20.19.3
file:///home/appzetoa/public_html/daliyhisab/server/router/router.js:41
router.post("/add_expense_income_udhari",upload.field([{ name: "image" }, { name: "audio" }]),verifyToken,addExpenseIncomeUdhari);
                                                ^

TypeError: upload.field is not a function
    at file:///home/appzetoa/public_html/daliyhisab/server/router/router.js:41:49
    at ModuleJobSync.runSync (node:internal/modules/esm/module_job:387:35)
    at ModuleLoader.importSyncForRequire (node:internal/modules/esm/loader:323:47)
    at loadESMFromCJS (node:internal/modules/cjs/loader:1371:24)
    at Module._compile (node:internal/modules/cjs/loader:1511:5)
    at Module._extensions..js (node:internal/modules/cjs/loader:1572:16)
    at Module.load (node:internal/modules/cjs/loader:1275:32)
    at Module._load (node:internal/modules/cjs/loader:1096:12)
    at Module.require (node:internal/modules/cjs/loader:1298:19)
    at require (node:internal/modules/helpers:182:18)

Node.js v20.19.3
file:///home/appzetoa/public_html/daliyhisab/server/router/router.js:41
router.post("/add_expense_income_udhari",upload.field([{ name: "image" }, { name: "audio" }]),verifyToken,addExpenseIncomeUdhari);
                                                ^

TypeError: upload.field is not a function
    at file:///home/appzetoa/public_html/daliyhisab/server/router/router.js:41:49
    at ModuleJobSync.runSync (node:internal/modules/esm/module_job:387:35)
    at ModuleLoader.importSyncForRequire (node:internal/modules/esm/loader:323:47)
    at loadESMFromCJS (node:internal/modules/cjs/loader:1371:24)
    at Module._compile (node:internal/modules/cjs/loader:1511:5)
    at Module._extensions..js (node:internal/modules/cjs/loader:1572:16)
    at Module.load (node:internal/modules/cjs/loader:1275:32)
    at Module._load (node:internal/modules/cjs/loader:1096:12)
    at Module.require (node:internal/modules/cjs/loader:1298:19)
    at require (node:internal/modules/helpers:182:18)

Node.js v20.19.3
file:///home/appzetoa/public_html/daliyhisab/server/router/router.js:41
router.post("/add_expense_income_udhari",upload.field([{ name: "image" }, { name: "audio" }]),verifyToken,addExpenseIncomeUdhari);
                                                ^

TypeError: upload.field is not a function
    at file:///home/appzetoa/public_html/daliyhisab/server/router/router.js:41:49
    at ModuleJobSync.runSync (node:internal/modules/esm/module_job:387:35)
    at ModuleLoader.importSyncForRequire (node:internal/modules/esm/loader:323:47)
    at loadESMFromCJS (node:internal/modules/cjs/loader:1371:24)
    at Module._compile (node:internal/modules/cjs/loader:1511:5)
    at Module._extensions..js (node:internal/modules/cjs/loader:1572:16)
    at Module.load (node:internal/modules/cjs/loader:1275:32)
    at Module._load (node:internal/modules/cjs/loader:1096:12)
    at Module.require (node:internal/modules/cjs/loader:1298:19)
    at require (node:internal/modules/helpers:182:18)

Node.js v20.19.3
file:///home/appzetoa/public_html/daliyhisab/server/router/router.js:41
router.post("/add_expense_income_udhari",upload.field([{ name: "image" }, { name: "audio" }]),verifyToken,addExpenseIncomeUdhari);
                                                ^

TypeError: upload.field is not a function
    at file:///home/appzetoa/public_html/daliyhisab/server/router/router.js:41:49
    at ModuleJobSync.runSync (node:internal/modules/esm/module_job:387:35)
    at ModuleLoader.importSyncForRequire (node:internal/modules/esm/loader:323:47)
    at loadESMFromCJS (node:internal/modules/cjs/loader:1371:24)
    at Module._compile (node:internal/modules/cjs/loader:1511:5)
    at Module._extensions..js (node:internal/modules/cjs/loader:1572:16)
    at Module.load (node:internal/modules/cjs/loader:1275:32)
    at Module._load (node:internal/modules/cjs/loader:1096:12)
    at Module.require (node:internal/modules/cjs/loader:1298:19)
    at require (node:internal/modules/helpers:182:18)

Node.js v20.19.3
file:///home/appzetoa/public_html/daliyhisab/server/router/router.js:41
router.post("/add_expense_income_udhari",upload.field([{ name: "image" }, { name: "audio" }]),verifyToken,addExpenseIncomeUdhari);
                                                ^

TypeError: upload.field is not a function
    at file:///home/appzetoa/public_html/daliyhisab/server/router/router.js:41:49
    at ModuleJobSync.runSync (node:internal/modules/esm/module_job:387:35)
    at ModuleLoader.importSyncForRequire (node:internal/modules/esm/loader:323:47)
    at loadESMFromCJS (node:internal/modules/cjs/loader:1371:24)
    at Module._compile (node:internal/modules/cjs/loader:1511:5)
    at Module._extensions..js (node:internal/modules/cjs/loader:1572:16)
    at Module.load (node:internal/modules/cjs/loader:1275:32)
    at Module._load (node:internal/modules/cjs/loader:1096:12)
    at Module.require (node:internal/modules/cjs/loader:1298:19)
    at require (node:internal/modules/helpers:182:18)

Node.js v20.19.3
file:///home/appzetoa/public_html/daliyhisab/server/router/router.js:41
router.post("/add_expense_income_udhari",upload.field([{ name: "image" }, { name: "audio" }]),verifyToken,addExpenseIncomeUdhari);
                                                ^

TypeError: upload.field is not a function
    at file:///home/appzetoa/public_html/daliyhisab/server/router/router.js:41:49
    at ModuleJobSync.runSync (node:internal/modules/esm/module_job:387:35)
    at ModuleLoader.importSyncForRequire (node:internal/modules/esm/loader:323:47)
    at loadESMFromCJS (node:internal/modules/cjs/loader:1371:24)
    at Module._compile (node:internal/modules/cjs/loader:1511:5)
    at Module._extensions..js (node:internal/modules/cjs/loader:1572:16)
    at Module.load (node:internal/modules/cjs/loader:1275:32)
    at Module._load (node:internal/modules/cjs/loader:1096:12)
    at Module.require (node:internal/modules/cjs/loader:1298:19)
    at require (node:internal/modules/helpers:182:18)

Node.js v20.19.3
file:///home/appzetoa/public_html/daliyhisab/server/router/router.js:41
router.post("/add_expense_income_udhari",upload.field([{ name: "image" }, { name: "audio" }]),verifyToken,addExpenseIncomeUdhari);
                                                ^

TypeError: upload.field is not a function
    at file:///home/appzetoa/public_html/daliyhisab/server/router/router.js:41:49
    at ModuleJobSync.runSync (node:internal/modules/esm/module_job:387:35)
    at ModuleLoader.importSyncForRequire (node:internal/modules/esm/loader:323:47)
    at loadESMFromCJS (node:internal/modules/cjs/loader:1371:24)
    at Module._compile (node:internal/modules/cjs/loader:1511:5)
    at Module._extensions..js (node:internal/modules/cjs/loader:1572:16)
    at Module.load (node:internal/modules/cjs/loader:1275:32)
    at Module._load (node:internal/modules/cjs/loader:1096:12)
    at Module.require (node:internal/modules/cjs/loader:1298:19)
    at require (node:internal/modules/helpers:182:18)

Node.js v20.19.3
file:///home/appzetoa/public_html/daliyhisab/server/router/router.js:41
router.post("/add_expense_income_udhari",upload.field([{ name: "image" }, { name: "audio" }]),verifyToken,addExpenseIncomeUdhari);
                                                ^

TypeError: upload.field is not a function
    at file:///home/appzetoa/public_html/daliyhisab/server/router/router.js:41:49
    at ModuleJobSync.runSync (node:internal/modules/esm/module_job:387:35)
    at ModuleLoader.importSyncForRequire (node:internal/modules/esm/loader:323:47)
    at loadESMFromCJS (node:internal/modules/cjs/loader:1371:24)
    at Module._compile (node:internal/modules/cjs/loader:1511:5)
    at Module._extensions..js (node:internal/modules/cjs/loader:1572:16)
    at Module.load (node:internal/modules/cjs/loader:1275:32)
    at Module._load (node:internal/modules/cjs/loader:1096:12)
    at Module.require (node:internal/modules/cjs/loader:1298:19)
    at require (node:internal/modules/helpers:182:18)

Node.js v20.19.3
file:///home/appzetoa/public_html/daliyhisab/server/router/router.js:41
router.post("/add_expense_income_udhari",upload.field([{ name: "image" }, { name: "audio" }]),verifyToken,addExpenseIncomeUdhari);
                                                ^

TypeError: upload.field is not a function
    at file:///home/appzetoa/public_html/daliyhisab/server/router/router.js:41:49
    at ModuleJobSync.runSync (node:internal/modules/esm/module_job:387:35)
    at ModuleLoader.importSyncForRequire (node:internal/modules/esm/loader:323:47)
    at loadESMFromCJS (node:internal/modules/cjs/loader:1371:24)
    at Module._compile (node:internal/modules/cjs/loader:1511:5)
    at Module._extensions..js (node:internal/modules/cjs/loader:1572:16)
    at Module.load (node:internal/modules/cjs/loader:1275:32)
    at Module._load (node:internal/modules/cjs/loader:1096:12)
    at Module.require (node:internal/modules/cjs/loader:1298:19)
    at require (node:internal/modules/helpers:182:18)

Node.js v20.19.3
file:///home/appzetoa/public_html/daliyhisab/server/router/router.js:41
router.post("/add_expense_income_udhari",upload.field([{ name: "image" }, { name: "audio" }]),verifyToken,addExpenseIncomeUdhari);
                                                ^

TypeError: upload.field is not a function
    at file:///home/appzetoa/public_html/daliyhisab/server/router/router.js:41:49
    at ModuleJobSync.runSync (node:internal/modules/esm/module_job:387:35)
    at ModuleLoader.importSyncForRequire (node:internal/modules/esm/loader:323:47)
    at loadESMFromCJS (node:internal/modules/cjs/loader:1371:24)
    at Module._compile (node:internal/modules/cjs/loader:1511:5)
    at Module._extensions..js (node:internal/modules/cjs/loader:1572:16)
    at Module.load (node:internal/modules/cjs/loader:1275:32)
    at Module._load (node:internal/modules/cjs/loader:1096:12)
    at Module.require (node:internal/modules/cjs/loader:1298:19)
    at require (node:internal/modules/helpers:182:18)

Node.js v20.19.3
node:events:502
      throw er; // Unhandled 'error' event
      ^

Error: Packets out of order. Got: 0 Expected: 11
    at Parser._tryReadPacketHeader (/home/appzetoa/nodevenv/public_html/daliyhisab/server/20/lib/node_modules/mysql/lib/protocol/Parser.js:470:15)
    at Parser.write (/home/appzetoa/nodevenv/public_html/daliyhisab/server/20/lib/node_modules/mysql/lib/protocol/Parser.js:33:29)
    at Protocol.write (/home/appzetoa/nodevenv/public_html/daliyhisab/server/20/lib/node_modules/mysql/lib/protocol/Protocol.js:38:16)
    at Socket.<anonymous> (/home/appzetoa/nodevenv/public_html/daliyhisab/server/20/lib/node_modules/mysql/lib/Connection.js:88:28)
    at Socket.<anonymous> (/home/appzetoa/nodevenv/public_html/daliyhisab/server/20/lib/node_modules/mysql/lib/Connection.js:526:10)
    at Socket.emit (node:events:524:28)
    at Socket.emit (node:domain:489:12)
    at addChunk (node:internal/streams/readable:561:12)
    at readableAddChunkPushByteMode (node:internal/streams/readable:512:3)
    at Readable.push (node:internal/streams/readable:392:5)
Emitted 'error' event on Connection instance at:
    at Connection._handleProtocolError (/home/appzetoa/nodevenv/public_html/daliyhisab/server/20/lib/node_modules/mysql/lib/Connection.js:423:8)
    at Protocol.emit (node:events:524:28)
    at Protocol.emit (node:domain:489:12)
    at Protocol._delegateError (/home/appzetoa/nodevenv/public_html/daliyhisab/server/20/lib/node_modules/mysql/lib/protocol/Protocol.js:398:10)
    at Protocol.handleParserError (/home/appzetoa/nodevenv/public_html/daliyhisab/server/20/lib/node_modules/mysql/lib/protocol/Protocol.js:380:10)
    at Parser._tryReadPacketHeader (/home/appzetoa/nodevenv/public_html/daliyhisab/server/20/lib/node_modules/mysql/lib/protocol/Parser.js:478:10)
    at Parser.write (/home/appzetoa/nodevenv/public_html/daliyhisab/server/20/lib/node_modules/mysql/lib/protocol/Parser.js:33:29)
    [... lines matching original stack trace ...]
    at Socket.<anonymous> (/home/appzetoa/nodevenv/public_html/daliyhisab/server/20/lib/node_modules/mysql/lib/Connection.js:526:10) {
  code: 'PROTOCOL_PACKETS_OUT_OF_ORDER',
  fatal: true
}

Node.js v20.19.3
node:internal/process/promises:389
      new UnhandledPromiseRejection(reason);
      ^

UnhandledPromiseRejection: This error originated either by throwing inside of an async function without a catch block, or by rejecting a promise which was not handled with .catch(). The promise rejected with the reason "ER_NO_SUCH_TABLE: Table 'appzetoa_daily_hisab.category_name' doesn't exist".
    at throwUnhandledRejectionsMode (node:internal/process/promises:389:7)
    at processPromiseRejections (node:internal/process/promises:470:17)
    at process.processTicksAndRejections (node:internal/process/task_queues:96:32) {
  code: 'ERR_UNHANDLED_REJECTION'
}

Node.js v20.19.3
node:internal/process/promises:389
      new UnhandledPromiseRejection(reason);
      ^

UnhandledPromiseRejection: This error originated either by throwing inside of an async function without a catch block, or by rejecting a promise which was not handled with .catch(). The promise rejected with the reason "ER_NO_SUCH_TABLE: Table 'appzetoa_daily_hisab.category_name' doesn't exist".
    at throwUnhandledRejectionsMode (node:internal/process/promises:389:7)
    at processPromiseRejections (node:internal/process/promises:470:17)
    at process.processTicksAndRejections (node:internal/process/task_queues:96:32) {
  code: 'ERR_UNHANDLED_REJECTION'
}

Node.js v20.19.3
node:internal/process/promises:389
      new UnhandledPromiseRejection(reason);
      ^

UnhandledPromiseRejection: This error originated either by throwing inside of an async function without a catch block, or by rejecting a promise which was not handled with .catch(). The promise rejected with the reason "ER_NO_SUCH_TABLE: Table 'appzetoa_daily_hisab.category_name' doesn't exist".
    at throwUnhandledRejectionsMode (node:internal/process/promises:389:7)
    at processPromiseRejections (node:internal/process/promises:470:17)
    at process.processTicksAndRejections (node:internal/process/task_queues:96:32) {
  code: 'ERR_UNHANDLED_REJECTION'
}

Node.js v20.19.3
node:internal/process/promises:389
      new UnhandledPromiseRejection(reason);
      ^

UnhandledPromiseRejection: This error originated either by throwing inside of an async function without a catch block, or by rejecting a promise which was not handled with .catch(). The promise rejected with the reason "ER_NO_SUCH_TABLE: Table 'appzetoa_daily_hisab.category_name' doesn't exist".
    at throwUnhandledRejectionsMode (node:internal/process/promises:389:7)
    at processPromiseRejections (node:internal/process/promises:470:17)
    at process.processTicksAndRejections (node:internal/process/task_queues:96:32) {
  code: 'ERR_UNHANDLED_REJECTION'
}

Node.js v20.19.3
node:internal/process/promises:389
      new UnhandledPromiseRejection(reason);
      ^

UnhandledPromiseRejection: This error originated either by throwing inside of an async function without a catch block, or by rejecting a promise which was not handled with .catch(). The promise rejected with the reason "ER_NO_SUCH_TABLE: Table 'appzetoa_daily_hisab.category_name' doesn't exist".
    at throwUnhandledRejectionsMode (node:internal/process/promises:389:7)
    at processPromiseRejections (node:internal/process/promises:470:17)
    at process.processTicksAndRejections (node:internal/process/task_queues:96:32) {
  code: 'ERR_UNHANDLED_REJECTION'
}

Node.js v20.19.3
node:internal/process/promises:389
      new UnhandledPromiseRejection(reason);
      ^

UnhandledPromiseRejection: This error originated either by throwing inside of an async function without a catch block, or by rejecting a promise which was not handled with .catch(). The promise rejected with the reason "ER_NO_SUCH_TABLE: Table 'appzetoa_daily_hisab.category_name' doesn't exist".
    at throwUnhandledRejectionsMode (node:internal/process/promises:389:7)
    at processPromiseRejections (node:internal/process/promises:470:17)
    at process.processTicksAndRejections (node:internal/process/task_queues:96:32) {
  code: 'ERR_UNHANDLED_REJECTION'
}

Node.js v20.19.3
node:internal/process/promises:389
      new UnhandledPromiseRejection(reason);
      ^

UnhandledPromiseRejection: This error originated either by throwing inside of an async function without a catch block, or by rejecting a promise which was not handled with .catch(). The promise rejected with the reason "ER_NO_SUCH_TABLE: Table 'appzetoa_daily_hisab.category_name' doesn't exist".
    at throwUnhandledRejectionsMode (node:internal/process/promises:389:7)
    at processPromiseRejections (node:internal/process/promises:470:17)
    at process.processTicksAndRejections (node:internal/process/task_queues:96:32) {
  code: 'ERR_UNHANDLED_REJECTION'
}

Node.js v20.19.3
node:internal/process/promises:389
      new UnhandledPromiseRejection(reason);
      ^

UnhandledPromiseRejection: This error originated either by throwing inside of an async function without a catch block, or by rejecting a promise which was not handled with .catch(). The promise rejected with the reason "ER_NO_SUCH_TABLE: Table 'appzetoa_daily_hisab.category_name' doesn't exist".
    at throwUnhandledRejectionsMode (node:internal/process/promises:389:7)
    at processPromiseRejections (node:internal/process/promises:470:17)
    at process.processTicksAndRejections (node:internal/process/task_queues:96:32) {
  code: 'ERR_UNHANDLED_REJECTION'
}

Node.js v20.19.3
node:internal/process/promises:389
      new UnhandledPromiseRejection(reason);
      ^

UnhandledPromiseRejection: This error originated either by throwing inside of an async function without a catch block, or by rejecting a promise which was not handled with .catch(). The promise rejected with the reason "ER_NO_SUCH_TABLE: Table 'appzetoa_daily_hisab.category_name' doesn't exist".
    at throwUnhandledRejectionsMode (node:internal/process/promises:389:7)
    at processPromiseRejections (node:internal/process/promises:470:17)
    at process.processTicksAndRejections (node:internal/process/task_queues:96:32) {
  code: 'ERR_UNHANDLED_REJECTION'
}

Node.js v20.19.3
node:internal/process/promises:389
      new UnhandledPromiseRejection(reason);
      ^

UnhandledPromiseRejection: This error originated either by throwing inside of an async function without a catch block, or by rejecting a promise which was not handled with .catch(). The promise rejected with the reason "ER_NO_SUCH_TABLE: Table 'appzetoa_daily_hisab.category_name' doesn't exist".
    at throwUnhandledRejectionsMode (node:internal/process/promises:389:7)
    at processPromiseRejections (node:internal/process/promises:470:17)
    at process.processTicksAndRejections (node:internal/process/task_queues:96:32) {
  code: 'ERR_UNHANDLED_REJECTION'
}

Node.js v20.19.3
node:events:502
      throw er; // Unhandled 'error' event
      ^

Error: Packets out of order. Got: 0 Expected: 15
    at Parser._tryReadPacketHeader (/home/appzetoa/nodevenv/public_html/daliyhisab/server/20/lib/node_modules/mysql/lib/protocol/Parser.js:470:15)
    at Parser.write (/home/appzetoa/nodevenv/public_html/daliyhisab/server/20/lib/node_modules/mysql/lib/protocol/Parser.js:33:29)
    at Protocol.write (/home/appzetoa/nodevenv/public_html/daliyhisab/server/20/lib/node_modules/mysql/lib/protocol/Protocol.js:38:16)
    at Socket.<anonymous> (/home/appzetoa/nodevenv/public_html/daliyhisab/server/20/lib/node_modules/mysql/lib/Connection.js:88:28)
    at Socket.<anonymous> (/home/appzetoa/nodevenv/public_html/daliyhisab/server/20/lib/node_modules/mysql/lib/Connection.js:526:10)
    at Socket.emit (node:events:524:28)
    at Socket.emit (node:domain:489:12)
    at addChunk (node:internal/streams/readable:561:12)
    at readableAddChunkPushByteMode (node:internal/streams/readable:512:3)
    at Readable.push (node:internal/streams/readable:392:5)
Emitted 'error' event on Connection instance at:
    at Connection._handleProtocolError (/home/appzetoa/nodevenv/public_html/daliyhisab/server/20/lib/node_modules/mysql/lib/Connection.js:423:8)
    at Protocol.emit (node:events:524:28)
    at Protocol.emit (node:domain:489:12)
    at Protocol._delegateError (/home/appzetoa/nodevenv/public_html/daliyhisab/server/20/lib/node_modules/mysql/lib/protocol/Protocol.js:398:10)
    at Protocol.handleParserError (/home/appzetoa/nodevenv/public_html/daliyhisab/server/20/lib/node_modules/mysql/lib/protocol/Protocol.js:380:10)
    at Parser._tryReadPacketHeader (/home/appzetoa/nodevenv/public_html/daliyhisab/server/20/lib/node_modules/mysql/lib/protocol/Parser.js:478:10)
    at Parser.write (/home/appzetoa/nodevenv/public_html/daliyhisab/server/20/lib/node_modules/mysql/lib/protocol/Parser.js:33:29)
    [... lines matching original stack trace ...]
    at Socket.<anonymous> (/home/appzetoa/nodevenv/public_html/daliyhisab/server/20/lib/node_modules/mysql/lib/Connection.js:526:10) {
  code: 'PROTOCOL_PACKETS_OUT_OF_ORDER',
  fatal: true
}

Node.js v20.19.3
node:events:502
      throw er; // Unhandled 'error' event
      ^

Error: Packets out of order. Got: 0 Expected: 2
    at Parser._tryReadPacketHeader (/home/appzetoa/nodevenv/public_html/daliyhisab/server/20/lib/node_modules/mysql/lib/protocol/Parser.js:470:15)
    at Parser.write (/home/appzetoa/nodevenv/public_html/daliyhisab/server/20/lib/node_modules/mysql/lib/protocol/Parser.js:33:29)
    at Protocol.write (/home/appzetoa/nodevenv/public_html/daliyhisab/server/20/lib/node_modules/mysql/lib/protocol/Protocol.js:38:16)
    at Socket.<anonymous> (/home/appzetoa/nodevenv/public_html/daliyhisab/server/20/lib/node_modules/mysql/lib/Connection.js:88:28)
    at Socket.<anonymous> (/home/appzetoa/nodevenv/public_html/daliyhisab/server/20/lib/node_modules/mysql/lib/Connection.js:526:10)
    at Socket.emit (node:events:524:28)
    at Socket.emit (node:domain:489:12)
    at addChunk (node:internal/streams/readable:561:12)
    at readableAddChunkPushByteMode (node:internal/streams/readable:512:3)
    at Readable.push (node:internal/streams/readable:392:5)
Emitted 'error' event on Connection instance at:
    at Connection._handleProtocolError (/home/appzetoa/nodevenv/public_html/daliyhisab/server/20/lib/node_modules/mysql/lib/Connection.js:423:8)
    at Protocol.emit (node:events:524:28)
    at Protocol.emit (node:domain:489:12)
    at Protocol._delegateError (/home/appzetoa/nodevenv/public_html/daliyhisab/server/20/lib/node_modules/mysql/lib/protocol/Protocol.js:398:10)
    at Protocol.handleParserError (/home/appzetoa/nodevenv/public_html/daliyhisab/server/20/lib/node_modules/mysql/lib/protocol/Protocol.js:380:10)
    at Parser._tryReadPacketHeader (/home/appzetoa/nodevenv/public_html/daliyhisab/server/20/lib/node_modules/mysql/lib/protocol/Parser.js:478:10)
    at Parser.write (/home/appzetoa/nodevenv/public_html/daliyhisab/server/20/lib/node_modules/mysql/lib/protocol/Parser.js:33:29)
    [... lines matching original stack trace ...]
    at Socket.<anonymous> (/home/appzetoa/nodevenv/public_html/daliyhisab/server/20/lib/node_modules/mysql/lib/Connection.js:526:10) {
  code: 'PROTOCOL_PACKETS_OUT_OF_ORDER',
  fatal: true
}

Node.js v20.19.3
node:events:502
      throw er; // Unhandled 'error' event
      ^

Error: Packets out of order. Got: 0 Expected: 14
    at Parser._tryReadPacketHeader (/home/appzetoa/nodevenv/public_html/daliyhisab/server/20/lib/node_modules/mysql/lib/protocol/Parser.js:470:15)
    at Parser.write (/home/appzetoa/nodevenv/public_html/daliyhisab/server/20/lib/node_modules/mysql/lib/protocol/Parser.js:33:29)
    at Protocol.write (/home/appzetoa/nodevenv/public_html/daliyhisab/server/20/lib/node_modules/mysql/lib/protocol/Protocol.js:38:16)
    at Socket.<anonymous> (/home/appzetoa/nodevenv/public_html/daliyhisab/server/20/lib/node_modules/mysql/lib/Connection.js:88:28)
    at Socket.<anonymous> (/home/appzetoa/nodevenv/public_html/daliyhisab/server/20/lib/node_modules/mysql/lib/Connection.js:526:10)
    at Socket.emit (node:events:524:28)
    at Socket.emit (node:domain:489:12)
    at addChunk (node:internal/streams/readable:561:12)
    at readableAddChunkPushByteMode (node:internal/streams/readable:512:3)
    at Readable.push (node:internal/streams/readable:392:5)
Emitted 'error' event on Connection instance at:
    at Connection._handleProtocolError (/home/appzetoa/nodevenv/public_html/daliyhisab/server/20/lib/node_modules/mysql/lib/Connection.js:423:8)
    at Protocol.emit (node:events:524:28)
    at Protocol.emit (node:domain:489:12)
    at Protocol._delegateError (/home/appzetoa/nodevenv/public_html/daliyhisab/server/20/lib/node_modules/mysql/lib/protocol/Protocol.js:398:10)
    at Protocol.handleParserError (/home/appzetoa/nodevenv/public_html/daliyhisab/server/20/lib/node_modules/mysql/lib/protocol/Protocol.js:380:10)
    at Parser._tryReadPacketHeader (/home/appzetoa/nodevenv/public_html/daliyhisab/server/20/lib/node_modules/mysql/lib/protocol/Parser.js:478:10)
    at Parser.write (/home/appzetoa/nodevenv/public_html/daliyhisab/server/20/lib/node_modules/mysql/lib/protocol/Parser.js:33:29)
    [... lines matching original stack trace ...]
    at Socket.<anonymous> (/home/appzetoa/nodevenv/public_html/daliyhisab/server/20/lib/node_modules/mysql/lib/Connection.js:526:10) {
  code: 'PROTOCOL_PACKETS_OUT_OF_ORDER',
  fatal: true
}

Node.js v20.19.3
node:events:502
      throw er; // Unhandled 'error' event
      ^

Error: Packets out of order. Got: 0 Expected: 2
    at Parser._tryReadPacketHeader (/home/appzetoa/nodevenv/public_html/daliyhisab/server/20/lib/node_modules/mysql/lib/protocol/Parser.js:470:15)
    at Parser.write (/home/appzetoa/nodevenv/public_html/daliyhisab/server/20/lib/node_modules/mysql/lib/protocol/Parser.js:33:29)
    at Protocol.write (/home/appzetoa/nodevenv/public_html/daliyhisab/server/20/lib/node_modules/mysql/lib/protocol/Protocol.js:38:16)
    at Socket.<anonymous> (/home/appzetoa/nodevenv/public_html/daliyhisab/server/20/lib/node_modules/mysql/lib/Connection.js:88:28)
    at Socket.<anonymous> (/home/appzetoa/nodevenv/public_html/daliyhisab/server/20/lib/node_modules/mysql/lib/Connection.js:526:10)
    at Socket.emit (node:events:524:28)
    at Socket.emit (node:domain:489:12)
    at addChunk (node:internal/streams/readable:561:12)
    at readableAddChunkPushByteMode (node:internal/streams/readable:512:3)
    at Readable.push (node:internal/streams/readable:392:5)
Emitted 'error' event on Connection instance at:
    at Connection._handleProtocolError (/home/appzetoa/nodevenv/public_html/daliyhisab/server/20/lib/node_modules/mysql/lib/Connection.js:423:8)
    at Protocol.emit (node:events:524:28)
    at Protocol.emit (node:domain:489:12)
    at Protocol._delegateError (/home/appzetoa/nodevenv/public_html/daliyhisab/server/20/lib/node_modules/mysql/lib/protocol/Protocol.js:398:10)
    at Protocol.handleParserError (/home/appzetoa/nodevenv/public_html/daliyhisab/server/20/lib/node_modules/mysql/lib/protocol/Protocol.js:380:10)
    at Parser._tryReadPacketHeader (/home/appzetoa/nodevenv/public_html/daliyhisab/server/20/lib/node_modules/mysql/lib/protocol/Parser.js:478:10)
    at Parser.write (/home/appzetoa/nodevenv/public_html/daliyhisab/server/20/lib/node_modules/mysql/lib/protocol/Parser.js:33:29)
    [... lines matching original stack trace ...]
    at Socket.<anonymous> (/home/appzetoa/nodevenv/public_html/daliyhisab/server/20/lib/node_modules/mysql/lib/Connection.js:526:10) {
  code: 'PROTOCOL_PACKETS_OUT_OF_ORDER',
  fatal: true
}

Node.js v20.19.3
node:events:502
      throw er; // Unhandled 'error' event
      ^

Error: Packets out of order. Got: 0 Expected: 2
    at Parser._tryReadPacketHeader (/home/appzetoa/nodevenv/public_html/daliyhisab/server/20/lib/node_modules/mysql/lib/protocol/Parser.js:470:15)
    at Parser.write (/home/appzetoa/nodevenv/public_html/daliyhisab/server/20/lib/node_modules/mysql/lib/protocol/Parser.js:33:29)
    at Protocol.write (/home/appzetoa/nodevenv/public_html/daliyhisab/server/20/lib/node_modules/mysql/lib/protocol/Protocol.js:38:16)
    at Socket.<anonymous> (/home/appzetoa/nodevenv/public_html/daliyhisab/server/20/lib/node_modules/mysql/lib/Connection.js:88:28)
    at Socket.<anonymous> (/home/appzetoa/nodevenv/public_html/daliyhisab/server/20/lib/node_modules/mysql/lib/Connection.js:526:10)
    at Socket.emit (node:events:524:28)
    at Socket.emit (node:domain:489:12)
    at addChunk (node:internal/streams/readable:561:12)
    at readableAddChunkPushByteMode (node:internal/streams/readable:512:3)
    at Readable.push (node:internal/streams/readable:392:5)
Emitted 'error' event on Connection instance at:
    at Connection._handleProtocolError (/home/appzetoa/nodevenv/public_html/daliyhisab/server/20/lib/node_modules/mysql/lib/Connection.js:423:8)
    at Protocol.emit (node:events:524:28)
    at Protocol.emit (node:domain:489:12)
    at Protocol._delegateError (/home/appzetoa/nodevenv/public_html/daliyhisab/server/20/lib/node_modules/mysql/lib/protocol/Protocol.js:398:10)
    at Protocol.handleParserError (/home/appzetoa/nodevenv/public_html/daliyhisab/server/20/lib/node_modules/mysql/lib/protocol/Protocol.js:380:10)
    at Parser._tryReadPacketHeader (/home/appzetoa/nodevenv/public_html/daliyhisab/server/20/lib/node_modules/mysql/lib/protocol/Parser.js:478:10)
    at Parser.write (/home/appzetoa/nodevenv/public_html/daliyhisab/server/20/lib/node_modules/mysql/lib/protocol/Parser.js:33:29)
    [... lines matching original stack trace ...]
    at Socket.<anonymous> (/home/appzetoa/nodevenv/public_html/daliyhisab/server/20/lib/node_modules/mysql/lib/Connection.js:526:10) {
  code: 'PROTOCOL_PACKETS_OUT_OF_ORDER',
  fatal: true
}

Node.js v20.19.3
node:events:502
      throw er; // Unhandled 'error' event
      ^

Error: Packets out of order. Got: 0 Expected: 11
    at Parser._tryReadPacketHeader (/home/appzetoa/nodevenv/public_html/daliyhisab/server/20/lib/node_modules/mysql/lib/protocol/Parser.js:470:15)
    at Parser.write (/home/appzetoa/nodevenv/public_html/daliyhisab/server/20/lib/node_modules/mysql/lib/protocol/Parser.js:33:29)
    at Protocol.write (/home/appzetoa/nodevenv/public_html/daliyhisab/server/20/lib/node_modules/mysql/lib/protocol/Protocol.js:38:16)
    at Socket.<anonymous> (/home/appzetoa/nodevenv/public_html/daliyhisab/server/20/lib/node_modules/mysql/lib/Connection.js:88:28)
    at Socket.<anonymous> (/home/appzetoa/nodevenv/public_html/daliyhisab/server/20/lib/node_modules/mysql/lib/Connection.js:526:10)
    at Socket.emit (node:events:524:28)
    at Socket.emit (node:domain:489:12)
    at addChunk (node:internal/streams/readable:561:12)
    at readableAddChunkPushByteMode (node:internal/streams/readable:512:3)
    at Readable.push (node:internal/streams/readable:392:5)
Emitted 'error' event on Connection instance at:
    at Connection._handleProtocolError (/home/appzetoa/nodevenv/public_html/daliyhisab/server/20/lib/node_modules/mysql/lib/Connection.js:423:8)
    at Protocol.emit (node:events:524:28)
    at Protocol.emit (node:domain:489:12)
    at Protocol._delegateError (/home/appzetoa/nodevenv/public_html/daliyhisab/server/20/lib/node_modules/mysql/lib/protocol/Protocol.js:398:10)
    at Protocol.handleParserError (/home/appzetoa/nodevenv/public_html/daliyhisab/server/20/lib/node_modules/mysql/lib/protocol/Protocol.js:380:10)
    at Parser._tryReadPacketHeader (/home/appzetoa/nodevenv/public_html/daliyhisab/server/20/lib/node_modules/mysql/lib/protocol/Parser.js:478:10)
    at Parser.write (/home/appzetoa/nodevenv/public_html/daliyhisab/server/20/lib/node_modules/mysql/lib/protocol/Parser.js:33:29)
    [... lines matching original stack trace ...]
    at Socket.<anonymous> (/home/appzetoa/nodevenv/public_html/daliyhisab/server/20/lib/node_modules/mysql/lib/Connection.js:526:10) {
  code: 'PROTOCOL_PACKETS_OUT_OF_ORDER',
  fatal: true
}

Node.js v20.19.3
node:events:502
      throw er; // Unhandled 'error' event
      ^

Error: Packets out of order. Got: 0 Expected: 6
    at Parser._tryReadPacketHeader (/home/appzetoa/nodevenv/public_html/daliyhisab/server/20/lib/node_modules/mysql/lib/protocol/Parser.js:470:15)
    at Parser.write (/home/appzetoa/nodevenv/public_html/daliyhisab/server/20/lib/node_modules/mysql/lib/protocol/Parser.js:33:29)
    at Protocol.write (/home/appzetoa/nodevenv/public_html/daliyhisab/server/20/lib/node_modules/mysql/lib/protocol/Protocol.js:38:16)
    at Socket.<anonymous> (/home/appzetoa/nodevenv/public_html/daliyhisab/server/20/lib/node_modules/mysql/lib/Connection.js:88:28)
    at Socket.<anonymous> (/home/appzetoa/nodevenv/public_html/daliyhisab/server/20/lib/node_modules/mysql/lib/Connection.js:526:10)
    at Socket.emit (node:events:524:28)
    at Socket.emit (node:domain:489:12)
    at addChunk (node:internal/streams/readable:561:12)
    at readableAddChunkPushByteMode (node:internal/streams/readable:512:3)
    at Readable.push (node:internal/streams/readable:392:5)
Emitted 'error' event on Connection instance at:
    at Connection._handleProtocolError (/home/appzetoa/nodevenv/public_html/daliyhisab/server/20/lib/node_modules/mysql/lib/Connection.js:423:8)
    at Protocol.emit (node:events:524:28)
    at Protocol.emit (node:domain:489:12)
    at Protocol._delegateError (/home/appzetoa/nodevenv/public_html/daliyhisab/server/20/lib/node_modules/mysql/lib/protocol/Protocol.js:398:10)
    at Protocol.handleParserError (/home/appzetoa/nodevenv/public_html/daliyhisab/server/20/lib/node_modules/mysql/lib/protocol/Protocol.js:380:10)
    at Parser._tryReadPacketHeader (/home/appzetoa/nodevenv/public_html/daliyhisab/server/20/lib/node_modules/mysql/lib/protocol/Parser.js:478:10)
    at Parser.write (/home/appzetoa/nodevenv/public_html/daliyhisab/server/20/lib/node_modules/mysql/lib/protocol/Parser.js:33:29)
    [... lines matching original stack trace ...]
    at Socket.<anonymous> (/home/appzetoa/nodevenv/public_html/daliyhisab/server/20/lib/node_modules/mysql/lib/Connection.js:526:10) {
  code: 'PROTOCOL_PACKETS_OUT_OF_ORDER',
  fatal: true
}

Node.js v20.19.3
node:events:502
      throw er; // Unhandled 'error' event
      ^

Error: Packets out of order. Got: 0 Expected: 3
    at Parser._tryReadPacketHeader (/home/appzetoa/nodevenv/public_html/daliyhisab/server/20/lib/node_modules/mysql/lib/protocol/Parser.js:470:15)
    at Parser.write (/home/appzetoa/nodevenv/public_html/daliyhisab/server/20/lib/node_modules/mysql/lib/protocol/Parser.js:33:29)
    at Protocol.write (/home/appzetoa/nodevenv/public_html/daliyhisab/server/20/lib/node_modules/mysql/lib/protocol/Protocol.js:38:16)
    at Socket.<anonymous> (/home/appzetoa/nodevenv/public_html/daliyhisab/server/20/lib/node_modules/mysql/lib/Connection.js:88:28)
    at Socket.<anonymous> (/home/appzetoa/nodevenv/public_html/daliyhisab/server/20/lib/node_modules/mysql/lib/Connection.js:526:10)
    at Socket.emit (node:events:524:28)
    at Socket.emit (node:domain:489:12)
    at addChunk (node:internal/streams/readable:561:12)
    at readableAddChunkPushByteMode (node:internal/streams/readable:512:3)
    at Readable.push (node:internal/streams/readable:392:5)
Emitted 'error' event on Connection instance at:
    at Connection._handleProtocolError (/home/appzetoa/nodevenv/public_html/daliyhisab/server/20/lib/node_modules/mysql/lib/Connection.js:423:8)
    at Protocol.emit (node:events:524:28)
    at Protocol.emit (node:domain:489:12)
    at Protocol._delegateError (/home/appzetoa/nodevenv/public_html/daliyhisab/server/20/lib/node_modules/mysql/lib/protocol/Protocol.js:398:10)
    at Protocol.handleParserError (/home/appzetoa/nodevenv/public_html/daliyhisab/server/20/lib/node_modules/mysql/lib/protocol/Protocol.js:380:10)
    at Parser._tryReadPacketHeader (/home/appzetoa/nodevenv/public_html/daliyhisab/server/20/lib/node_modules/mysql/lib/protocol/Parser.js:478:10)
    at Parser.write (/home/appzetoa/nodevenv/public_html/daliyhisab/server/20/lib/node_modules/mysql/lib/protocol/Parser.js:33:29)
    [... lines matching original stack trace ...]
    at Socket.<anonymous> (/home/appzetoa/nodevenv/public_html/daliyhisab/server/20/lib/node_modules/mysql/lib/Connection.js:526:10) {
  code: 'PROTOCOL_PACKETS_OUT_OF_ORDER',
  fatal: true
}

Node.js v20.19.3
node:events:502
      throw er; // Unhandled 'error' event
      ^

Error: Packets out of order. Got: 0 Expected: 3
    at Parser._tryReadPacketHeader (/home/appzetoa/nodevenv/public_html/daliyhisab/server/20/lib/node_modules/mysql/lib/protocol/Parser.js:470:15)
    at Parser.write (/home/appzetoa/nodevenv/public_html/daliyhisab/server/20/lib/node_modules/mysql/lib/protocol/Parser.js:33:29)
    at Protocol.write (/home/appzetoa/nodevenv/public_html/daliyhisab/server/20/lib/node_modules/mysql/lib/protocol/Protocol.js:38:16)
    at Socket.<anonymous> (/home/appzetoa/nodevenv/public_html/daliyhisab/server/20/lib/node_modules/mysql/lib/Connection.js:88:28)
    at Socket.<anonymous> (/home/appzetoa/nodevenv/public_html/daliyhisab/server/20/lib/node_modules/mysql/lib/Connection.js:526:10)
    at Socket.emit (node:events:524:28)
    at Socket.emit (node:domain:489:12)
    at addChunk (node:internal/streams/readable:561:12)
    at readableAddChunkPushByteMode (node:internal/streams/readable:512:3)
    at Readable.push (node:internal/streams/readable:392:5)
Emitted 'error' event on Connection instance at:
    at Connection._handleProtocolError (/home/appzetoa/nodevenv/public_html/daliyhisab/server/20/lib/node_modules/mysql/lib/Connection.js:423:8)
    at Protocol.emit (node:events:524:28)
    at Protocol.emit (node:domain:489:12)
    at Protocol._delegateError (/home/appzetoa/nodevenv/public_html/daliyhisab/server/20/lib/node_modules/mysql/lib/protocol/Protocol.js:398:10)
    at Protocol.handleParserError (/home/appzetoa/nodevenv/public_html/daliyhisab/server/20/lib/node_modules/mysql/lib/protocol/Protocol.js:380:10)
    at Parser._tryReadPacketHeader (/home/appzetoa/nodevenv/public_html/daliyhisab/server/20/lib/node_modules/mysql/lib/protocol/Parser.js:478:10)
    at Parser.write (/home/appzetoa/nodevenv/public_html/daliyhisab/server/20/lib/node_modules/mysql/lib/protocol/Parser.js:33:29)
    [... lines matching original stack trace ...]
    at Socket.<anonymous> (/home/appzetoa/nodevenv/public_html/daliyhisab/server/20/lib/node_modules/mysql/lib/Connection.js:526:10) {
  code: 'PROTOCOL_PACKETS_OUT_OF_ORDER',
  fatal: true
}

Node.js v20.19.3
node:events:502
      throw er; // Unhandled 'error' event
      ^

Error: Packets out of order. Got: 0 Expected: 3
    at Parser._tryReadPacketHeader (/home/appzetoa/nodevenv/public_html/daliyhisab/server/20/lib/node_modules/mysql/lib/protocol/Parser.js:470:15)
    at Parser.write (/home/appzetoa/nodevenv/public_html/daliyhisab/server/20/lib/node_modules/mysql/lib/protocol/Parser.js:33:29)
    at Protocol.write (/home/appzetoa/nodevenv/public_html/daliyhisab/server/20/lib/node_modules/mysql/lib/protocol/Protocol.js:38:16)
    at Socket.<anonymous> (/home/appzetoa/nodevenv/public_html/daliyhisab/server/20/lib/node_modules/mysql/lib/Connection.js:88:28)
    at Socket.<anonymous> (/home/appzetoa/nodevenv/public_html/daliyhisab/server/20/lib/node_modules/mysql/lib/Connection.js:526:10)
    at Socket.emit (node:events:524:28)
    at Socket.emit (node:domain:489:12)
    at addChunk (node:internal/streams/readable:561:12)
    at readableAddChunkPushByteMode (node:internal/streams/readable:512:3)
    at Readable.push (node:internal/streams/readable:392:5)
Emitted 'error' event on Connection instance at:
    at Connection._handleProtocolError (/home/appzetoa/nodevenv/public_html/daliyhisab/server/20/lib/node_modules/mysql/lib/Connection.js:423:8)
    at Protocol.emit (node:events:524:28)
    at Protocol.emit (node:domain:489:12)
    at Protocol._delegateError (/home/appzetoa/nodevenv/public_html/daliyhisab/server/20/lib/node_modules/mysql/lib/protocol/Protocol.js:398:10)
    at Protocol.handleParserError (/home/appzetoa/nodevenv/public_html/daliyhisab/server/20/lib/node_modules/mysql/lib/protocol/Protocol.js:380:10)
    at Parser._tryReadPacketHeader (/home/appzetoa/nodevenv/public_html/daliyhisab/server/20/lib/node_modules/mysql/lib/protocol/Parser.js:478:10)
    at Parser.write (/home/appzetoa/nodevenv/public_html/daliyhisab/server/20/lib/node_modules/mysql/lib/protocol/Parser.js:33:29)
    [... lines matching original stack trace ...]
    at Socket.<anonymous> (/home/appzetoa/nodevenv/public_html/daliyhisab/server/20/lib/node_modules/mysql/lib/Connection.js:526:10) {
  code: 'PROTOCOL_PACKETS_OUT_OF_ORDER',
  fatal: true
}

Node.js v20.19.3
node:events:502
      throw er; // Unhandled 'error' event
      ^

Error: Packets out of order. Got: 0 Expected: 10
    at Parser._tryReadPacketHeader (/home/appzetoa/nodevenv/public_html/daliyhisab/server/20/lib/node_modules/mysql/lib/protocol/Parser.js:470:15)
    at Parser.write (/home/appzetoa/nodevenv/public_html/daliyhisab/server/20/lib/node_modules/mysql/lib/protocol/Parser.js:33:29)
    at Protocol.write (/home/appzetoa/nodevenv/public_html/daliyhisab/server/20/lib/node_modules/mysql/lib/protocol/Protocol.js:38:16)
    at Socket.<anonymous> (/home/appzetoa/nodevenv/public_html/daliyhisab/server/20/lib/node_modules/mysql/lib/Connection.js:88:28)
    at Socket.<anonymous> (/home/appzetoa/nodevenv/public_html/daliyhisab/server/20/lib/node_modules/mysql/lib/Connection.js:526:10)
    at Socket.emit (node:events:524:28)
    at Socket.emit (node:domain:489:12)
    at addChunk (node:internal/streams/readable:561:12)
    at readableAddChunkPushByteMode (node:internal/streams/readable:512:3)
    at Readable.push (node:internal/streams/readable:392:5)
Emitted 'error' event on Connection instance at:
    at Connection._handleProtocolError (/home/appzetoa/nodevenv/public_html/daliyhisab/server/20/lib/node_modules/mysql/lib/Connection.js:423:8)
    at Protocol.emit (node:events:524:28)
    at Protocol.emit (node:domain:489:12)
    at Protocol._delegateError (/home/appzetoa/nodevenv/public_html/daliyhisab/server/20/lib/node_modules/mysql/lib/protocol/Protocol.js:398:10)
    at Protocol.handleParserError (/home/appzetoa/nodevenv/public_html/daliyhisab/server/20/lib/node_modules/mysql/lib/protocol/Protocol.js:380:10)
    at Parser._tryReadPacketHeader (/home/appzetoa/nodevenv/public_html/daliyhisab/server/20/lib/node_modules/mysql/lib/protocol/Parser.js:478:10)
    at Parser.write (/home/appzetoa/nodevenv/public_html/daliyhisab/server/20/lib/node_modules/mysql/lib/protocol/Parser.js:33:29)
    [... lines matching original stack trace ...]
    at Socket.<anonymous> (/home/appzetoa/nodevenv/public_html/daliyhisab/server/20/lib/node_modules/mysql/lib/Connection.js:526:10) {
  code: 'PROTOCOL_PACKETS_OUT_OF_ORDER',
  fatal: true
}

Node.js v20.19.3
node:internal/process/promises:389
      new UnhandledPromiseRejection(reason);
      ^

UnhandledPromiseRejection: This error originated either by throwing inside of an async function without a catch block, or by rejecting a promise which was not handled with .catch(). The promise rejected with the reason "ER_NO_SUCH_TABLE: Table 'appzetoa_daily_hisab.category_name' doesn't exist".
    at throwUnhandledRejectionsMode (node:internal/process/promises:389:7)
    at processPromiseRejections (node:internal/process/promises:470:17)
    at process.processTicksAndRejections (node:internal/process/task_queues:96:32) {
  code: 'ERR_UNHANDLED_REJECTION'
}

Node.js v20.19.3
file:///home/appzetoa/public_html/daliyhisab/server/router/router.js:6
import { addCategory, setAppLock, updateAppLock, getUserCategory, editCategory, deleteCategory, getAllCategory, getFaq, addCustomers, getTeamMembers, deleteTeamMember, editTeamMember, addTeamMember, removeAppLock, createSupportTicket, getSupportTickets, getUserAccount, createUserAccount, getSubscriptionData, getUserSubscription, deleteUserAccount, addBudget, notificationOnOff, purchaseSubscription, addExpenseIncomeUdhari, getCustomer, getMonthlyTransactions,getHomePageApi ,getBudget,getUdhari} from '../controller/allController.js';
                                                                                                                                                                                                                                                                                                                                                                                                                                                                                                        ^^^^^^^^^

SyntaxError: The requested module '../controller/allController.js' does not provide an export named 'getUdhari'
    at ModuleJobSync.runSync (node:internal/modules/esm/module_job:376:37)
    at ModuleLoader.importSyncForRequire (node:internal/modules/esm/loader:323:47)
    at loadESMFromCJS (node:internal/modules/cjs/loader:1371:24)
    at Module._compile (node:internal/modules/cjs/loader:1511:5)
    at Module._extensions..js (node:internal/modules/cjs/loader:1572:16)
    at Module.load (node:internal/modules/cjs/loader:1275:32)
    at Module._load (node:internal/modules/cjs/loader:1096:12)
    at Module.require (node:internal/modules/cjs/loader:1298:19)
    at require (node:internal/modules/helpers:182:18)
    at startApplication (/usr/local/lsws/fcgi-bin/lsnode.js:48:15)

Node.js v20.19.3
file:///home/appzetoa/public_html/daliyhisab/server/router/router.js:6
import { addCategory, setAppLock, updateAppLock, getUserCategory, editCategory, deleteCategory, getAllCategory, getFaq, addCustomers, getTeamMembers, deleteTeamMember, editTeamMember, addTeamMember, removeAppLock, createSupportTicket, getSupportTickets, getUserAccount, createUserAccount, getSubscriptionData, getUserSubscription, deleteUserAccount, addBudget, notificationOnOff, purchaseSubscription, addExpenseIncomeUdhari, getCustomer, getMonthlyTransactions,getHomePageApi ,getBudget,getUdhari} from '../controller/allController.js';
                                                                                                                                                                                                                                                                                                                                                                                                                                                                                                        ^^^^^^^^^

SyntaxError: The requested module '../controller/allController.js' does not provide an export named 'getUdhari'
    at ModuleJobSync.runSync (node:internal/modules/esm/module_job:376:37)
    at ModuleLoader.importSyncForRequire (node:internal/modules/esm/loader:323:47)
    at loadESMFromCJS (node:internal/modules/cjs/loader:1371:24)
    at Module._compile (node:internal/modules/cjs/loader:1511:5)
    at Module._extensions..js (node:internal/modules/cjs/loader:1572:16)
    at Module.load (node:internal/modules/cjs/loader:1275:32)
    at Module._load (node:internal/modules/cjs/loader:1096:12)
    at Module.require (node:internal/modules/cjs/loader:1298:19)
    at require (node:internal/modules/helpers:182:18)
    at startApplication (/usr/local/lsws/fcgi-bin/lsnode.js:48:15)

Node.js v20.19.3
file:///home/appzetoa/public_html/daliyhisab/server/router/router.js:6
import { addCategory, setAppLock, updateAppLock, getUserCategory, editCategory, deleteCategory, getAllCategory, getFaq, addCustomers, getTeamMembers, deleteTeamMember, editTeamMember, addTeamMember, removeAppLock, createSupportTicket, getSupportTickets, getUserAccount, createUserAccount, getSubscriptionData, getUserSubscription, deleteUserAccount, addBudget, notificationOnOff, purchaseSubscription, addExpenseIncomeUdhari, getCustomer, getMonthlyTransactions,getHomePageApi ,getBudget,getUdhari} from '../controller/allController.js';
                                                                                                                                                                                                                                                                                                                                                                                                                                                                                                        ^^^^^^^^^

SyntaxError: The requested module '../controller/allController.js' does not provide an export named 'getUdhari'
    at ModuleJobSync.runSync (node:internal/modules/esm/module_job:376:37)
    at ModuleLoader.importSyncForRequire (node:internal/modules/esm/loader:323:47)
    at loadESMFromCJS (node:internal/modules/cjs/loader:1371:24)
    at Module._compile (node:internal/modules/cjs/loader:1511:5)
    at Module._extensions..js (node:internal/modules/cjs/loader:1572:16)
    at Module.load (node:internal/modules/cjs/loader:1275:32)
    at Module._load (node:internal/modules/cjs/loader:1096:12)
    at Module.require (node:internal/modules/cjs/loader:1298:19)
    at require (node:internal/modules/helpers:182:18)
    at startApplication (/usr/local/lsws/fcgi-bin/lsnode.js:48:15)

Node.js v20.19.3
file:///home/appzetoa/public_html/daliyhisab/server/router/router.js:6
import { addCategory, setAppLock, updateAppLock, getUserCategory, editCategory, deleteCategory, getAllCategory, getFaq, addCustomers, getTeamMembers, deleteTeamMember, editTeamMember, addTeamMember, removeAppLock, createSupportTicket, getSupportTickets, getUserAccount, createUserAccount, getSubscriptionData, getUserSubscription, deleteUserAccount, addBudget, notificationOnOff, purchaseSubscription, addExpenseIncomeUdhari, getCustomer, getMonthlyTransactions,getHomePageApi ,getBudget,getUdhari} from '../controller/allController.js';
                                                                                                                                                                                                                                                                                                                                                                                                                                                                                                        ^^^^^^^^^

SyntaxError: The requested module '../controller/allController.js' does not provide an export named 'getUdhari'
    at ModuleJobSync.runSync (node:internal/modules/esm/module_job:376:37)
    at ModuleLoader.importSyncForRequire (node:internal/modules/esm/loader:323:47)
    at loadESMFromCJS (node:internal/modules/cjs/loader:1371:24)
    at Module._compile (node:internal/modules/cjs/loader:1511:5)
    at Module._extensions..js (node:internal/modules/cjs/loader:1572:16)
    at Module.load (node:internal/modules/cjs/loader:1275:32)
    at Module._load (node:internal/modules/cjs/loader:1096:12)
    at Module.require (node:internal/modules/cjs/loader:1298:19)
    at require (node:internal/modules/helpers:182:18)
    at startApplication (/usr/local/lsws/fcgi-bin/lsnode.js:48:15)

Node.js v20.19.3
file:///home/appzetoa/public_html/daliyhisab/server/router/router.js:6
import { addCategory, setAppLock, updateAppLock, getUserCategory, editCategory, deleteCategory, getAllCategory, getFaq, addCustomers, getTeamMembers, deleteTeamMember, editTeamMember, addTeamMember, removeAppLock, createSupportTicket, getSupportTickets, getUserAccount, createUserAccount, getSubscriptionData, getUserSubscription, deleteUserAccount, addBudget, notificationOnOff, purchaseSubscription, addExpenseIncomeUdhari, getCustomer, getMonthlyTransactions,getHomePageApi ,getBudget,getUdhari} from '../controller/allController.js';
                                                                                                                                                                                                                                                                                                                                                                                                                                                                                                        ^^^^^^^^^

SyntaxError: The requested module '../controller/allController.js' does not provide an export named 'getUdhari'
    at ModuleJobSync.runSync (node:internal/modules/esm/module_job:376:37)
    at ModuleLoader.importSyncForRequire (node:internal/modules/esm/loader:323:47)
    at loadESMFromCJS (node:internal/modules/cjs/loader:1371:24)
    at Module._compile (node:internal/modules/cjs/loader:1511:5)
    at Module._extensions..js (node:internal/modules/cjs/loader:1572:16)
    at Module.load (node:internal/modules/cjs/loader:1275:32)
    at Module._load (node:internal/modules/cjs/loader:1096:12)
    at Module.require (node:internal/modules/cjs/loader:1298:19)
    at require (node:internal/modules/helpers:182:18)
    at startApplication (/usr/local/lsws/fcgi-bin/lsnode.js:48:15)

Node.js v20.19.3
file:///home/appzetoa/public_html/daliyhisab/server/router/router.js:6
import { addCategory, setAppLock, updateAppLock, getUserCategory, editCategory, deleteCategory, getAllCategory, getFaq, addCustomers, getTeamMembers, deleteTeamMember, editTeamMember, addTeamMember, removeAppLock, createSupportTicket, getSupportTickets, getUserAccount, createUserAccount, getSubscriptionData, getUserSubscription, deleteUserAccount, addBudget, notificationOnOff, purchaseSubscription, addExpenseIncomeUdhari, getCustomer, getMonthlyTransactions,getHomePageApi ,getBudget,getUdhari} from '../controller/allController.js';
                                                                                                                                                                                                                                                                                                                                                                                                                                                                                                        ^^^^^^^^^

SyntaxError: The requested module '../controller/allController.js' does not provide an export named 'getUdhari'
    at ModuleJobSync.runSync (node:internal/modules/esm/module_job:376:37)
    at ModuleLoader.importSyncForRequire (node:internal/modules/esm/loader:323:47)
    at loadESMFromCJS (node:internal/modules/cjs/loader:1371:24)
    at Module._compile (node:internal/modules/cjs/loader:1511:5)
    at Module._extensions..js (node:internal/modules/cjs/loader:1572:16)
    at Module.load (node:internal/modules/cjs/loader:1275:32)
    at Module._load (node:internal/modules/cjs/loader:1096:12)
    at Module.require (node:internal/modules/cjs/loader:1298:19)
    at require (node:internal/modules/helpers:182:18)
    at startApplication (/usr/local/lsws/fcgi-bin/lsnode.js:48:15)

Node.js v20.19.3
file:///home/appzetoa/public_html/daliyhisab/server/router/router.js:6
import { addCategory, setAppLock, updateAppLock, getUserCategory, editCategory, deleteCategory, getAllCategory, getFaq, addCustomers, getTeamMembers, deleteTeamMember, editTeamMember, addTeamMember, removeAppLock, createSupportTicket, getSupportTickets, getUserAccount, createUserAccount, getSubscriptionData, getUserSubscription, deleteUserAccount, addBudget, notificationOnOff, purchaseSubscription, addExpenseIncomeUdhari, getCustomer, getMonthlyTransactions,getHomePageApi ,getBudget,getUdhari} from '../controller/allController.js';
                                                                                                                                                                                                                                                                                                                                                                                                                                                                                                        ^^^^^^^^^

SyntaxError: The requested module '../controller/allController.js' does not provide an export named 'getUdhari'
    at ModuleJobSync.runSync (node:internal/modules/esm/module_job:376:37)
    at ModuleLoader.importSyncForRequire (node:internal/modules/esm/loader:323:47)
    at loadESMFromCJS (node:internal/modules/cjs/loader:1371:24)
    at Module._compile (node:internal/modules/cjs/loader:1511:5)
    at Module._extensions..js (node:internal/modules/cjs/loader:1572:16)
    at Module.load (node:internal/modules/cjs/loader:1275:32)
    at Module._load (node:internal/modules/cjs/loader:1096:12)
    at Module.require (node:internal/modules/cjs/loader:1298:19)
    at require (node:internal/modules/helpers:182:18)
    at startApplication (/usr/local/lsws/fcgi-bin/lsnode.js:48:15)

Node.js v20.19.3
file:///home/appzetoa/public_html/daliyhisab/server/router/router.js:6
import { addCategory, setAppLock, updateAppLock, getUserCategory, editCategory, deleteCategory, getAllCategory, getFaq, addCustomers, getTeamMembers, deleteTeamMember, editTeamMember, addTeamMember, removeAppLock, createSupportTicket, getSupportTickets, getUserAccount, createUserAccount, getSubscriptionData, getUserSubscription, deleteUserAccount, addBudget, notificationOnOff, purchaseSubscription, addExpenseIncomeUdhari, getCustomer, getMonthlyTransactions,getHomePageApi ,getBudget,getUdhari} from '../controller/allController.js';
                                                                                                                                                                                                                                                                                                                                                                                                                                                                                                        ^^^^^^^^^

SyntaxError: The requested module '../controller/allController.js' does not provide an export named 'getUdhari'
    at ModuleJobSync.runSync (node:internal/modules/esm/module_job:376:37)
    at ModuleLoader.importSyncForRequire (node:internal/modules/esm/loader:323:47)
    at loadESMFromCJS (node:internal/modules/cjs/loader:1371:24)
    at Module._compile (node:internal/modules/cjs/loader:1511:5)
    at Module._extensions..js (node:internal/modules/cjs/loader:1572:16)
    at Module.load (node:internal/modules/cjs/loader:1275:32)
    at Module._load (node:internal/modules/cjs/loader:1096:12)
    at Module.require (node:internal/modules/cjs/loader:1298:19)
    at require (node:internal/modules/helpers:182:18)
    at startApplication (/usr/local/lsws/fcgi-bin/lsnode.js:48:15)

Node.js v20.19.3
file:///home/appzetoa/public_html/daliyhisab/server/controller/allController.js:2233
            resolve(customerResult.length > 0 ? customerResult[0].name : "NA")
                                   ^

TypeError: Cannot read properties of undefined (reading 'length')
    at Query.<anonymous> (file:///home/appzetoa/public_html/daliyhisab/server/controller/allController.js:2233:36)
    at Query.<anonymous> (/home/appzetoa/nodevenv/public_html/daliyhisab/server/20/lib/node_modules/mysql/lib/Connection.js:526:10)
    at Query._callback (/home/appzetoa/nodevenv/public_html/daliyhisab/server/20/lib/node_modules/mysql/lib/Connection.js:488:16)
    at Sequence.end (/home/appzetoa/nodevenv/public_html/daliyhisab/server/20/lib/node_modules/mysql/lib/protocol/sequences/Sequence.js:83:24)
    at Query.ErrorPacket (/home/appzetoa/nodevenv/public_html/daliyhisab/server/20/lib/node_modules/mysql/lib/protocol/sequences/Query.js:92:8)
    at Protocol._parsePacket (/home/appzetoa/nodevenv/public_html/daliyhisab/server/20/lib/node_modules/mysql/lib/protocol/Protocol.js:291:23)
    at Parser._parsePacket (/home/appzetoa/nodevenv/public_html/daliyhisab/server/20/lib/node_modules/mysql/lib/protocol/Parser.js:433:10)
    at Parser.write (/home/appzetoa/nodevenv/public_html/daliyhisab/server/20/lib/node_modules/mysql/lib/protocol/Parser.js:43:10)
    at Protocol.write (/home/appzetoa/nodevenv/public_html/daliyhisab/server/20/lib/node_modules/mysql/lib/protocol/Protocol.js:38:16)
    at Socket.<anonymous> (/home/appzetoa/nodevenv/public_html/daliyhisab/server/20/lib/node_modules/mysql/lib/Connection.js:88:28)

Node.js v20.19.3
file:///home/appzetoa/public_html/daliyhisab/server/controller/allController.js:2233
            resolve(customerResult.length > 0 ? customerResult[0].name : "NA")
                                   ^

TypeError: Cannot read properties of undefined (reading 'length')
    at Query.<anonymous> (file:///home/appzetoa/public_html/daliyhisab/server/controller/allController.js:2233:36)
    at Query.<anonymous> (/home/appzetoa/nodevenv/public_html/daliyhisab/server/20/lib/node_modules/mysql/lib/Connection.js:526:10)
    at Query._callback (/home/appzetoa/nodevenv/public_html/daliyhisab/server/20/lib/node_modules/mysql/lib/Connection.js:488:16)
    at Sequence.end (/home/appzetoa/nodevenv/public_html/daliyhisab/server/20/lib/node_modules/mysql/lib/protocol/sequences/Sequence.js:83:24)
    at Query.ErrorPacket (/home/appzetoa/nodevenv/public_html/daliyhisab/server/20/lib/node_modules/mysql/lib/protocol/sequences/Query.js:92:8)
    at Protocol._parsePacket (/home/appzetoa/nodevenv/public_html/daliyhisab/server/20/lib/node_modules/mysql/lib/protocol/Protocol.js:291:23)
    at Parser._parsePacket (/home/appzetoa/nodevenv/public_html/daliyhisab/server/20/lib/node_modules/mysql/lib/protocol/Parser.js:433:10)
    at Parser.write (/home/appzetoa/nodevenv/public_html/daliyhisab/server/20/lib/node_modules/mysql/lib/protocol/Parser.js:43:10)
    at Protocol.write (/home/appzetoa/nodevenv/public_html/daliyhisab/server/20/lib/node_modules/mysql/lib/protocol/Protocol.js:38:16)
    at Socket.<anonymous> (/home/appzetoa/nodevenv/public_html/daliyhisab/server/20/lib/node_modules/mysql/lib/Connection.js:88:28)

Node.js v20.19.3
file:///home/appzetoa/public_html/daliyhisab/server/controller/allController.js:2233
            resolve(customerResult.length > 0 ? customerResult[0].name : "NA")
                                   ^

TypeError: Cannot read properties of undefined (reading 'length')
    at Query.<anonymous> (file:///home/appzetoa/public_html/daliyhisab/server/controller/allController.js:2233:36)
    at Query.<anonymous> (/home/appzetoa/nodevenv/public_html/daliyhisab/server/20/lib/node_modules/mysql/lib/Connection.js:526:10)
    at Query._callback (/home/appzetoa/nodevenv/public_html/daliyhisab/server/20/lib/node_modules/mysql/lib/Connection.js:488:16)
    at Sequence.end (/home/appzetoa/nodevenv/public_html/daliyhisab/server/20/lib/node_modules/mysql/lib/protocol/sequences/Sequence.js:83:24)
    at Query.ErrorPacket (/home/appzetoa/nodevenv/public_html/daliyhisab/server/20/lib/node_modules/mysql/lib/protocol/sequences/Query.js:92:8)
    at Protocol._parsePacket (/home/appzetoa/nodevenv/public_html/daliyhisab/server/20/lib/node_modules/mysql/lib/protocol/Protocol.js:291:23)
    at Parser._parsePacket (/home/appzetoa/nodevenv/public_html/daliyhisab/server/20/lib/node_modules/mysql/lib/protocol/Parser.js:433:10)
    at Parser.write (/home/appzetoa/nodevenv/public_html/daliyhisab/server/20/lib/node_modules/mysql/lib/protocol/Parser.js:43:10)
    at Protocol.write (/home/appzetoa/nodevenv/public_html/daliyhisab/server/20/lib/node_modules/mysql/lib/protocol/Protocol.js:38:16)
    at Socket.<anonymous> (/home/appzetoa/nodevenv/public_html/daliyhisab/server/20/lib/node_modules/mysql/lib/Connection.js:88:28)

Node.js v20.19.3
file:///home/appzetoa/public_html/daliyhisab/server/controller/allController.js:2233
            resolve(customerResult.length > 0 ? customerResult[0].name : "NA")
                                   ^

TypeError: Cannot read properties of undefined (reading 'length')
    at Query.<anonymous> (file:///home/appzetoa/public_html/daliyhisab/server/controller/allController.js:2233:36)
    at Query.<anonymous> (/home/appzetoa/nodevenv/public_html/daliyhisab/server/20/lib/node_modules/mysql/lib/Connection.js:526:10)
    at Query._callback (/home/appzetoa/nodevenv/public_html/daliyhisab/server/20/lib/node_modules/mysql/lib/Connection.js:488:16)
    at Sequence.end (/home/appzetoa/nodevenv/public_html/daliyhisab/server/20/lib/node_modules/mysql/lib/protocol/sequences/Sequence.js:83:24)
    at Query.ErrorPacket (/home/appzetoa/nodevenv/public_html/daliyhisab/server/20/lib/node_modules/mysql/lib/protocol/sequences/Query.js:92:8)
    at Protocol._parsePacket (/home/appzetoa/nodevenv/public_html/daliyhisab/server/20/lib/node_modules/mysql/lib/protocol/Protocol.js:291:23)
    at Parser._parsePacket (/home/appzetoa/nodevenv/public_html/daliyhisab/server/20/lib/node_modules/mysql/lib/protocol/Parser.js:433:10)
    at Parser.write (/home/appzetoa/nodevenv/public_html/daliyhisab/server/20/lib/node_modules/mysql/lib/protocol/Parser.js:43:10)
    at Protocol.write (/home/appzetoa/nodevenv/public_html/daliyhisab/server/20/lib/node_modules/mysql/lib/protocol/Protocol.js:38:16)
    at Socket.<anonymous> (/home/appzetoa/nodevenv/public_html/daliyhisab/server/20/lib/node_modules/mysql/lib/Connection.js:88:28)

Node.js v20.19.3
node:events:502
      throw er; // Unhandled 'error' event
      ^

Error: Packets out of order. Got: 0 Expected: 6
    at Parser._tryReadPacketHeader (/home/appzetoa/nodevenv/public_html/daliyhisab/server/20/lib/node_modules/mysql/lib/protocol/Parser.js:470:15)
    at Parser.write (/home/appzetoa/nodevenv/public_html/daliyhisab/server/20/lib/node_modules/mysql/lib/protocol/Parser.js:33:29)
    at Protocol.write (/home/appzetoa/nodevenv/public_html/daliyhisab/server/20/lib/node_modules/mysql/lib/protocol/Protocol.js:38:16)
    at Socket.<anonymous> (/home/appzetoa/nodevenv/public_html/daliyhisab/server/20/lib/node_modules/mysql/lib/Connection.js:88:28)
    at Socket.<anonymous> (/home/appzetoa/nodevenv/public_html/daliyhisab/server/20/lib/node_modules/mysql/lib/Connection.js:526:10)
    at Socket.emit (node:events:524:28)
    at Socket.emit (node:domain:489:12)
    at addChunk (node:internal/streams/readable:561:12)
    at readableAddChunkPushByteMode (node:internal/streams/readable:512:3)
    at Readable.push (node:internal/streams/readable:392:5)
Emitted 'error' event on Connection instance at:
    at Connection._handleProtocolError (/home/appzetoa/nodevenv/public_html/daliyhisab/server/20/lib/node_modules/mysql/lib/Connection.js:423:8)
    at Protocol.emit (node:events:524:28)
    at Protocol.emit (node:domain:489:12)
    at Protocol._delegateError (/home/appzetoa/nodevenv/public_html/daliyhisab/server/20/lib/node_modules/mysql/lib/protocol/Protocol.js:398:10)
    at Protocol.handleParserError (/home/appzetoa/nodevenv/public_html/daliyhisab/server/20/lib/node_modules/mysql/lib/protocol/Protocol.js:380:10)
    at Parser._tryReadPacketHeader (/home/appzetoa/nodevenv/public_html/daliyhisab/server/20/lib/node_modules/mysql/lib/protocol/Parser.js:478:10)
    at Parser.write (/home/appzetoa/nodevenv/public_html/daliyhisab/server/20/lib/node_modules/mysql/lib/protocol/Parser.js:33:29)
    [... lines matching original stack trace ...]
    at Socket.<anonymous> (/home/appzetoa/nodevenv/public_html/daliyhisab/server/20/lib/node_modules/mysql/lib/Connection.js:526:10) {
  code: 'PROTOCOL_PACKETS_OUT_OF_ORDER',
  fatal: true
}

Node.js v20.19.3
/home/appzetoa/nodevenv/public_html/daliyhisab/server/20/lib/node_modules/mysql/lib/protocol/Parser.js:437
      throw err; // Rethrow non-MySQL errors
      ^

ReferenceError: res is not defined
    at Query.<anonymous> (file:///home/appzetoa/public_html/daliyhisab/server/controller/allController.js:2259:17)
    at Query.<anonymous> (/home/appzetoa/nodevenv/public_html/daliyhisab/server/20/lib/node_modules/mysql/lib/Connection.js:526:10)
    at Query._callback (/home/appzetoa/nodevenv/public_html/daliyhisab/server/20/lib/node_modules/mysql/lib/Connection.js:488:16)
    at Sequence.end (/home/appzetoa/nodevenv/public_html/daliyhisab/server/20/lib/node_modules/mysql/lib/protocol/sequences/Sequence.js:83:24)
    at Query._handleFinalResultPacket (/home/appzetoa/nodevenv/public_html/daliyhisab/server/20/lib/node_modules/mysql/lib/protocol/sequences/Query.js:149:8)
    at Query.EofPacket (/home/appzetoa/nodevenv/public_html/daliyhisab/server/20/lib/node_modules/mysql/lib/protocol/sequences/Query.js:133:8)
    at Protocol._parsePacket (/home/appzetoa/nodevenv/public_html/daliyhisab/server/20/lib/node_modules/mysql/lib/protocol/Protocol.js:291:23)
    at Parser._parsePacket (/home/appzetoa/nodevenv/public_html/daliyhisab/server/20/lib/node_modules/mysql/lib/protocol/Parser.js:433:10)
    at Parser.write (/home/appzetoa/nodevenv/public_html/daliyhisab/server/20/lib/node_modules/mysql/lib/protocol/Parser.js:43:10)
    at Protocol.write (/home/appzetoa/nodevenv/public_html/daliyhisab/server/20/lib/node_modules/mysql/lib/protocol/Protocol.js:38:16)

Node.js v20.19.3
/home/appzetoa/nodevenv/public_html/daliyhisab/server/20/lib/node_modules/mysql/lib/protocol/Parser.js:437
      throw err; // Rethrow non-MySQL errors
      ^

ReferenceError: res is not defined
    at Query.<anonymous> (file:///home/appzetoa/public_html/daliyhisab/server/controller/allController.js:2259:17)
    at Query.<anonymous> (/home/appzetoa/nodevenv/public_html/daliyhisab/server/20/lib/node_modules/mysql/lib/Connection.js:526:10)
    at Query._callback (/home/appzetoa/nodevenv/public_html/daliyhisab/server/20/lib/node_modules/mysql/lib/Connection.js:488:16)
    at Sequence.end (/home/appzetoa/nodevenv/public_html/daliyhisab/server/20/lib/node_modules/mysql/lib/protocol/sequences/Sequence.js:83:24)
    at Query._handleFinalResultPacket (/home/appzetoa/nodevenv/public_html/daliyhisab/server/20/lib/node_modules/mysql/lib/protocol/sequences/Query.js:149:8)
    at Query.EofPacket (/home/appzetoa/nodevenv/public_html/daliyhisab/server/20/lib/node_modules/mysql/lib/protocol/sequences/Query.js:133:8)
    at Protocol._parsePacket (/home/appzetoa/nodevenv/public_html/daliyhisab/server/20/lib/node_modules/mysql/lib/protocol/Protocol.js:291:23)
    at Parser._parsePacket (/home/appzetoa/nodevenv/public_html/daliyhisab/server/20/lib/node_modules/mysql/lib/protocol/Parser.js:433:10)
    at Parser.write (/home/appzetoa/nodevenv/public_html/daliyhisab/server/20/lib/node_modules/mysql/lib/protocol/Parser.js:43:10)
    at Protocol.write (/home/appzetoa/nodevenv/public_html/daliyhisab/server/20/lib/node_modules/mysql/lib/protocol/Protocol.js:38:16)

Node.js v20.19.3
node:internal/process/promises:391
    triggerUncaughtException(err, true /* fromPromise */);
    ^

Error: ER_BAD_FIELD_ERROR: Unknown column 'created_at' in 'field list'
    at Sequence._packetToError (/home/appzetoa/nodevenv/public_html/daliyhisab/server/20/lib/node_modules/mysql/lib/protocol/sequences/Sequence.js:47:14)
    at Query.ErrorPacket (/home/appzetoa/nodevenv/public_html/daliyhisab/server/20/lib/node_modules/mysql/lib/protocol/sequences/Query.js:79:18)
    at Protocol._parsePacket (/home/appzetoa/nodevenv/public_html/daliyhisab/server/20/lib/node_modules/mysql/lib/protocol/Protocol.js:291:23)
    at Parser._parsePacket (/home/appzetoa/nodevenv/public_html/daliyhisab/server/20/lib/node_modules/mysql/lib/protocol/Parser.js:433:10)
    at Parser.write (/home/appzetoa/nodevenv/public_html/daliyhisab/server/20/lib/node_modules/mysql/lib/protocol/Parser.js:43:10)
    at Protocol.write (/home/appzetoa/nodevenv/public_html/daliyhisab/server/20/lib/node_modules/mysql/lib/protocol/Protocol.js:38:16)
    at Socket.<anonymous> (/home/appzetoa/nodevenv/public_html/daliyhisab/server/20/lib/node_modules/mysql/lib/Connection.js:88:28)
    at Socket.<anonymous> (/home/appzetoa/nodevenv/public_html/daliyhisab/server/20/lib/node_modules/mysql/lib/Connection.js:526:10)
    at Socket.emit (node:events:524:28)
    at Socket.emit (node:domain:489:12)
    --------------------
    at Protocol._enqueue (/home/appzetoa/nodevenv/public_html/daliyhisab/server/20/lib/node_modules/mysql/lib/protocol/Protocol.js:144:48)
    at Connection.query (/home/appzetoa/nodevenv/public_html/daliyhisab/server/20/lib/node_modules/mysql/lib/Connection.js:198:25)
    at file:///home/appzetoa/public_html/daliyhisab/server/controller/allController.js:2294:20
    at new Promise (<anonymous>)
    at getMonthlyProfitArray (file:///home/appzetoa/public_html/daliyhisab/server/controller/allController.js:2291:12)
    at Query.<anonymous> (file:///home/appzetoa/public_html/daliyhisab/server/controller/allController.js:2270:54)
    at Query.<anonymous> (/home/appzetoa/nodevenv/public_html/daliyhisab/server/20/lib/node_modules/mysql/lib/Connection.js:526:10)
    at Query._callback (/home/appzetoa/nodevenv/public_html/daliyhisab/server/20/lib/node_modules/mysql/lib/Connection.js:488:16)
    at Sequence.end (/home/appzetoa/nodevenv/public_html/daliyhisab/server/20/lib/node_modules/mysql/lib/protocol/sequences/Sequence.js:83:24)
    at Query._handleFinalResultPacket (/home/appzetoa/nodevenv/public_html/daliyhisab/server/20/lib/node_modules/mysql/lib/protocol/sequences/Query.js:149:8) {
  code: 'ER_BAD_FIELD_ERROR',
  errno: 1054,
  sqlMessage: "Unknown column 'created_at' in 'field list'",
  sqlState: '42S22',
  index: 0,
  sql: "SELECT MONTH(created_at) AS month_num, MONTHNAME(created_at) AS month, SUM(CASE WHEN type = 1 THEN amount ELSE 0 END) AS total_income, SUM(CASE WHEN type = 2 THEN amount ELSE 0 END) AS total_expense, SUM(CASE WHEN type = 1 THEN amount ELSE 0 END) - SUM(CASE WHEN type = 2 THEN amount ELSE 0 END) AS profit FROM expense_income_master WHERE user_id = '24' AND account_id = '2' AND delete_flag = 0 GROUP BY MONTH(created_at) ORDER BY MONTH(created_at)\n" +
    '        '
}

Node.js v20.19.3
node:internal/process/promises:391
    triggerUncaughtException(err, true /* fromPromise */);
    ^

Error: ER_BAD_FIELD_ERROR: Unknown column 'created_at' in 'field list'
    at Sequence._packetToError (/home/appzetoa/nodevenv/public_html/daliyhisab/server/20/lib/node_modules/mysql/lib/protocol/sequences/Sequence.js:47:14)
    at Query.ErrorPacket (/home/appzetoa/nodevenv/public_html/daliyhisab/server/20/lib/node_modules/mysql/lib/protocol/sequences/Query.js:79:18)
    at Protocol._parsePacket (/home/appzetoa/nodevenv/public_html/daliyhisab/server/20/lib/node_modules/mysql/lib/protocol/Protocol.js:291:23)
    at Parser._parsePacket (/home/appzetoa/nodevenv/public_html/daliyhisab/server/20/lib/node_modules/mysql/lib/protocol/Parser.js:433:10)
    at Parser.write (/home/appzetoa/nodevenv/public_html/daliyhisab/server/20/lib/node_modules/mysql/lib/protocol/Parser.js:43:10)
    at Protocol.write (/home/appzetoa/nodevenv/public_html/daliyhisab/server/20/lib/node_modules/mysql/lib/protocol/Protocol.js:38:16)
    at Socket.<anonymous> (/home/appzetoa/nodevenv/public_html/daliyhisab/server/20/lib/node_modules/mysql/lib/Connection.js:88:28)
    at Socket.<anonymous> (/home/appzetoa/nodevenv/public_html/daliyhisab/server/20/lib/node_modules/mysql/lib/Connection.js:526:10)
    at Socket.emit (node:events:524:28)
    at Socket.emit (node:domain:489:12)
    --------------------
    at Protocol._enqueue (/home/appzetoa/nodevenv/public_html/daliyhisab/server/20/lib/node_modules/mysql/lib/protocol/Protocol.js:144:48)
    at Connection.query (/home/appzetoa/nodevenv/public_html/daliyhisab/server/20/lib/node_modules/mysql/lib/Connection.js:198:25)
    at file:///home/appzetoa/public_html/daliyhisab/server/controller/allController.js:2294:20
    at new Promise (<anonymous>)
    at getMonthlyProfitArray (file:///home/appzetoa/public_html/daliyhisab/server/controller/allController.js:2291:12)
    at Query.<anonymous> (file:///home/appzetoa/public_html/daliyhisab/server/controller/allController.js:2270:54)
    at Query.<anonymous> (/home/appzetoa/nodevenv/public_html/daliyhisab/server/20/lib/node_modules/mysql/lib/Connection.js:526:10)
    at Query._callback (/home/appzetoa/nodevenv/public_html/daliyhisab/server/20/lib/node_modules/mysql/lib/Connection.js:488:16)
    at Sequence.end (/home/appzetoa/nodevenv/public_html/daliyhisab/server/20/lib/node_modules/mysql/lib/protocol/sequences/Sequence.js:83:24)
    at Query._handleFinalResultPacket (/home/appzetoa/nodevenv/public_html/daliyhisab/server/20/lib/node_modules/mysql/lib/protocol/sequences/Query.js:149:8) {
  code: 'ER_BAD_FIELD_ERROR',
  errno: 1054,
  sqlMessage: "Unknown column 'created_at' in 'field list'",
  sqlState: '42S22',
  index: 0,
  sql: "SELECT MONTH(created_at) AS month_num, MONTHNAME(created_at) AS month, SUM(CASE WHEN type = 1 THEN amount ELSE 0 END) AS total_income, SUM(CASE WHEN type = 2 THEN amount ELSE 0 END) AS total_expense, SUM(CASE WHEN type = 1 THEN amount ELSE 0 END) - SUM(CASE WHEN type = 2 THEN amount ELSE 0 END) AS profit FROM expense_income_master WHERE user_id = '24' AND account_id = '2' AND delete_flag = 0 GROUP BY MONTH(created_at) ORDER BY MONTH(created_at)\n" +
    '        '
}

Node.js v20.19.3
node:internal/process/promises:391
    triggerUncaughtException(err, true /* fromPromise */);
    ^

Error: ER_BAD_FIELD_ERROR: Unknown column 'created_at' in 'field list'
    at Sequence._packetToError (/home/appzetoa/nodevenv/public_html/daliyhisab/server/20/lib/node_modules/mysql/lib/protocol/sequences/Sequence.js:47:14)
    at Query.ErrorPacket (/home/appzetoa/nodevenv/public_html/daliyhisab/server/20/lib/node_modules/mysql/lib/protocol/sequences/Query.js:79:18)
    at Protocol._parsePacket (/home/appzetoa/nodevenv/public_html/daliyhisab/server/20/lib/node_modules/mysql/lib/protocol/Protocol.js:291:23)
    at Parser._parsePacket (/home/appzetoa/nodevenv/public_html/daliyhisab/server/20/lib/node_modules/mysql/lib/protocol/Parser.js:433:10)
    at Parser.write (/home/appzetoa/nodevenv/public_html/daliyhisab/server/20/lib/node_modules/mysql/lib/protocol/Parser.js:43:10)
    at Protocol.write (/home/appzetoa/nodevenv/public_html/daliyhisab/server/20/lib/node_modules/mysql/lib/protocol/Protocol.js:38:16)
    at Socket.<anonymous> (/home/appzetoa/nodevenv/public_html/daliyhisab/server/20/lib/node_modules/mysql/lib/Connection.js:88:28)
    at Socket.<anonymous> (/home/appzetoa/nodevenv/public_html/daliyhisab/server/20/lib/node_modules/mysql/lib/Connection.js:526:10)
    at Socket.emit (node:events:524:28)
    at Socket.emit (node:domain:489:12)
    --------------------
    at Protocol._enqueue (/home/appzetoa/nodevenv/public_html/daliyhisab/server/20/lib/node_modules/mysql/lib/protocol/Protocol.js:144:48)
    at Connection.query (/home/appzetoa/nodevenv/public_html/daliyhisab/server/20/lib/node_modules/mysql/lib/Connection.js:198:25)
    at file:///home/appzetoa/public_html/daliyhisab/server/controller/allController.js:2295:20
    at new Promise (<anonymous>)
    at getMonthlyProfitArray (file:///home/appzetoa/public_html/daliyhisab/server/controller/allController.js:2292:12)
    at Query.<anonymous> (file:///home/appzetoa/public_html/daliyhisab/server/controller/allController.js:2270:54)
    at Query.<anonymous> (/home/appzetoa/nodevenv/public_html/daliyhisab/server/20/lib/node_modules/mysql/lib/Connection.js:526:10)
    at Query._callback (/home/appzetoa/nodevenv/public_html/daliyhisab/server/20/lib/node_modules/mysql/lib/Connection.js:488:16)
    at Sequence.end (/home/appzetoa/nodevenv/public_html/daliyhisab/server/20/lib/node_modules/mysql/lib/protocol/sequences/Sequence.js:83:24)
    at Query._handleFinalResultPacket (/home/appzetoa/nodevenv/public_html/daliyhisab/server/20/lib/node_modules/mysql/lib/protocol/sequences/Query.js:149:8) {
  code: 'ER_BAD_FIELD_ERROR',
  errno: 1054,
  sqlMessage: "Unknown column 'created_at' in 'field list'",
  sqlState: '42S22',
  index: 0,
  sql: "SELECT MONTH(created_at) AS month_num, MONTHNAME(created_at) AS month, SUM(CASE WHEN type = 1 THEN amount ELSE 0 END) AS total_income, SUM(CASE WHEN type = 2 THEN amount ELSE 0 END) AS total_expense, SUM(CASE WHEN type = 1 THEN amount ELSE 0 END) - SUM(CASE WHEN type = 2 THEN amount ELSE 0 END) AS profit FROM expense_income_master WHERE user_id = '24' AND account_id = '2' AND delete_flag = 0 GROUP BY MONTH(created_at) ORDER BY MONTH(created_at)\n" +
    '        '
}

Node.js v20.19.3
node:internal/process/promises:391
    triggerUncaughtException(err, true /* fromPromise */);
    ^

Error: ER_BAD_FIELD_ERROR: Unknown column 'created_at' in 'field list'
    at Sequence._packetToError (/home/appzetoa/nodevenv/public_html/daliyhisab/server/20/lib/node_modules/mysql/lib/protocol/sequences/Sequence.js:47:14)
    at Query.ErrorPacket (/home/appzetoa/nodevenv/public_html/daliyhisab/server/20/lib/node_modules/mysql/lib/protocol/sequences/Query.js:79:18)
    at Protocol._parsePacket (/home/appzetoa/nodevenv/public_html/daliyhisab/server/20/lib/node_modules/mysql/lib/protocol/Protocol.js:291:23)
    at Parser._parsePacket (/home/appzetoa/nodevenv/public_html/daliyhisab/server/20/lib/node_modules/mysql/lib/protocol/Parser.js:433:10)
    at Parser.write (/home/appzetoa/nodevenv/public_html/daliyhisab/server/20/lib/node_modules/mysql/lib/protocol/Parser.js:43:10)
    at Protocol.write (/home/appzetoa/nodevenv/public_html/daliyhisab/server/20/lib/node_modules/mysql/lib/protocol/Protocol.js:38:16)
    at Socket.<anonymous> (/home/appzetoa/nodevenv/public_html/daliyhisab/server/20/lib/node_modules/mysql/lib/Connection.js:88:28)
    at Socket.<anonymous> (/home/appzetoa/nodevenv/public_html/daliyhisab/server/20/lib/node_modules/mysql/lib/Connection.js:526:10)
    at Socket.emit (node:events:524:28)
    at Socket.emit (node:domain:489:12)
    --------------------
    at Protocol._enqueue (/home/appzetoa/nodevenv/public_html/daliyhisab/server/20/lib/node_modules/mysql/lib/protocol/Protocol.js:144:48)
    at Connection.query (/home/appzetoa/nodevenv/public_html/daliyhisab/server/20/lib/node_modules/mysql/lib/Connection.js:198:25)
    at file:///home/appzetoa/public_html/daliyhisab/server/controller/allController.js:2295:20
    at new Promise (<anonymous>)
    at getMonthlyProfitArray (file:///home/appzetoa/public_html/daliyhisab/server/controller/allController.js:2292:12)
    at Query.<anonymous> (file:///home/appzetoa/public_html/daliyhisab/server/controller/allController.js:2270:54)
    at Query.<anonymous> (/home/appzetoa/nodevenv/public_html/daliyhisab/server/20/lib/node_modules/mysql/lib/Connection.js:526:10)
    at Query._callback (/home/appzetoa/nodevenv/public_html/daliyhisab/server/20/lib/node_modules/mysql/lib/Connection.js:488:16)
    at Sequence.end (/home/appzetoa/nodevenv/public_html/daliyhisab/server/20/lib/node_modules/mysql/lib/protocol/sequences/Sequence.js:83:24)
    at Query._handleFinalResultPacket (/home/appzetoa/nodevenv/public_html/daliyhisab/server/20/lib/node_modules/mysql/lib/protocol/sequences/Query.js:149:8) {
  code: 'ER_BAD_FIELD_ERROR',
  errno: 1054,
  sqlMessage: "Unknown column 'created_at' in 'field list'",
  sqlState: '42S22',
  index: 0,
  sql: "SELECT MONTH(created_at) AS month_num, MONTHNAME(created_at) AS month, SUM(CASE WHEN type = 1 THEN amount ELSE 0 END) AS total_income, SUM(CASE WHEN type = 2 THEN amount ELSE 0 END) AS total_expense, SUM(CASE WHEN type = 1 THEN amount ELSE 0 END) - SUM(CASE WHEN type = 2 THEN amount ELSE 0 END) AS profit FROM expense_income_master WHERE user_id = '24' AND account_id = '2' AND delete_flag = 0 GROUP BY MONTH(created_at) ORDER BY MONTH(created_at)\n" +
    '        '
}

Node.js v20.19.3
node:events:502
      throw er; // Unhandled 'error' event
      ^

Error: Packets out of order. Got: 0 Expected: 18
    at Parser._tryReadPacketHeader (/home/appzetoa/nodevenv/public_html/daliyhisab/server/20/lib/node_modules/mysql/lib/protocol/Parser.js:470:15)
    at Parser.write (/home/appzetoa/nodevenv/public_html/daliyhisab/server/20/lib/node_modules/mysql/lib/protocol/Parser.js:33:29)
    at Protocol.write (/home/appzetoa/nodevenv/public_html/daliyhisab/server/20/lib/node_modules/mysql/lib/protocol/Protocol.js:38:16)
    at Socket.<anonymous> (/home/appzetoa/nodevenv/public_html/daliyhisab/server/20/lib/node_modules/mysql/lib/Connection.js:88:28)
    at Socket.<anonymous> (/home/appzetoa/nodevenv/public_html/daliyhisab/server/20/lib/node_modules/mysql/lib/Connection.js:526:10)
    at Socket.emit (node:events:524:28)
    at Socket.emit (node:domain:489:12)
    at addChunk (node:internal/streams/readable:561:12)
    at readableAddChunkPushByteMode (node:internal/streams/readable:512:3)
    at Readable.push (node:internal/streams/readable:392:5)
Emitted 'error' event on Connection instance at:
    at Connection._handleProtocolError (/home/appzetoa/nodevenv/public_html/daliyhisab/server/20/lib/node_modules/mysql/lib/Connection.js:423:8)
    at Protocol.emit (node:events:524:28)
    at Protocol.emit (node:domain:489:12)
    at Protocol._delegateError (/home/appzetoa/nodevenv/public_html/daliyhisab/server/20/lib/node_modules/mysql/lib/protocol/Protocol.js:398:10)
    at Protocol.handleParserError (/home/appzetoa/nodevenv/public_html/daliyhisab/server/20/lib/node_modules/mysql/lib/protocol/Protocol.js:380:10)
    at Parser._tryReadPacketHeader (/home/appzetoa/nodevenv/public_html/daliyhisab/server/20/lib/node_modules/mysql/lib/protocol/Parser.js:478:10)
    at Parser.write (/home/appzetoa/nodevenv/public_html/daliyhisab/server/20/lib/node_modules/mysql/lib/protocol/Parser.js:33:29)
    [... lines matching original stack trace ...]
    at Socket.<anonymous> (/home/appzetoa/nodevenv/public_html/daliyhisab/server/20/lib/node_modules/mysql/lib/Connection.js:526:10) {
  code: 'PROTOCOL_PACKETS_OUT_OF_ORDER',
  fatal: true
}

Node.js v20.19.3
node:events:502
      throw er; // Unhandled 'error' event
      ^

Error: Packets out of order. Got: 0 Expected: 18
    at Parser._tryReadPacketHeader (/home/appzetoa/nodevenv/public_html/daliyhisab/server/20/lib/node_modules/mysql/lib/protocol/Parser.js:470:15)
    at Parser.write (/home/appzetoa/nodevenv/public_html/daliyhisab/server/20/lib/node_modules/mysql/lib/protocol/Parser.js:33:29)
    at Protocol.write (/home/appzetoa/nodevenv/public_html/daliyhisab/server/20/lib/node_modules/mysql/lib/protocol/Protocol.js:38:16)
    at Socket.<anonymous> (/home/appzetoa/nodevenv/public_html/daliyhisab/server/20/lib/node_modules/mysql/lib/Connection.js:88:28)
    at Socket.<anonymous> (/home/appzetoa/nodevenv/public_html/daliyhisab/server/20/lib/node_modules/mysql/lib/Connection.js:526:10)
    at Socket.emit (node:events:524:28)
    at Socket.emit (node:domain:489:12)
    at addChunk (node:internal/streams/readable:561:12)
    at readableAddChunkPushByteMode (node:internal/streams/readable:512:3)
    at Readable.push (node:internal/streams/readable:392:5)
Emitted 'error' event on Connection instance at:
    at Connection._handleProtocolError (/home/appzetoa/nodevenv/public_html/daliyhisab/server/20/lib/node_modules/mysql/lib/Connection.js:423:8)
    at Protocol.emit (node:events:524:28)
    at Protocol.emit (node:domain:489:12)
    at Protocol._delegateError (/home/appzetoa/nodevenv/public_html/daliyhisab/server/20/lib/node_modules/mysql/lib/protocol/Protocol.js:398:10)
    at Protocol.handleParserError (/home/appzetoa/nodevenv/public_html/daliyhisab/server/20/lib/node_modules/mysql/lib/protocol/Protocol.js:380:10)
    at Parser._tryReadPacketHeader (/home/appzetoa/nodevenv/public_html/daliyhisab/server/20/lib/node_modules/mysql/lib/protocol/Parser.js:478:10)
    at Parser.write (/home/appzetoa/nodevenv/public_html/daliyhisab/server/20/lib/node_modules/mysql/lib/protocol/Parser.js:33:29)
    [... lines matching original stack trace ...]
    at Socket.<anonymous> (/home/appzetoa/nodevenv/public_html/daliyhisab/server/20/lib/node_modules/mysql/lib/Connection.js:526:10) {
  code: 'PROTOCOL_PACKETS_OUT_OF_ORDER',
  fatal: true
}

Node.js v20.19.3
node:internal/process/promises:391
    triggerUncaughtException(err, true /* fromPromise */);
    ^

Error: ER_PARSE_ERROR: You have an error in your SQL syntax; check the manual that corresponds to your MySQL server version for the right syntax to use near 'FROM expense_income_masterWHERE user_id = '24' AND account_id = '2' AND delete_f' at line 1
    at Sequence._packetToError (/home/appzetoa/nodevenv/public_html/daliyhisab/server/20/lib/node_modules/mysql/lib/protocol/sequences/Sequence.js:47:14)
    at Query.ErrorPacket (/home/appzetoa/nodevenv/public_html/daliyhisab/server/20/lib/node_modules/mysql/lib/protocol/sequences/Query.js:79:18)
    at Protocol._parsePacket (/home/appzetoa/nodevenv/public_html/daliyhisab/server/20/lib/node_modules/mysql/lib/protocol/Protocol.js:291:23)
    at Parser._parsePacket (/home/appzetoa/nodevenv/public_html/daliyhisab/server/20/lib/node_modules/mysql/lib/protocol/Parser.js:433:10)
    at Parser.write (/home/appzetoa/nodevenv/public_html/daliyhisab/server/20/lib/node_modules/mysql/lib/protocol/Parser.js:43:10)
    at Protocol.write (/home/appzetoa/nodevenv/public_html/daliyhisab/server/20/lib/node_modules/mysql/lib/protocol/Protocol.js:38:16)
    at Socket.<anonymous> (/home/appzetoa/nodevenv/public_html/daliyhisab/server/20/lib/node_modules/mysql/lib/Connection.js:88:28)
    at Socket.<anonymous> (/home/appzetoa/nodevenv/public_html/daliyhisab/server/20/lib/node_modules/mysql/lib/Connection.js:526:10)
    at Socket.emit (node:events:524:28)
    at Socket.emit (node:domain:489:12)
    --------------------
    at Protocol._enqueue (/home/appzetoa/nodevenv/public_html/daliyhisab/server/20/lib/node_modules/mysql/lib/protocol/Protocol.js:144:48)
    at Connection.query (/home/appzetoa/nodevenv/public_html/daliyhisab/server/20/lib/node_modules/mysql/lib/Connection.js:198:25)
    at file:///home/appzetoa/public_html/daliyhisab/server/controller/allController.js:2389:20
    at new Promise (<anonymous>)
    at getBusinessHealthScore (file:///home/appzetoa/public_html/daliyhisab/server/controller/allController.js:2382:12)
    at Query.<anonymous> (file:///home/appzetoa/public_html/daliyhisab/server/controller/allController.js:2282:46)
    at process.processTicksAndRejections (node:internal/process/task_queues:95:5) {
  code: 'ER_PARSE_ERROR',
  errno: 1064,
  sqlMessage: "You have an error in your SQL syntax; check the manual that corresponds to your MySQL server version for the right syntax to use near 'FROM expense_income_masterWHERE user_id = '24' AND account_id = '2' AND delete_f' at line 1",
  sqlState: '42000',
  index: 0,
  sql: "SELECT SUM(CASE WHEN receivable_payable = 1 THEN amount ELSE 0 END) AS total_receivable,SUM(CASE WHEN receivable_payable = 2 THEN amount ELSE 0 END) AS total_payable,FROM expense_income_masterWHERE user_id = '24' AND account_id = '2' AND delete_flag = 0 AND YEAR(createtime) = '2025'"
}

Node.js v20.19.3
node:internal/process/promises:391
    triggerUncaughtException(err, true /* fromPromise */);
    ^

Error: ER_PARSE_ERROR: You have an error in your SQL syntax; check the manual that corresponds to your MySQL server version for the right syntax to use near 'FROM expense_income_maste rWHERE user_id = '24' AND account_id = '2' AND delete_' at line 1
    at Sequence._packetToError (/home/appzetoa/nodevenv/public_html/daliyhisab/server/20/lib/node_modules/mysql/lib/protocol/sequences/Sequence.js:47:14)
    at Query.ErrorPacket (/home/appzetoa/nodevenv/public_html/daliyhisab/server/20/lib/node_modules/mysql/lib/protocol/sequences/Query.js:79:18)
    at Protocol._parsePacket (/home/appzetoa/nodevenv/public_html/daliyhisab/server/20/lib/node_modules/mysql/lib/protocol/Protocol.js:291:23)
    at Parser._parsePacket (/home/appzetoa/nodevenv/public_html/daliyhisab/server/20/lib/node_modules/mysql/lib/protocol/Parser.js:433:10)
    at Parser.write (/home/appzetoa/nodevenv/public_html/daliyhisab/server/20/lib/node_modules/mysql/lib/protocol/Parser.js:43:10)
    at Protocol.write (/home/appzetoa/nodevenv/public_html/daliyhisab/server/20/lib/node_modules/mysql/lib/protocol/Protocol.js:38:16)
    at Socket.<anonymous> (/home/appzetoa/nodevenv/public_html/daliyhisab/server/20/lib/node_modules/mysql/lib/Connection.js:88:28)
    at Socket.<anonymous> (/home/appzetoa/nodevenv/public_html/daliyhisab/server/20/lib/node_modules/mysql/lib/Connection.js:526:10)
    at Socket.emit (node:events:524:28)
    at Socket.emit (node:domain:489:12)
    --------------------
    at Protocol._enqueue (/home/appzetoa/nodevenv/public_html/daliyhisab/server/20/lib/node_modules/mysql/lib/protocol/Protocol.js:144:48)
    at Connection.query (/home/appzetoa/nodevenv/public_html/daliyhisab/server/20/lib/node_modules/mysql/lib/Connection.js:198:25)
    at file:///home/appzetoa/public_html/daliyhisab/server/controller/allController.js:2389:20
    at new Promise (<anonymous>)
    at getBusinessHealthScore (file:///home/appzetoa/public_html/daliyhisab/server/controller/allController.js:2382:12)
    at Query.<anonymous> (file:///home/appzetoa/public_html/daliyhisab/server/controller/allController.js:2282:46)
    at process.processTicksAndRejections (node:internal/process/task_queues:95:5) {
  code: 'ER_PARSE_ERROR',
  errno: 1064,
  sqlMessage: "You have an error in your SQL syntax; check the manual that corresponds to your MySQL server version for the right syntax to use near 'FROM expense_income_maste rWHERE user_id = '24' AND account_id = '2' AND delete_' at line 1",
  sqlState: '42000',
  index: 0,
  sql: "SELECT SUM(CASE WHEN receivable_payable = 1 THEN amount ELSE 0 END) AS total_receivable,SUM(CASE WHEN receivable_payable = 2 THEN amount ELSE 0 END) AS total_payable,FROM expense_income_maste rWHERE user_id = '24' AND account_id = '2' AND delete_flag = 0 AND YEAR(createtime) = '2025'"
}

Node.js v20.19.3
node:internal/process/promises:391
    triggerUncaughtException(err, true /* fromPromise */);
    ^

Error: ER_PARSE_ERROR: You have an error in your SQL syntax; check the manual that corresponds to your MySQL server version for the right syntax to use near 'FROM expense_income_maste rWHERE user_id = '24' AND account_id = '2' AND delete_' at line 1
    at Sequence._packetToError (/home/appzetoa/nodevenv/public_html/daliyhisab/server/20/lib/node_modules/mysql/lib/protocol/sequences/Sequence.js:47:14)
    at Query.ErrorPacket (/home/appzetoa/nodevenv/public_html/daliyhisab/server/20/lib/node_modules/mysql/lib/protocol/sequences/Query.js:79:18)
    at Protocol._parsePacket (/home/appzetoa/nodevenv/public_html/daliyhisab/server/20/lib/node_modules/mysql/lib/protocol/Protocol.js:291:23)
    at Parser._parsePacket (/home/appzetoa/nodevenv/public_html/daliyhisab/server/20/lib/node_modules/mysql/lib/protocol/Parser.js:433:10)
    at Parser.write (/home/appzetoa/nodevenv/public_html/daliyhisab/server/20/lib/node_modules/mysql/lib/protocol/Parser.js:43:10)
    at Protocol.write (/home/appzetoa/nodevenv/public_html/daliyhisab/server/20/lib/node_modules/mysql/lib/protocol/Protocol.js:38:16)
    at Socket.<anonymous> (/home/appzetoa/nodevenv/public_html/daliyhisab/server/20/lib/node_modules/mysql/lib/Connection.js:88:28)
    at Socket.<anonymous> (/home/appzetoa/nodevenv/public_html/daliyhisab/server/20/lib/node_modules/mysql/lib/Connection.js:526:10)
    at Socket.emit (node:events:524:28)
    at Socket.emit (node:domain:489:12)
    --------------------
    at Protocol._enqueue (/home/appzetoa/nodevenv/public_html/daliyhisab/server/20/lib/node_modules/mysql/lib/protocol/Protocol.js:144:48)
    at Connection.query (/home/appzetoa/nodevenv/public_html/daliyhisab/server/20/lib/node_modules/mysql/lib/Connection.js:198:25)
    at file:///home/appzetoa/public_html/daliyhisab/server/controller/allController.js:2389:20
    at new Promise (<anonymous>)
    at getBusinessHealthScore (file:///home/appzetoa/public_html/daliyhisab/server/controller/allController.js:2382:12)
    at Query.<anonymous> (file:///home/appzetoa/public_html/daliyhisab/server/controller/allController.js:2282:46)
    at process.processTicksAndRejections (node:internal/process/task_queues:95:5) {
  code: 'ER_PARSE_ERROR',
  errno: 1064,
  sqlMessage: "You have an error in your SQL syntax; check the manual that corresponds to your MySQL server version for the right syntax to use near 'FROM expense_income_maste rWHERE user_id = '24' AND account_id = '2' AND delete_' at line 1",
  sqlState: '42000',
  index: 0,
  sql: "SELECT SUM(CASE WHEN receivable_payable = 1 THEN amount ELSE 0 END) AS total_receivable,SUM(CASE WHEN receivable_payable = 2 THEN amount ELSE 0 END) AS total_payable,FROM expense_income_maste rWHERE user_id = '24' AND account_id = '2' AND delete_flag = 0 AND YEAR(createtime) = '2025'"
}

Node.js v20.19.3
node:internal/process/promises:391
    triggerUncaughtException(err, true /* fromPromise */);
    ^

Error: ER_PARSE_ERROR: You have an error in your SQL syntax; check the manual that corresponds to your MySQL server version for the right syntax to use near 'user_id = '24' AND account_id = '2' AND delete_flag = 0 AND YEAR(createtime) = '' at line 1
    at Sequence._packetToError (/home/appzetoa/nodevenv/public_html/daliyhisab/server/20/lib/node_modules/mysql/lib/protocol/sequences/Sequence.js:47:14)
    at Query.ErrorPacket (/home/appzetoa/nodevenv/public_html/daliyhisab/server/20/lib/node_modules/mysql/lib/protocol/sequences/Query.js:79:18)
    at Protocol._parsePacket (/home/appzetoa/nodevenv/public_html/daliyhisab/server/20/lib/node_modules/mysql/lib/protocol/Protocol.js:291:23)
    at Parser._parsePacket (/home/appzetoa/nodevenv/public_html/daliyhisab/server/20/lib/node_modules/mysql/lib/protocol/Parser.js:433:10)
    at Parser.write (/home/appzetoa/nodevenv/public_html/daliyhisab/server/20/lib/node_modules/mysql/lib/protocol/Parser.js:43:10)
    at Protocol.write (/home/appzetoa/nodevenv/public_html/daliyhisab/server/20/lib/node_modules/mysql/lib/protocol/Protocol.js:38:16)
    at Socket.<anonymous> (/home/appzetoa/nodevenv/public_html/daliyhisab/server/20/lib/node_modules/mysql/lib/Connection.js:88:28)
    at Socket.<anonymous> (/home/appzetoa/nodevenv/public_html/daliyhisab/server/20/lib/node_modules/mysql/lib/Connection.js:526:10)
    at Socket.emit (node:events:524:28)
    at Socket.emit (node:domain:489:12)
    --------------------
    at Protocol._enqueue (/home/appzetoa/nodevenv/public_html/daliyhisab/server/20/lib/node_modules/mysql/lib/protocol/Protocol.js:144:48)
    at Connection.query (/home/appzetoa/nodevenv/public_html/daliyhisab/server/20/lib/node_modules/mysql/lib/Connection.js:198:25)
    at file:///home/appzetoa/public_html/daliyhisab/server/controller/allController.js:2389:20
    at new Promise (<anonymous>)
    at getBusinessHealthScore (file:///home/appzetoa/public_html/daliyhisab/server/controller/allController.js:2382:12)
    at Query.<anonymous> (file:///home/appzetoa/public_html/daliyhisab/server/controller/allController.js:2282:46)
    at process.processTicksAndRejections (node:internal/process/task_queues:95:5) {
  code: 'ER_PARSE_ERROR',
  errno: 1064,
  sqlMessage: "You have an error in your SQL syntax; check the manual that corresponds to your MySQL server version for the right syntax to use near 'user_id = '24' AND account_id = '2' AND delete_flag = 0 AND YEAR(createtime) = '' at line 1",
  sqlState: '42000',
  index: 0,
  sql: "SELECT SUM(CASE WHEN receivable_payable = 1 THEN amount ELSE 0 END) AS total_receivable,SUM(CASE WHEN receivable_payable = 2 THEN amount ELSE 0 END) AS total_payable FROM expense_income_maste rWHERE user_id = '24' AND account_id = '2' AND delete_flag = 0 AND YEAR(createtime) = '2025'"
}

Node.js v20.19.3
node:events:502
      throw er; // Unhandled 'error' event
      ^

Error: Packets out of order. Got: 0 Expected: 12
    at Parser._tryReadPacketHeader (/home/appzetoa/nodevenv/public_html/daliyhisab/server/20/lib/node_modules/mysql/lib/protocol/Parser.js:470:15)
    at Parser.write (/home/appzetoa/nodevenv/public_html/daliyhisab/server/20/lib/node_modules/mysql/lib/protocol/Parser.js:33:29)
    at Protocol.write (/home/appzetoa/nodevenv/public_html/daliyhisab/server/20/lib/node_modules/mysql/lib/protocol/Protocol.js:38:16)
    at Socket.<anonymous> (/home/appzetoa/nodevenv/public_html/daliyhisab/server/20/lib/node_modules/mysql/lib/Connection.js:88:28)
    at Socket.<anonymous> (/home/appzetoa/nodevenv/public_html/daliyhisab/server/20/lib/node_modules/mysql/lib/Connection.js:526:10)
    at Socket.emit (node:events:524:28)
    at Socket.emit (node:domain:489:12)
    at addChunk (node:internal/streams/readable:561:12)
    at readableAddChunkPushByteMode (node:internal/streams/readable:512:3)
    at Readable.push (node:internal/streams/readable:392:5)
Emitted 'error' event on Connection instance at:
    at Connection._handleProtocolError (/home/appzetoa/nodevenv/public_html/daliyhisab/server/20/lib/node_modules/mysql/lib/Connection.js:423:8)
    at Protocol.emit (node:events:524:28)
    at Protocol.emit (node:domain:489:12)
    at Protocol._delegateError (/home/appzetoa/nodevenv/public_html/daliyhisab/server/20/lib/node_modules/mysql/lib/protocol/Protocol.js:398:10)
    at Protocol.handleParserError (/home/appzetoa/nodevenv/public_html/daliyhisab/server/20/lib/node_modules/mysql/lib/protocol/Protocol.js:380:10)
    at Parser._tryReadPacketHeader (/home/appzetoa/nodevenv/public_html/daliyhisab/server/20/lib/node_modules/mysql/lib/protocol/Parser.js:478:10)
    at Parser.write (/home/appzetoa/nodevenv/public_html/daliyhisab/server/20/lib/node_modules/mysql/lib/protocol/Parser.js:33:29)
    [... lines matching original stack trace ...]
    at Socket.<anonymous> (/home/appzetoa/nodevenv/public_html/daliyhisab/server/20/lib/node_modules/mysql/lib/Connection.js:526:10) {
  code: 'PROTOCOL_PACKETS_OUT_OF_ORDER',
  fatal: true
}

Node.js v20.19.3
file:///home/appzetoa/public_html/daliyhisab/server/controller/allController.js:2461
export { addExpenseIncomeUdhari, addBudget, setAppLock, updateAppLock, addCategory, getUserCategory, editCategory, deleteCategory, getAllCategory, getFaq, addCustomers, getTeamMembers, deleteTeamMember, editTeamMember, addTeamMember, removeAppLock, createSupportTicket, getSupportTickets, createUserAccount, getSubscriptionData, getUserSubscription, getUserAccount, deleteUserAccount, notificationOnOff, purchaseSubscription, getCustomer, getMonthlyTransactions, getHomePageApi, getBudget, getUdhari, getGrocery, getReceivablePayable }
                                                                                                                                                                                                                                                                                                                                                                                                                                                                                                                                 ^^^^^^^^^^^^^^^^^^^^

SyntaxError: Export 'getReceivablePayable' is not defined in module
    at compileSourceTextModule (node:internal/modules/esm/utils:346:16)
    at ModuleLoader.moduleStrategy (node:internal/modules/esm/translators:146:18)
    at #translate (node:internal/modules/esm/loader:431:12)
    at ModuleLoader.getModuleJobForRequire (node:internal/modules/esm/loader:384:33)
    at new ModuleJobSync (node:internal/modules/esm/module_job:333:34)
    at ModuleLoader.getModuleJobForRequire (node:internal/modules/esm/loader:407:11)
    at new ModuleJobSync (node:internal/modules/esm/module_job:333:34)
    at ModuleLoader.importSyncForRequire (node:internal/modules/esm/loader:320:11)
    at loadESMFromCJS (node:internal/modules/cjs/loader:1371:24)
    at Module._compile (node:internal/modules/cjs/loader:1511:5)

Node.js v20.19.3
file:///home/appzetoa/public_html/daliyhisab/server/controller/allController.js:2461
export { addExpenseIncomeUdhari, addBudget, setAppLock, updateAppLock, addCategory, getUserCategory, editCategory, deleteCategory, getAllCategory, getFaq, addCustomers, getTeamMembers, deleteTeamMember, editTeamMember, addTeamMember, removeAppLock, createSupportTicket, getSupportTickets, createUserAccount, getSubscriptionData, getUserSubscription, getUserAccount, deleteUserAccount, notificationOnOff, purchaseSubscription, getCustomer, getMonthlyTransactions, getHomePageApi, getBudget, getUdhari, getGrocery, getReceivablePayable }
                                                                                                                                                                                                                                                                                                                                                                                                                                                                                                                                 ^^^^^^^^^^^^^^^^^^^^

SyntaxError: Export 'getReceivablePayable' is not defined in module
    at compileSourceTextModule (node:internal/modules/esm/utils:346:16)
    at ModuleLoader.moduleStrategy (node:internal/modules/esm/translators:146:18)
    at #translate (node:internal/modules/esm/loader:431:12)
    at ModuleLoader.getModuleJobForRequire (node:internal/modules/esm/loader:384:33)
    at new ModuleJobSync (node:internal/modules/esm/module_job:333:34)
    at ModuleLoader.getModuleJobForRequire (node:internal/modules/esm/loader:407:11)
    at new ModuleJobSync (node:internal/modules/esm/module_job:333:34)
    at ModuleLoader.importSyncForRequire (node:internal/modules/esm/loader:320:11)
    at loadESMFromCJS (node:internal/modules/cjs/loader:1371:24)
    at Module._compile (node:internal/modules/cjs/loader:1511:5)

Node.js v20.19.3
file:///home/appzetoa/public_html/daliyhisab/server/controller/allController.js:2461
export { addExpenseIncomeUdhari, addBudget, setAppLock, updateAppLock, addCategory, getUserCategory, editCategory, deleteCategory, getAllCategory, getFaq, addCustomers, getTeamMembers, deleteTeamMember, editTeamMember, addTeamMember, removeAppLock, createSupportTicket, getSupportTickets, createUserAccount, getSubscriptionData, getUserSubscription, getUserAccount, deleteUserAccount, notificationOnOff, purchaseSubscription, getCustomer, getMonthlyTransactions, getHomePageApi, getBudget, getUdhari, getGrocery, getReceivablePayable }
                                                                                                                                                                                                                                                                                                                                                                                                                                                                                                                                 ^^^^^^^^^^^^^^^^^^^^

SyntaxError: Export 'getReceivablePayable' is not defined in module
    at compileSourceTextModule (node:internal/modules/esm/utils:346:16)
    at ModuleLoader.moduleStrategy (node:internal/modules/esm/translators:146:18)
    at #translate (node:internal/modules/esm/loader:431:12)
    at ModuleLoader.getModuleJobForRequire (node:internal/modules/esm/loader:384:33)
    at new ModuleJobSync (node:internal/modules/esm/module_job:333:34)
    at ModuleLoader.getModuleJobForRequire (node:internal/modules/esm/loader:407:11)
    at new ModuleJobSync (node:internal/modules/esm/module_job:333:34)
    at ModuleLoader.importSyncForRequire (node:internal/modules/esm/loader:320:11)
    at loadESMFromCJS (node:internal/modules/cjs/loader:1371:24)
    at Module._compile (node:internal/modules/cjs/loader:1511:5)

Node.js v20.19.3
file:///home/appzetoa/public_html/daliyhisab/server/controller/allController.js:2461
export { addExpenseIncomeUdhari, addBudget, setAppLock, updateAppLock, addCategory, getUserCategory, editCategory, deleteCategory, getAllCategory, getFaq, addCustomers, getTeamMembers, deleteTeamMember, editTeamMember, addTeamMember, removeAppLock, createSupportTicket, getSupportTickets, createUserAccount, getSubscriptionData, getUserSubscription, getUserAccount, deleteUserAccount, notificationOnOff, purchaseSubscription, getCustomer, getMonthlyTransactions, getHomePageApi, getBudget, getUdhari, getGrocery, getReceivablePayable }
                                                                                                                                                                                                                                                                                                                                                                                                                                                                                                                                 ^^^^^^^^^^^^^^^^^^^^

SyntaxError: Export 'getReceivablePayable' is not defined in module
    at compileSourceTextModule (node:internal/modules/esm/utils:346:16)
    at ModuleLoader.moduleStrategy (node:internal/modules/esm/translators:146:18)
    at #translate (node:internal/modules/esm/loader:431:12)
    at ModuleLoader.getModuleJobForRequire (node:internal/modules/esm/loader:384:33)
    at new ModuleJobSync (node:internal/modules/esm/module_job:333:34)
    at ModuleLoader.getModuleJobForRequire (node:internal/modules/esm/loader:407:11)
    at new ModuleJobSync (node:internal/modules/esm/module_job:333:34)
    at ModuleLoader.importSyncForRequire (node:internal/modules/esm/loader:320:11)
    at loadESMFromCJS (node:internal/modules/cjs/loader:1371:24)
    at Module._compile (node:internal/modules/cjs/loader:1511:5)

Node.js v20.19.3
file:///home/appzetoa/public_html/daliyhisab/server/controller/allController.js:2461
export { addExpenseIncomeUdhari, addBudget, setAppLock, updateAppLock, addCategory, getUserCategory, editCategory, deleteCategory, getAllCategory, getFaq, addCustomers, getTeamMembers, deleteTeamMember, editTeamMember, addTeamMember, removeAppLock, createSupportTicket, getSupportTickets, createUserAccount, getSubscriptionData, getUserSubscription, getUserAccount, deleteUserAccount, notificationOnOff, purchaseSubscription, getCustomer, getMonthlyTransactions, getHomePageApi, getBudget, getUdhari, getGrocery, getReceivablePayable }
                                                                                                                                                                                                                                                                                                                                                                                                                                                                                                                                 ^^^^^^^^^^^^^^^^^^^^

SyntaxError: Export 'getReceivablePayable' is not defined in module
    at compileSourceTextModule (node:internal/modules/esm/utils:346:16)
    at ModuleLoader.moduleStrategy (node:internal/modules/esm/translators:146:18)
    at #translate (node:internal/modules/esm/loader:431:12)
    at ModuleLoader.getModuleJobForRequire (node:internal/modules/esm/loader:384:33)
    at new ModuleJobSync (node:internal/modules/esm/module_job:333:34)
    at ModuleLoader.getModuleJobForRequire (node:internal/modules/esm/loader:407:11)
    at new ModuleJobSync (node:internal/modules/esm/module_job:333:34)
    at ModuleLoader.importSyncForRequire (node:internal/modules/esm/loader:320:11)
    at loadESMFromCJS (node:internal/modules/cjs/loader:1371:24)
    at Module._compile (node:internal/modules/cjs/loader:1511:5)

Node.js v20.19.3
node:events:502
      throw er; // Unhandled 'error' event
      ^

Error: Packets out of order. Got: 0 Expected: 15
    at Parser._tryReadPacketHeader (/home/appzetoa/nodevenv/public_html/daliyhisab/server/20/lib/node_modules/mysql/lib/protocol/Parser.js:470:15)
    at Parser.write (/home/appzetoa/nodevenv/public_html/daliyhisab/server/20/lib/node_modules/mysql/lib/protocol/Parser.js:33:29)
    at Protocol.write (/home/appzetoa/nodevenv/public_html/daliyhisab/server/20/lib/node_modules/mysql/lib/protocol/Protocol.js:38:16)
    at Socket.<anonymous> (/home/appzetoa/nodevenv/public_html/daliyhisab/server/20/lib/node_modules/mysql/lib/Connection.js:88:28)
    at Socket.<anonymous> (/home/appzetoa/nodevenv/public_html/daliyhisab/server/20/lib/node_modules/mysql/lib/Connection.js:526:10)
    at Socket.emit (node:events:524:28)
    at addChunk (node:internal/streams/readable:561:12)
    at readableAddChunkPushByteMode (node:internal/streams/readable:512:3)
    at Readable.push (node:internal/streams/readable:392:5)
    at TCP.onStreamRead (node:internal/stream_base_commons:191:23)
Emitted 'error' event on Connection instance at:
    at Connection._handleProtocolError (/home/appzetoa/nodevenv/public_html/daliyhisab/server/20/lib/node_modules/mysql/lib/Connection.js:423:8)
    at Protocol.emit (node:events:524:28)
    at Protocol._delegateError (/home/appzetoa/nodevenv/public_html/daliyhisab/server/20/lib/node_modules/mysql/lib/protocol/Protocol.js:398:10)
    at Protocol.handleParserError (/home/appzetoa/nodevenv/public_html/daliyhisab/server/20/lib/node_modules/mysql/lib/protocol/Protocol.js:380:10)
    at Parser._tryReadPacketHeader (/home/appzetoa/nodevenv/public_html/daliyhisab/server/20/lib/node_modules/mysql/lib/protocol/Parser.js:478:10)
    at Parser.write (/home/appzetoa/nodevenv/public_html/daliyhisab/server/20/lib/node_modules/mysql/lib/protocol/Parser.js:33:29)
    [... lines matching original stack trace ...]
    at Socket.emit (node:events:524:28) {
  code: 'PROTOCOL_PACKETS_OUT_OF_ORDER',
  fatal: true
}

Node.js v20.19.3
node:events:502
      throw er; // Unhandled 'error' event
      ^

Error: Packets out of order. Got: 0 Expected: 12
    at Parser._tryReadPacketHeader (/home/appzetoa/nodevenv/public_html/daliyhisab/server/20/lib/node_modules/mysql/lib/protocol/Parser.js:470:15)
    at Parser.write (/home/appzetoa/nodevenv/public_html/daliyhisab/server/20/lib/node_modules/mysql/lib/protocol/Parser.js:33:29)
    at Protocol.write (/home/appzetoa/nodevenv/public_html/daliyhisab/server/20/lib/node_modules/mysql/lib/protocol/Protocol.js:38:16)
    at Socket.<anonymous> (/home/appzetoa/nodevenv/public_html/daliyhisab/server/20/lib/node_modules/mysql/lib/Connection.js:88:28)
    at Socket.<anonymous> (/home/appzetoa/nodevenv/public_html/daliyhisab/server/20/lib/node_modules/mysql/lib/Connection.js:526:10)
    at Socket.emit (node:events:524:28)
    at addChunk (node:internal/streams/readable:561:12)
    at readableAddChunkPushByteMode (node:internal/streams/readable:512:3)
    at Readable.push (node:internal/streams/readable:392:5)
    at TCP.onStreamRead (node:internal/stream_base_commons:191:23)
Emitted 'error' event on Connection instance at:
    at Connection._handleProtocolError (/home/appzetoa/nodevenv/public_html/daliyhisab/server/20/lib/node_modules/mysql/lib/Connection.js:423:8)
    at Protocol.emit (node:events:524:28)
    at Protocol._delegateError (/home/appzetoa/nodevenv/public_html/daliyhisab/server/20/lib/node_modules/mysql/lib/protocol/Protocol.js:398:10)
    at Protocol.handleParserError (/home/appzetoa/nodevenv/public_html/daliyhisab/server/20/lib/node_modules/mysql/lib/protocol/Protocol.js:380:10)
    at Parser._tryReadPacketHeader (/home/appzetoa/nodevenv/public_html/daliyhisab/server/20/lib/node_modules/mysql/lib/protocol/Parser.js:478:10)
    at Parser.write (/home/appzetoa/nodevenv/public_html/daliyhisab/server/20/lib/node_modules/mysql/lib/protocol/Parser.js:33:29)
    [... lines matching original stack trace ...]
    at Socket.emit (node:events:524:28) {
  code: 'PROTOCOL_PACKETS_OUT_OF_ORDER',
  fatal: true
}

Node.js v20.19.3
node:events:502
      throw er; // Unhandled 'error' event
      ^

Error: Packets out of order. Got: 0 Expected: 37
    at Parser._tryReadPacketHeader (/home/appzetoa/nodevenv/public_html/daliyhisab/server/20/lib/node_modules/mysql/lib/protocol/Parser.js:470:15)
    at Parser.write (/home/appzetoa/nodevenv/public_html/daliyhisab/server/20/lib/node_modules/mysql/lib/protocol/Parser.js:33:29)
    at Protocol.write (/home/appzetoa/nodevenv/public_html/daliyhisab/server/20/lib/node_modules/mysql/lib/protocol/Protocol.js:38:16)
    at Socket.<anonymous> (/home/appzetoa/nodevenv/public_html/daliyhisab/server/20/lib/node_modules/mysql/lib/Connection.js:88:28)
    at Socket.<anonymous> (/home/appzetoa/nodevenv/public_html/daliyhisab/server/20/lib/node_modules/mysql/lib/Connection.js:526:10)
    at Socket.emit (node:events:524:28)
    at addChunk (node:internal/streams/readable:561:12)
    at readableAddChunkPushByteMode (node:internal/streams/readable:512:3)
    at Readable.push (node:internal/streams/readable:392:5)
    at TCP.onStreamRead (node:internal/stream_base_commons:191:23)
Emitted 'error' event on Connection instance at:
    at Connection._handleProtocolError (/home/appzetoa/nodevenv/public_html/daliyhisab/server/20/lib/node_modules/mysql/lib/Connection.js:423:8)
    at Protocol.emit (node:events:524:28)
    at Protocol._delegateError (/home/appzetoa/nodevenv/public_html/daliyhisab/server/20/lib/node_modules/mysql/lib/protocol/Protocol.js:398:10)
    at Protocol.handleParserError (/home/appzetoa/nodevenv/public_html/daliyhisab/server/20/lib/node_modules/mysql/lib/protocol/Protocol.js:380:10)
    at Parser._tryReadPacketHeader (/home/appzetoa/nodevenv/public_html/daliyhisab/server/20/lib/node_modules/mysql/lib/protocol/Parser.js:478:10)
    at Parser.write (/home/appzetoa/nodevenv/public_html/daliyhisab/server/20/lib/node_modules/mysql/lib/protocol/Parser.js:33:29)
    [... lines matching original stack trace ...]
    at Socket.emit (node:events:524:28) {
  code: 'PROTOCOL_PACKETS_OUT_OF_ORDER',
  fatal: true
}

Node.js v20.19.3
node:events:502
      throw er; // Unhandled 'error' event
      ^

Error: Packets out of order. Got: 0 Expected: 12
    at Parser._tryReadPacketHeader (/home/appzetoa/nodevenv/public_html/daliyhisab/server/20/lib/node_modules/mysql/lib/protocol/Parser.js:470:15)
    at Parser.write (/home/appzetoa/nodevenv/public_html/daliyhisab/server/20/lib/node_modules/mysql/lib/protocol/Parser.js:33:29)
    at Protocol.write (/home/appzetoa/nodevenv/public_html/daliyhisab/server/20/lib/node_modules/mysql/lib/protocol/Protocol.js:38:16)
    at Socket.<anonymous> (/home/appzetoa/nodevenv/public_html/daliyhisab/server/20/lib/node_modules/mysql/lib/Connection.js:88:28)
    at Socket.<anonymous> (/home/appzetoa/nodevenv/public_html/daliyhisab/server/20/lib/node_modules/mysql/lib/Connection.js:526:10)
    at Socket.emit (node:events:524:28)
    at addChunk (node:internal/streams/readable:561:12)
    at readableAddChunkPushByteMode (node:internal/streams/readable:512:3)
    at Readable.push (node:internal/streams/readable:392:5)
    at TCP.onStreamRead (node:internal/stream_base_commons:191:23)
Emitted 'error' event on Connection instance at:
    at Connection._handleProtocolError (/home/appzetoa/nodevenv/public_html/daliyhisab/server/20/lib/node_modules/mysql/lib/Connection.js:423:8)
    at Protocol.emit (node:events:524:28)
    at Protocol._delegateError (/home/appzetoa/nodevenv/public_html/daliyhisab/server/20/lib/node_modules/mysql/lib/protocol/Protocol.js:398:10)
    at Protocol.handleParserError (/home/appzetoa/nodevenv/public_html/daliyhisab/server/20/lib/node_modules/mysql/lib/protocol/Protocol.js:380:10)
    at Parser._tryReadPacketHeader (/home/appzetoa/nodevenv/public_html/daliyhisab/server/20/lib/node_modules/mysql/lib/protocol/Parser.js:478:10)
    at Parser.write (/home/appzetoa/nodevenv/public_html/daliyhisab/server/20/lib/node_modules/mysql/lib/protocol/Parser.js:33:29)
    [... lines matching original stack trace ...]
    at Socket.emit (node:events:524:28) {
  code: 'PROTOCOL_PACKETS_OUT_OF_ORDER',
  fatal: true
}

Node.js v20.19.3
node:events:502
      throw er; // Unhandled 'error' event
      ^

Error: Packets out of order. Got: 0 Expected: 12
    at Parser._tryReadPacketHeader (/home/appzetoa/nodevenv/public_html/daliyhisab/server/20/lib/node_modules/mysql/lib/protocol/Parser.js:470:15)
    at Parser.write (/home/appzetoa/nodevenv/public_html/daliyhisab/server/20/lib/node_modules/mysql/lib/protocol/Parser.js:33:29)
    at Protocol.write (/home/appzetoa/nodevenv/public_html/daliyhisab/server/20/lib/node_modules/mysql/lib/protocol/Protocol.js:38:16)
    at Socket.<anonymous> (/home/appzetoa/nodevenv/public_html/daliyhisab/server/20/lib/node_modules/mysql/lib/Connection.js:88:28)
    at Socket.<anonymous> (/home/appzetoa/nodevenv/public_html/daliyhisab/server/20/lib/node_modules/mysql/lib/Connection.js:526:10)
    at Socket.emit (node:events:524:28)
    at addChunk (node:internal/streams/readable:561:12)
    at readableAddChunkPushByteMode (node:internal/streams/readable:512:3)
    at Readable.push (node:internal/streams/readable:392:5)
    at TCP.onStreamRead (node:internal/stream_base_commons:191:23)
Emitted 'error' event on Connection instance at:
    at Connection._handleProtocolError (/home/appzetoa/nodevenv/public_html/daliyhisab/server/20/lib/node_modules/mysql/lib/Connection.js:423:8)
    at Protocol.emit (node:events:524:28)
    at Protocol._delegateError (/home/appzetoa/nodevenv/public_html/daliyhisab/server/20/lib/node_modules/mysql/lib/protocol/Protocol.js:398:10)
    at Protocol.handleParserError (/home/appzetoa/nodevenv/public_html/daliyhisab/server/20/lib/node_modules/mysql/lib/protocol/Protocol.js:380:10)
    at Parser._tryReadPacketHeader (/home/appzetoa/nodevenv/public_html/daliyhisab/server/20/lib/node_modules/mysql/lib/protocol/Parser.js:478:10)
    at Parser.write (/home/appzetoa/nodevenv/public_html/daliyhisab/server/20/lib/node_modules/mysql/lib/protocol/Parser.js:33:29)
    [... lines matching original stack trace ...]
    at Socket.emit (node:events:524:28) {
  code: 'PROTOCOL_PACKETS_OUT_OF_ORDER',
  fatal: true
}

Node.js v20.19.3
node:events:502
      throw er; // Unhandled 'error' event
      ^

Error: Packets out of order. Got: 0 Expected: 12
    at Parser._tryReadPacketHeader (/home/appzetoa/nodevenv/public_html/daliyhisab/server/20/lib/node_modules/mysql/lib/protocol/Parser.js:470:15)
    at Parser.write (/home/appzetoa/nodevenv/public_html/daliyhisab/server/20/lib/node_modules/mysql/lib/protocol/Parser.js:33:29)
    at Protocol.write (/home/appzetoa/nodevenv/public_html/daliyhisab/server/20/lib/node_modules/mysql/lib/protocol/Protocol.js:38:16)
    at Socket.<anonymous> (/home/appzetoa/nodevenv/public_html/daliyhisab/server/20/lib/node_modules/mysql/lib/Connection.js:88:28)
    at Socket.<anonymous> (/home/appzetoa/nodevenv/public_html/daliyhisab/server/20/lib/node_modules/mysql/lib/Connection.js:526:10)
    at Socket.emit (node:events:524:28)
    at addChunk (node:internal/streams/readable:561:12)
    at readableAddChunkPushByteMode (node:internal/streams/readable:512:3)
    at Readable.push (node:internal/streams/readable:392:5)
    at TCP.onStreamRead (node:internal/stream_base_commons:191:23)
Emitted 'error' event on Connection instance at:
    at Connection._handleProtocolError (/home/appzetoa/nodevenv/public_html/daliyhisab/server/20/lib/node_modules/mysql/lib/Connection.js:423:8)
    at Protocol.emit (node:events:524:28)
    at Protocol._delegateError (/home/appzetoa/nodevenv/public_html/daliyhisab/server/20/lib/node_modules/mysql/lib/protocol/Protocol.js:398:10)
    at Protocol.handleParserError (/home/appzetoa/nodevenv/public_html/daliyhisab/server/20/lib/node_modules/mysql/lib/protocol/Protocol.js:380:10)
    at Parser._tryReadPacketHeader (/home/appzetoa/nodevenv/public_html/daliyhisab/server/20/lib/node_modules/mysql/lib/protocol/Parser.js:478:10)
    at Parser.write (/home/appzetoa/nodevenv/public_html/daliyhisab/server/20/lib/node_modules/mysql/lib/protocol/Parser.js:33:29)
    [... lines matching original stack trace ...]
    at Socket.emit (node:events:524:28) {
  code: 'PROTOCOL_PACKETS_OUT_OF_ORDER',
  fatal: true
}

Node.js v20.19.3
node:events:502
      throw er; // Unhandled 'error' event
      ^

Error: Packets out of order. Got: 0 Expected: 13
    at Parser._tryReadPacketHeader (/home/appzetoa/nodevenv/public_html/daliyhisab/server/20/lib/node_modules/mysql/lib/protocol/Parser.js:470:15)
    at Parser.write (/home/appzetoa/nodevenv/public_html/daliyhisab/server/20/lib/node_modules/mysql/lib/protocol/Parser.js:33:29)
    at Protocol.write (/home/appzetoa/nodevenv/public_html/daliyhisab/server/20/lib/node_modules/mysql/lib/protocol/Protocol.js:38:16)
    at Socket.<anonymous> (/home/appzetoa/nodevenv/public_html/daliyhisab/server/20/lib/node_modules/mysql/lib/Connection.js:88:28)
    at Socket.<anonymous> (/home/appzetoa/nodevenv/public_html/daliyhisab/server/20/lib/node_modules/mysql/lib/Connection.js:526:10)
    at Socket.emit (node:events:524:28)
    at addChunk (node:internal/streams/readable:561:12)
    at readableAddChunkPushByteMode (node:internal/streams/readable:512:3)
    at Readable.push (node:internal/streams/readable:392:5)
    at TCP.onStreamRead (node:internal/stream_base_commons:191:23)
Emitted 'error' event on Connection instance at:
    at Connection._handleProtocolError (/home/appzetoa/nodevenv/public_html/daliyhisab/server/20/lib/node_modules/mysql/lib/Connection.js:423:8)
    at Protocol.emit (node:events:524:28)
    at Protocol._delegateError (/home/appzetoa/nodevenv/public_html/daliyhisab/server/20/lib/node_modules/mysql/lib/protocol/Protocol.js:398:10)
    at Protocol.handleParserError (/home/appzetoa/nodevenv/public_html/daliyhisab/server/20/lib/node_modules/mysql/lib/protocol/Protocol.js:380:10)
    at Parser._tryReadPacketHeader (/home/appzetoa/nodevenv/public_html/daliyhisab/server/20/lib/node_modules/mysql/lib/protocol/Parser.js:478:10)
    at Parser.write (/home/appzetoa/nodevenv/public_html/daliyhisab/server/20/lib/node_modules/mysql/lib/protocol/Parser.js:33:29)
    [... lines matching original stack trace ...]
    at Socket.emit (node:events:524:28) {
  code: 'PROTOCOL_PACKETS_OUT_OF_ORDER',
  fatal: true
}

Node.js v20.19.3
node:events:502
      throw er; // Unhandled 'error' event
      ^

Error: Packets out of order. Got: 0 Expected: 12
    at Parser._tryReadPacketHeader (/home/appzetoa/nodevenv/public_html/daliyhisab/server/20/lib/node_modules/mysql/lib/protocol/Parser.js:470:15)
    at Parser.write (/home/appzetoa/nodevenv/public_html/daliyhisab/server/20/lib/node_modules/mysql/lib/protocol/Parser.js:33:29)
    at Protocol.write (/home/appzetoa/nodevenv/public_html/daliyhisab/server/20/lib/node_modules/mysql/lib/protocol/Protocol.js:38:16)
    at Socket.<anonymous> (/home/appzetoa/nodevenv/public_html/daliyhisab/server/20/lib/node_modules/mysql/lib/Connection.js:88:28)
    at Socket.<anonymous> (/home/appzetoa/nodevenv/public_html/daliyhisab/server/20/lib/node_modules/mysql/lib/Connection.js:526:10)
    at Socket.emit (node:events:524:28)
    at addChunk (node:internal/streams/readable:561:12)
    at readableAddChunkPushByteMode (node:internal/streams/readable:512:3)
    at Readable.push (node:internal/streams/readable:392:5)
    at TCP.onStreamRead (node:internal/stream_base_commons:191:23)
Emitted 'error' event on Connection instance at:
    at Connection._handleProtocolError (/home/appzetoa/nodevenv/public_html/daliyhisab/server/20/lib/node_modules/mysql/lib/Connection.js:423:8)
    at Protocol.emit (node:events:524:28)
    at Protocol._delegateError (/home/appzetoa/nodevenv/public_html/daliyhisab/server/20/lib/node_modules/mysql/lib/protocol/Protocol.js:398:10)
    at Protocol.handleParserError (/home/appzetoa/nodevenv/public_html/daliyhisab/server/20/lib/node_modules/mysql/lib/protocol/Protocol.js:380:10)
    at Parser._tryReadPacketHeader (/home/appzetoa/nodevenv/public_html/daliyhisab/server/20/lib/node_modules/mysql/lib/protocol/Parser.js:478:10)
    at Parser.write (/home/appzetoa/nodevenv/public_html/daliyhisab/server/20/lib/node_modules/mysql/lib/protocol/Parser.js:33:29)
    [... lines matching original stack trace ...]
    at Socket.emit (node:events:524:28) {
  code: 'PROTOCOL_PACKETS_OUT_OF_ORDER',
  fatal: true
}

Node.js v20.19.3
node:events:502
      throw er; // Unhandled 'error' event
      ^

Error: Packets out of order. Got: 0 Expected: 2
    at Parser._tryReadPacketHeader (/home/appzetoa/nodevenv/public_html/daliyhisab/server/20/lib/node_modules/mysql/lib/protocol/Parser.js:470:15)
    at Parser.write (/home/appzetoa/nodevenv/public_html/daliyhisab/server/20/lib/node_modules/mysql/lib/protocol/Parser.js:33:29)
    at Protocol.write (/home/appzetoa/nodevenv/public_html/daliyhisab/server/20/lib/node_modules/mysql/lib/protocol/Protocol.js:38:16)
    at Socket.<anonymous> (/home/appzetoa/nodevenv/public_html/daliyhisab/server/20/lib/node_modules/mysql/lib/Connection.js:88:28)
    at Socket.<anonymous> (/home/appzetoa/nodevenv/public_html/daliyhisab/server/20/lib/node_modules/mysql/lib/Connection.js:526:10)
    at Socket.emit (node:events:524:28)
    at addChunk (node:internal/streams/readable:561:12)
    at readableAddChunkPushByteMode (node:internal/streams/readable:512:3)
    at Readable.push (node:internal/streams/readable:392:5)
    at TCP.onStreamRead (node:internal/stream_base_commons:191:23)
Emitted 'error' event on Connection instance at:
    at Connection._handleProtocolError (/home/appzetoa/nodevenv/public_html/daliyhisab/server/20/lib/node_modules/mysql/lib/Connection.js:423:8)
    at Protocol.emit (node:events:524:28)
    at Protocol._delegateError (/home/appzetoa/nodevenv/public_html/daliyhisab/server/20/lib/node_modules/mysql/lib/protocol/Protocol.js:398:10)
    at Protocol.handleParserError (/home/appzetoa/nodevenv/public_html/daliyhisab/server/20/lib/node_modules/mysql/lib/protocol/Protocol.js:380:10)
    at Parser._tryReadPacketHeader (/home/appzetoa/nodevenv/public_html/daliyhisab/server/20/lib/node_modules/mysql/lib/protocol/Parser.js:478:10)
    at Parser.write (/home/appzetoa/nodevenv/public_html/daliyhisab/server/20/lib/node_modules/mysql/lib/protocol/Parser.js:33:29)
    [... lines matching original stack trace ...]
    at Socket.emit (node:events:524:28) {
  code: 'PROTOCOL_PACKETS_OUT_OF_ORDER',
  fatal: true
}

Node.js v20.19.3
node:events:502
      throw er; // Unhandled 'error' event
      ^

Error: Packets out of order. Got: 0 Expected: 12
    at Parser._tryReadPacketHeader (/home/appzetoa/nodevenv/public_html/daliyhisab/server/20/lib/node_modules/mysql/lib/protocol/Parser.js:470:15)
    at Parser.write (/home/appzetoa/nodevenv/public_html/daliyhisab/server/20/lib/node_modules/mysql/lib/protocol/Parser.js:33:29)
    at Protocol.write (/home/appzetoa/nodevenv/public_html/daliyhisab/server/20/lib/node_modules/mysql/lib/protocol/Protocol.js:38:16)
    at Socket.<anonymous> (/home/appzetoa/nodevenv/public_html/daliyhisab/server/20/lib/node_modules/mysql/lib/Connection.js:88:28)
    at Socket.<anonymous> (/home/appzetoa/nodevenv/public_html/daliyhisab/server/20/lib/node_modules/mysql/lib/Connection.js:526:10)
    at Socket.emit (node:events:524:28)
    at addChunk (node:internal/streams/readable:561:12)
    at readableAddChunkPushByteMode (node:internal/streams/readable:512:3)
    at Readable.push (node:internal/streams/readable:392:5)
    at TCP.onStreamRead (node:internal/stream_base_commons:191:23)
Emitted 'error' event on Connection instance at:
    at Connection._handleProtocolError (/home/appzetoa/nodevenv/public_html/daliyhisab/server/20/lib/node_modules/mysql/lib/Connection.js:423:8)
    at Protocol.emit (node:events:524:28)
    at Protocol._delegateError (/home/appzetoa/nodevenv/public_html/daliyhisab/server/20/lib/node_modules/mysql/lib/protocol/Protocol.js:398:10)
    at Protocol.handleParserError (/home/appzetoa/nodevenv/public_html/daliyhisab/server/20/lib/node_modules/mysql/lib/protocol/Protocol.js:380:10)
    at Parser._tryReadPacketHeader (/home/appzetoa/nodevenv/public_html/daliyhisab/server/20/lib/node_modules/mysql/lib/protocol/Parser.js:478:10)
    at Parser.write (/home/appzetoa/nodevenv/public_html/daliyhisab/server/20/lib/node_modules/mysql/lib/protocol/Parser.js:33:29)
    [... lines matching original stack trace ...]
    at Socket.emit (node:events:524:28) {
  code: 'PROTOCOL_PACKETS_OUT_OF_ORDER',
  fatal: true
}

Node.js v20.19.3
node:events:502
      throw er; // Unhandled 'error' event
      ^

Error: Packets out of order. Got: 0 Expected: 14
    at Parser._tryReadPacketHeader (/home/appzetoa/nodevenv/public_html/daliyhisab/server/20/lib/node_modules/mysql/lib/protocol/Parser.js:470:15)
    at Parser.write (/home/appzetoa/nodevenv/public_html/daliyhisab/server/20/lib/node_modules/mysql/lib/protocol/Parser.js:33:29)
    at Protocol.write (/home/appzetoa/nodevenv/public_html/daliyhisab/server/20/lib/node_modules/mysql/lib/protocol/Protocol.js:38:16)
    at Socket.<anonymous> (/home/appzetoa/nodevenv/public_html/daliyhisab/server/20/lib/node_modules/mysql/lib/Connection.js:88:28)
    at Socket.<anonymous> (/home/appzetoa/nodevenv/public_html/daliyhisab/server/20/lib/node_modules/mysql/lib/Connection.js:526:10)
    at Socket.emit (node:events:524:28)
    at addChunk (node:internal/streams/readable:561:12)
    at readableAddChunkPushByteMode (node:internal/streams/readable:512:3)
    at Readable.push (node:internal/streams/readable:392:5)
    at TCP.onStreamRead (node:internal/stream_base_commons:191:23)
Emitted 'error' event on Connection instance at:
    at Connection._handleProtocolError (/home/appzetoa/nodevenv/public_html/daliyhisab/server/20/lib/node_modules/mysql/lib/Connection.js:423:8)
    at Protocol.emit (node:events:524:28)
    at Protocol._delegateError (/home/appzetoa/nodevenv/public_html/daliyhisab/server/20/lib/node_modules/mysql/lib/protocol/Protocol.js:398:10)
    at Protocol.handleParserError (/home/appzetoa/nodevenv/public_html/daliyhisab/server/20/lib/node_modules/mysql/lib/protocol/Protocol.js:380:10)
    at Parser._tryReadPacketHeader (/home/appzetoa/nodevenv/public_html/daliyhisab/server/20/lib/node_modules/mysql/lib/protocol/Parser.js:478:10)
    at Parser.write (/home/appzetoa/nodevenv/public_html/daliyhisab/server/20/lib/node_modules/mysql/lib/protocol/Parser.js:33:29)
    [... lines matching original stack trace ...]
    at Socket.emit (node:events:524:28) {
  code: 'PROTOCOL_PACKETS_OUT_OF_ORDER',
  fatal: true
}

Node.js v20.19.3
node:events:502
      throw er; // Unhandled 'error' event
      ^

Error: Packets out of order. Got: 0 Expected: 8
    at Parser._tryReadPacketHeader (/home/appzetoa/nodevenv/public_html/daliyhisab/server/20/lib/node_modules/mysql/lib/protocol/Parser.js:470:15)
    at Parser.write (/home/appzetoa/nodevenv/public_html/daliyhisab/server/20/lib/node_modules/mysql/lib/protocol/Parser.js:33:29)
    at Protocol.write (/home/appzetoa/nodevenv/public_html/daliyhisab/server/20/lib/node_modules/mysql/lib/protocol/Protocol.js:38:16)
    at Socket.<anonymous> (/home/appzetoa/nodevenv/public_html/daliyhisab/server/20/lib/node_modules/mysql/lib/Connection.js:88:28)
    at Socket.<anonymous> (/home/appzetoa/nodevenv/public_html/daliyhisab/server/20/lib/node_modules/mysql/lib/Connection.js:526:10)
    at Socket.emit (node:events:524:28)
    at addChunk (node:internal/streams/readable:561:12)
    at readableAddChunkPushByteMode (node:internal/streams/readable:512:3)
    at Readable.push (node:internal/streams/readable:392:5)
    at TCP.onStreamRead (node:internal/stream_base_commons:191:23)
Emitted 'error' event on Connection instance at:
    at Connection._handleProtocolError (/home/appzetoa/nodevenv/public_html/daliyhisab/server/20/lib/node_modules/mysql/lib/Connection.js:423:8)
    at Protocol.emit (node:events:524:28)
    at Protocol._delegateError (/home/appzetoa/nodevenv/public_html/daliyhisab/server/20/lib/node_modules/mysql/lib/protocol/Protocol.js:398:10)
    at Protocol.handleParserError (/home/appzetoa/nodevenv/public_html/daliyhisab/server/20/lib/node_modules/mysql/lib/protocol/Protocol.js:380:10)
    at Parser._tryReadPacketHeader (/home/appzetoa/nodevenv/public_html/daliyhisab/server/20/lib/node_modules/mysql/lib/protocol/Parser.js:478:10)
    at Parser.write (/home/appzetoa/nodevenv/public_html/daliyhisab/server/20/lib/node_modules/mysql/lib/protocol/Parser.js:33:29)
    [... lines matching original stack trace ...]
    at Socket.emit (node:events:524:28) {
  code: 'PROTOCOL_PACKETS_OUT_OF_ORDER',
  fatal: true
}

Node.js v20.19.3
node:events:502
      throw er; // Unhandled 'error' event
      ^

Error: Packets out of order. Got: 0 Expected: 12
    at Parser._tryReadPacketHeader (/home/appzetoa/nodevenv/public_html/daliyhisab/server/20/lib/node_modules/mysql/lib/protocol/Parser.js:470:15)
    at Parser.write (/home/appzetoa/nodevenv/public_html/daliyhisab/server/20/lib/node_modules/mysql/lib/protocol/Parser.js:33:29)
    at Protocol.write (/home/appzetoa/nodevenv/public_html/daliyhisab/server/20/lib/node_modules/mysql/lib/protocol/Protocol.js:38:16)
    at Socket.<anonymous> (/home/appzetoa/nodevenv/public_html/daliyhisab/server/20/lib/node_modules/mysql/lib/Connection.js:88:28)
    at Socket.<anonymous> (/home/appzetoa/nodevenv/public_html/daliyhisab/server/20/lib/node_modules/mysql/lib/Connection.js:526:10)
    at Socket.emit (node:events:524:28)
    at addChunk (node:internal/streams/readable:561:12)
    at readableAddChunkPushByteMode (node:internal/streams/readable:512:3)
    at Readable.push (node:internal/streams/readable:392:5)
    at TCP.onStreamRead (node:internal/stream_base_commons:191:23)
Emitted 'error' event on Connection instance at:
    at Connection._handleProtocolError (/home/appzetoa/nodevenv/public_html/daliyhisab/server/20/lib/node_modules/mysql/lib/Connection.js:423:8)
    at Protocol.emit (node:events:524:28)
    at Protocol._delegateError (/home/appzetoa/nodevenv/public_html/daliyhisab/server/20/lib/node_modules/mysql/lib/protocol/Protocol.js:398:10)
    at Protocol.handleParserError (/home/appzetoa/nodevenv/public_html/daliyhisab/server/20/lib/node_modules/mysql/lib/protocol/Protocol.js:380:10)
    at Parser._tryReadPacketHeader (/home/appzetoa/nodevenv/public_html/daliyhisab/server/20/lib/node_modules/mysql/lib/protocol/Parser.js:478:10)
    at Parser.write (/home/appzetoa/nodevenv/public_html/daliyhisab/server/20/lib/node_modules/mysql/lib/protocol/Parser.js:33:29)
    [... lines matching original stack trace ...]
    at Socket.emit (node:events:524:28) {
  code: 'PROTOCOL_PACKETS_OUT_OF_ORDER',
  fatal: true
}

Node.js v20.19.3
node:events:502
      throw er; // Unhandled 'error' event
      ^

Error: Packets out of order. Got: 0 Expected: 15
    at Parser._tryReadPacketHeader (/home/appzetoa/nodevenv/public_html/daliyhisab/server/20/lib/node_modules/mysql/lib/protocol/Parser.js:470:15)
    at Parser.write (/home/appzetoa/nodevenv/public_html/daliyhisab/server/20/lib/node_modules/mysql/lib/protocol/Parser.js:33:29)
    at Protocol.write (/home/appzetoa/nodevenv/public_html/daliyhisab/server/20/lib/node_modules/mysql/lib/protocol/Protocol.js:38:16)
    at Socket.<anonymous> (/home/appzetoa/nodevenv/public_html/daliyhisab/server/20/lib/node_modules/mysql/lib/Connection.js:88:28)
    at Socket.<anonymous> (/home/appzetoa/nodevenv/public_html/daliyhisab/server/20/lib/node_modules/mysql/lib/Connection.js:526:10)
    at Socket.emit (node:events:524:28)
    at addChunk (node:internal/streams/readable:561:12)
    at readableAddChunkPushByteMode (node:internal/streams/readable:512:3)
    at Readable.push (node:internal/streams/readable:392:5)
    at TCP.onStreamRead (node:internal/stream_base_commons:191:23)
Emitted 'error' event on Connection instance at:
    at Connection._handleProtocolError (/home/appzetoa/nodevenv/public_html/daliyhisab/server/20/lib/node_modules/mysql/lib/Connection.js:423:8)
    at Protocol.emit (node:events:524:28)
    at Protocol._delegateError (/home/appzetoa/nodevenv/public_html/daliyhisab/server/20/lib/node_modules/mysql/lib/protocol/Protocol.js:398:10)
    at Protocol.handleParserError (/home/appzetoa/nodevenv/public_html/daliyhisab/server/20/lib/node_modules/mysql/lib/protocol/Protocol.js:380:10)
    at Parser._tryReadPacketHeader (/home/appzetoa/nodevenv/public_html/daliyhisab/server/20/lib/node_modules/mysql/lib/protocol/Parser.js:478:10)
    at Parser.write (/home/appzetoa/nodevenv/public_html/daliyhisab/server/20/lib/node_modules/mysql/lib/protocol/Parser.js:33:29)
    [... lines matching original stack trace ...]
    at Socket.emit (node:events:524:28) {
  code: 'PROTOCOL_PACKETS_OUT_OF_ORDER',
  fatal: true
}

Node.js v20.19.3
node:events:502
      throw er; // Unhandled 'error' event
      ^

Error: Packets out of order. Got: 0 Expected: 15
    at Parser._tryReadPacketHeader (/home/appzetoa/nodevenv/public_html/daliyhisab/server/20/lib/node_modules/mysql/lib/protocol/Parser.js:470:15)
    at Parser.write (/home/appzetoa/nodevenv/public_html/daliyhisab/server/20/lib/node_modules/mysql/lib/protocol/Parser.js:33:29)
    at Protocol.write (/home/appzetoa/nodevenv/public_html/daliyhisab/server/20/lib/node_modules/mysql/lib/protocol/Protocol.js:38:16)
    at Socket.<anonymous> (/home/appzetoa/nodevenv/public_html/daliyhisab/server/20/lib/node_modules/mysql/lib/Connection.js:88:28)
    at Socket.<anonymous> (/home/appzetoa/nodevenv/public_html/daliyhisab/server/20/lib/node_modules/mysql/lib/Connection.js:526:10)
    at Socket.emit (node:events:524:28)
    at addChunk (node:internal/streams/readable:561:12)
    at readableAddChunkPushByteMode (node:internal/streams/readable:512:3)
    at Readable.push (node:internal/streams/readable:392:5)
    at TCP.onStreamRead (node:internal/stream_base_commons:191:23)
Emitted 'error' event on Connection instance at:
    at Connection._handleProtocolError (/home/appzetoa/nodevenv/public_html/daliyhisab/server/20/lib/node_modules/mysql/lib/Connection.js:423:8)
    at Protocol.emit (node:events:524:28)
    at Protocol._delegateError (/home/appzetoa/nodevenv/public_html/daliyhisab/server/20/lib/node_modules/mysql/lib/protocol/Protocol.js:398:10)
    at Protocol.handleParserError (/home/appzetoa/nodevenv/public_html/daliyhisab/server/20/lib/node_modules/mysql/lib/protocol/Protocol.js:380:10)
    at Parser._tryReadPacketHeader (/home/appzetoa/nodevenv/public_html/daliyhisab/server/20/lib/node_modules/mysql/lib/protocol/Parser.js:478:10)
    at Parser.write (/home/appzetoa/nodevenv/public_html/daliyhisab/server/20/lib/node_modules/mysql/lib/protocol/Parser.js:33:29)
    [... lines matching original stack trace ...]
    at Socket.emit (node:events:524:28) {
  code: 'PROTOCOL_PACKETS_OUT_OF_ORDER',
  fatal: true
}

Node.js v20.19.3
node:events:502
      throw er; // Unhandled 'error' event
      ^

Error: Packets out of order. Got: 0 Expected: 17
    at Parser._tryReadPacketHeader (/home/appzetoa/nodevenv/public_html/daliyhisab/server/20/lib/node_modules/mysql/lib/protocol/Parser.js:470:15)
    at Parser.write (/home/appzetoa/nodevenv/public_html/daliyhisab/server/20/lib/node_modules/mysql/lib/protocol/Parser.js:33:29)
    at Protocol.write (/home/appzetoa/nodevenv/public_html/daliyhisab/server/20/lib/node_modules/mysql/lib/protocol/Protocol.js:38:16)
    at Socket.<anonymous> (/home/appzetoa/nodevenv/public_html/daliyhisab/server/20/lib/node_modules/mysql/lib/Connection.js:88:28)
    at Socket.<anonymous> (/home/appzetoa/nodevenv/public_html/daliyhisab/server/20/lib/node_modules/mysql/lib/Connection.js:526:10)
    at Socket.emit (node:events:524:28)
    at addChunk (node:internal/streams/readable:561:12)
    at readableAddChunkPushByteMode (node:internal/streams/readable:512:3)
    at Readable.push (node:internal/streams/readable:392:5)
    at TCP.onStreamRead (node:internal/stream_base_commons:191:23)
Emitted 'error' event on Connection instance at:
    at Connection._handleProtocolError (/home/appzetoa/nodevenv/public_html/daliyhisab/server/20/lib/node_modules/mysql/lib/Connection.js:423:8)
    at Protocol.emit (node:events:524:28)
    at Protocol._delegateError (/home/appzetoa/nodevenv/public_html/daliyhisab/server/20/lib/node_modules/mysql/lib/protocol/Protocol.js:398:10)
    at Protocol.handleParserError (/home/appzetoa/nodevenv/public_html/daliyhisab/server/20/lib/node_modules/mysql/lib/protocol/Protocol.js:380:10)
    at Parser._tryReadPacketHeader (/home/appzetoa/nodevenv/public_html/daliyhisab/server/20/lib/node_modules/mysql/lib/protocol/Parser.js:478:10)
    at Parser.write (/home/appzetoa/nodevenv/public_html/daliyhisab/server/20/lib/node_modules/mysql/lib/protocol/Parser.js:33:29)
    [... lines matching original stack trace ...]
    at Socket.emit (node:events:524:28) {
  code: 'PROTOCOL_PACKETS_OUT_OF_ORDER',
  fatal: true
}

Node.js v20.19.3
node:events:502
      throw er; // Unhandled 'error' event
      ^

Error: Packets out of order. Got: 0 Expected: 16
    at Parser._tryReadPacketHeader (/home/appzetoa/nodevenv/public_html/daliyhisab/server/20/lib/node_modules/mysql/lib/protocol/Parser.js:470:15)
    at Parser.write (/home/appzetoa/nodevenv/public_html/daliyhisab/server/20/lib/node_modules/mysql/lib/protocol/Parser.js:33:29)
    at Protocol.write (/home/appzetoa/nodevenv/public_html/daliyhisab/server/20/lib/node_modules/mysql/lib/protocol/Protocol.js:38:16)
    at Socket.<anonymous> (/home/appzetoa/nodevenv/public_html/daliyhisab/server/20/lib/node_modules/mysql/lib/Connection.js:88:28)
    at Socket.<anonymous> (/home/appzetoa/nodevenv/public_html/daliyhisab/server/20/lib/node_modules/mysql/lib/Connection.js:526:10)
    at Socket.emit (node:events:524:28)
    at addChunk (node:internal/streams/readable:561:12)
    at readableAddChunkPushByteMode (node:internal/streams/readable:512:3)
    at Readable.push (node:internal/streams/readable:392:5)
    at TCP.onStreamRead (node:internal/stream_base_commons:191:23)
Emitted 'error' event on Connection instance at:
    at Connection._handleProtocolError (/home/appzetoa/nodevenv/public_html/daliyhisab/server/20/lib/node_modules/mysql/lib/Connection.js:423:8)
    at Protocol.emit (node:events:524:28)
    at Protocol._delegateError (/home/appzetoa/nodevenv/public_html/daliyhisab/server/20/lib/node_modules/mysql/lib/protocol/Protocol.js:398:10)
    at Protocol.handleParserError (/home/appzetoa/nodevenv/public_html/daliyhisab/server/20/lib/node_modules/mysql/lib/protocol/Protocol.js:380:10)
    at Parser._tryReadPacketHeader (/home/appzetoa/nodevenv/public_html/daliyhisab/server/20/lib/node_modules/mysql/lib/protocol/Parser.js:478:10)
    at Parser.write (/home/appzetoa/nodevenv/public_html/daliyhisab/server/20/lib/node_modules/mysql/lib/protocol/Parser.js:33:29)
    [... lines matching original stack trace ...]
    at Socket.emit (node:events:524:28) {
  code: 'PROTOCOL_PACKETS_OUT_OF_ORDER',
  fatal: true
}

Node.js v20.19.3
node:events:502
      throw er; // Unhandled 'error' event
      ^

Error: Packets out of order. Got: 0 Expected: 15
    at Parser._tryReadPacketHeader (/home/appzetoa/nodevenv/public_html/daliyhisab/server/20/lib/node_modules/mysql/lib/protocol/Parser.js:470:15)
    at Parser.write (/home/appzetoa/nodevenv/public_html/daliyhisab/server/20/lib/node_modules/mysql/lib/protocol/Parser.js:33:29)
    at Protocol.write (/home/appzetoa/nodevenv/public_html/daliyhisab/server/20/lib/node_modules/mysql/lib/protocol/Protocol.js:38:16)
    at Socket.<anonymous> (/home/appzetoa/nodevenv/public_html/daliyhisab/server/20/lib/node_modules/mysql/lib/Connection.js:88:28)
    at Socket.<anonymous> (/home/appzetoa/nodevenv/public_html/daliyhisab/server/20/lib/node_modules/mysql/lib/Connection.js:526:10)
    at Socket.emit (node:events:524:28)
    at addChunk (node:internal/streams/readable:561:12)
    at readableAddChunkPushByteMode (node:internal/streams/readable:512:3)
    at Readable.push (node:internal/streams/readable:392:5)
    at TCP.onStreamRead (node:internal/stream_base_commons:191:23)
Emitted 'error' event on Connection instance at:
    at Connection._handleProtocolError (/home/appzetoa/nodevenv/public_html/daliyhisab/server/20/lib/node_modules/mysql/lib/Connection.js:423:8)
    at Protocol.emit (node:events:524:28)
    at Protocol._delegateError (/home/appzetoa/nodevenv/public_html/daliyhisab/server/20/lib/node_modules/mysql/lib/protocol/Protocol.js:398:10)
    at Protocol.handleParserError (/home/appzetoa/nodevenv/public_html/daliyhisab/server/20/lib/node_modules/mysql/lib/protocol/Protocol.js:380:10)
    at Parser._tryReadPacketHeader (/home/appzetoa/nodevenv/public_html/daliyhisab/server/20/lib/node_modules/mysql/lib/protocol/Parser.js:478:10)
    at Parser.write (/home/appzetoa/nodevenv/public_html/daliyhisab/server/20/lib/node_modules/mysql/lib/protocol/Parser.js:33:29)
    [... lines matching original stack trace ...]
    at Socket.emit (node:events:524:28) {
  code: 'PROTOCOL_PACKETS_OUT_OF_ORDER',
  fatal: true
}

Node.js v20.19.3
node:events:502
      throw er; // Unhandled 'error' event
      ^

Error: Packets out of order. Got: 0 Expected: 2
    at Parser._tryReadPacketHeader (/home/appzetoa/nodevenv/public_html/daliyhisab/server/20/lib/node_modules/mysql/lib/protocol/Parser.js:470:15)
    at Parser.write (/home/appzetoa/nodevenv/public_html/daliyhisab/server/20/lib/node_modules/mysql/lib/protocol/Parser.js:33:29)
    at Protocol.write (/home/appzetoa/nodevenv/public_html/daliyhisab/server/20/lib/node_modules/mysql/lib/protocol/Protocol.js:38:16)
    at Socket.<anonymous> (/home/appzetoa/nodevenv/public_html/daliyhisab/server/20/lib/node_modules/mysql/lib/Connection.js:88:28)
    at Socket.<anonymous> (/home/appzetoa/nodevenv/public_html/daliyhisab/server/20/lib/node_modules/mysql/lib/Connection.js:526:10)
    at Socket.emit (node:events:524:28)
    at addChunk (node:internal/streams/readable:561:12)
    at readableAddChunkPushByteMode (node:internal/streams/readable:512:3)
    at Readable.push (node:internal/streams/readable:392:5)
    at TCP.onStreamRead (node:internal/stream_base_commons:191:23)
Emitted 'error' event on Connection instance at:
    at Connection._handleProtocolError (/home/appzetoa/nodevenv/public_html/daliyhisab/server/20/lib/node_modules/mysql/lib/Connection.js:423:8)
    at Protocol.emit (node:events:524:28)
    at Protocol._delegateError (/home/appzetoa/nodevenv/public_html/daliyhisab/server/20/lib/node_modules/mysql/lib/protocol/Protocol.js:398:10)
    at Protocol.handleParserError (/home/appzetoa/nodevenv/public_html/daliyhisab/server/20/lib/node_modules/mysql/lib/protocol/Protocol.js:380:10)
    at Parser._tryReadPacketHeader (/home/appzetoa/nodevenv/public_html/daliyhisab/server/20/lib/node_modules/mysql/lib/protocol/Parser.js:478:10)
    at Parser.write (/home/appzetoa/nodevenv/public_html/daliyhisab/server/20/lib/node_modules/mysql/lib/protocol/Parser.js:33:29)
    [... lines matching original stack trace ...]
    at Socket.emit (node:events:524:28) {
  code: 'PROTOCOL_PACKETS_OUT_OF_ORDER',
  fatal: true
}

Node.js v20.19.3
node:events:502
      throw er; // Unhandled 'error' event
      ^

Error: Packets out of order. Got: 0 Expected: 2
    at Parser._tryReadPacketHeader (/home/appzetoa/nodevenv/public_html/daliyhisab/server/20/lib/node_modules/mysql/lib/protocol/Parser.js:470:15)
    at Parser.write (/home/appzetoa/nodevenv/public_html/daliyhisab/server/20/lib/node_modules/mysql/lib/protocol/Parser.js:33:29)
    at Protocol.write (/home/appzetoa/nodevenv/public_html/daliyhisab/server/20/lib/node_modules/mysql/lib/protocol/Protocol.js:38:16)
    at Socket.<anonymous> (/home/appzetoa/nodevenv/public_html/daliyhisab/server/20/lib/node_modules/mysql/lib/Connection.js:88:28)
    at Socket.<anonymous> (/home/appzetoa/nodevenv/public_html/daliyhisab/server/20/lib/node_modules/mysql/lib/Connection.js:526:10)
    at Socket.emit (node:events:524:28)
    at addChunk (node:internal/streams/readable:561:12)
    at readableAddChunkPushByteMode (node:internal/streams/readable:512:3)
    at Readable.push (node:internal/streams/readable:392:5)
    at TCP.onStreamRead (node:internal/stream_base_commons:191:23)
Emitted 'error' event on Connection instance at:
    at Connection._handleProtocolError (/home/appzetoa/nodevenv/public_html/daliyhisab/server/20/lib/node_modules/mysql/lib/Connection.js:423:8)
    at Protocol.emit (node:events:524:28)
    at Protocol._delegateError (/home/appzetoa/nodevenv/public_html/daliyhisab/server/20/lib/node_modules/mysql/lib/protocol/Protocol.js:398:10)
    at Protocol.handleParserError (/home/appzetoa/nodevenv/public_html/daliyhisab/server/20/lib/node_modules/mysql/lib/protocol/Protocol.js:380:10)
    at Parser._tryReadPacketHeader (/home/appzetoa/nodevenv/public_html/daliyhisab/server/20/lib/node_modules/mysql/lib/protocol/Parser.js:478:10)
    at Parser.write (/home/appzetoa/nodevenv/public_html/daliyhisab/server/20/lib/node_modules/mysql/lib/protocol/Parser.js:33:29)
    [... lines matching original stack trace ...]
    at Socket.emit (node:events:524:28) {
  code: 'PROTOCOL_PACKETS_OUT_OF_ORDER',
  fatal: true
}

Node.js v20.19.3
node:events:502
      throw er; // Unhandled 'error' event
      ^

Error: Packets out of order. Got: 0 Expected: 8
    at Parser._tryReadPacketHeader (/home/appzetoa/nodevenv/public_html/daliyhisab/server/20/lib/node_modules/mysql/lib/protocol/Parser.js:470:15)
    at Parser.write (/home/appzetoa/nodevenv/public_html/daliyhisab/server/20/lib/node_modules/mysql/lib/protocol/Parser.js:33:29)
    at Protocol.write (/home/appzetoa/nodevenv/public_html/daliyhisab/server/20/lib/node_modules/mysql/lib/protocol/Protocol.js:38:16)
    at Socket.<anonymous> (/home/appzetoa/nodevenv/public_html/daliyhisab/server/20/lib/node_modules/mysql/lib/Connection.js:88:28)
    at Socket.<anonymous> (/home/appzetoa/nodevenv/public_html/daliyhisab/server/20/lib/node_modules/mysql/lib/Connection.js:526:10)
    at Socket.emit (node:events:524:28)
    at addChunk (node:internal/streams/readable:561:12)
    at readableAddChunkPushByteMode (node:internal/streams/readable:512:3)
    at Readable.push (node:internal/streams/readable:392:5)
    at TCP.onStreamRead (node:internal/stream_base_commons:191:23)
Emitted 'error' event on Connection instance at:
    at Connection._handleProtocolError (/home/appzetoa/nodevenv/public_html/daliyhisab/server/20/lib/node_modules/mysql/lib/Connection.js:423:8)
    at Protocol.emit (node:events:524:28)
    at Protocol._delegateError (/home/appzetoa/nodevenv/public_html/daliyhisab/server/20/lib/node_modules/mysql/lib/protocol/Protocol.js:398:10)
    at Protocol.handleParserError (/home/appzetoa/nodevenv/public_html/daliyhisab/server/20/lib/node_modules/mysql/lib/protocol/Protocol.js:380:10)
    at Parser._tryReadPacketHeader (/home/appzetoa/nodevenv/public_html/daliyhisab/server/20/lib/node_modules/mysql/lib/protocol/Parser.js:478:10)
    at Parser.write (/home/appzetoa/nodevenv/public_html/daliyhisab/server/20/lib/node_modules/mysql/lib/protocol/Parser.js:33:29)
    [... lines matching original stack trace ...]
    at Socket.emit (node:events:524:28) {
  code: 'PROTOCOL_PACKETS_OUT_OF_ORDER',
  fatal: true
}

Node.js v20.19.3
node:events:502
      throw er; // Unhandled 'error' event
      ^

Error: Packets out of order. Got: 0 Expected: 2
    at Parser._tryReadPacketHeader (/home/appzetoa/nodevenv/public_html/daliyhisab/server/20/lib/node_modules/mysql/lib/protocol/Parser.js:470:15)
    at Parser.write (/home/appzetoa/nodevenv/public_html/daliyhisab/server/20/lib/node_modules/mysql/lib/protocol/Parser.js:33:29)
    at Protocol.write (/home/appzetoa/nodevenv/public_html/daliyhisab/server/20/lib/node_modules/mysql/lib/protocol/Protocol.js:38:16)
    at Socket.<anonymous> (/home/appzetoa/nodevenv/public_html/daliyhisab/server/20/lib/node_modules/mysql/lib/Connection.js:88:28)
    at Socket.<anonymous> (/home/appzetoa/nodevenv/public_html/daliyhisab/server/20/lib/node_modules/mysql/lib/Connection.js:526:10)
    at Socket.emit (node:events:524:28)
    at addChunk (node:internal/streams/readable:561:12)
    at readableAddChunkPushByteMode (node:internal/streams/readable:512:3)
    at Readable.push (node:internal/streams/readable:392:5)
    at TCP.onStreamRead (node:internal/stream_base_commons:191:23)
Emitted 'error' event on Connection instance at:
    at Connection._handleProtocolError (/home/appzetoa/nodevenv/public_html/daliyhisab/server/20/lib/node_modules/mysql/lib/Connection.js:423:8)
    at Protocol.emit (node:events:524:28)
    at Protocol._delegateError (/home/appzetoa/nodevenv/public_html/daliyhisab/server/20/lib/node_modules/mysql/lib/protocol/Protocol.js:398:10)
    at Protocol.handleParserError (/home/appzetoa/nodevenv/public_html/daliyhisab/server/20/lib/node_modules/mysql/lib/protocol/Protocol.js:380:10)
    at Parser._tryReadPacketHeader (/home/appzetoa/nodevenv/public_html/daliyhisab/server/20/lib/node_modules/mysql/lib/protocol/Parser.js:478:10)
    at Parser.write (/home/appzetoa/nodevenv/public_html/daliyhisab/server/20/lib/node_modules/mysql/lib/protocol/Parser.js:33:29)
    [... lines matching original stack trace ...]
    at Socket.emit (node:events:524:28) {
  code: 'PROTOCOL_PACKETS_OUT_OF_ORDER',
  fatal: true
}

Node.js v20.19.3
node:events:502
      throw er; // Unhandled 'error' event
      ^

Error: Packets out of order. Got: 0 Expected: 2
    at Parser._tryReadPacketHeader (/home/appzetoa/nodevenv/public_html/daliyhisab/server/20/lib/node_modules/mysql/lib/protocol/Parser.js:470:15)
    at Parser.write (/home/appzetoa/nodevenv/public_html/daliyhisab/server/20/lib/node_modules/mysql/lib/protocol/Parser.js:33:29)
    at Protocol.write (/home/appzetoa/nodevenv/public_html/daliyhisab/server/20/lib/node_modules/mysql/lib/protocol/Protocol.js:38:16)
    at Socket.<anonymous> (/home/appzetoa/nodevenv/public_html/daliyhisab/server/20/lib/node_modules/mysql/lib/Connection.js:88:28)
    at Socket.<anonymous> (/home/appzetoa/nodevenv/public_html/daliyhisab/server/20/lib/node_modules/mysql/lib/Connection.js:526:10)
    at Socket.emit (node:events:524:28)
    at addChunk (node:internal/streams/readable:561:12)
    at readableAddChunkPushByteMode (node:internal/streams/readable:512:3)
    at Readable.push (node:internal/streams/readable:392:5)
    at TCP.onStreamRead (node:internal/stream_base_commons:191:23)
Emitted 'error' event on Connection instance at:
    at Connection._handleProtocolError (/home/appzetoa/nodevenv/public_html/daliyhisab/server/20/lib/node_modules/mysql/lib/Connection.js:423:8)
    at Protocol.emit (node:events:524:28)
    at Protocol._delegateError (/home/appzetoa/nodevenv/public_html/daliyhisab/server/20/lib/node_modules/mysql/lib/protocol/Protocol.js:398:10)
    at Protocol.handleParserError (/home/appzetoa/nodevenv/public_html/daliyhisab/server/20/lib/node_modules/mysql/lib/protocol/Protocol.js:380:10)
    at Parser._tryReadPacketHeader (/home/appzetoa/nodevenv/public_html/daliyhisab/server/20/lib/node_modules/mysql/lib/protocol/Parser.js:478:10)
    at Parser.write (/home/appzetoa/nodevenv/public_html/daliyhisab/server/20/lib/node_modules/mysql/lib/protocol/Parser.js:33:29)
    [... lines matching original stack trace ...]
    at Socket.emit (node:events:524:28) {
  code: 'PROTOCOL_PACKETS_OUT_OF_ORDER',
  fatal: true
}

Node.js v20.19.3
node:events:502
      throw er; // Unhandled 'error' event
      ^

Error: Packets out of order. Got: 0 Expected: 2
    at Parser._tryReadPacketHeader (/home/appzetoa/nodevenv/public_html/daliyhisab/server/20/lib/node_modules/mysql/lib/protocol/Parser.js:470:15)
    at Parser.write (/home/appzetoa/nodevenv/public_html/daliyhisab/server/20/lib/node_modules/mysql/lib/protocol/Parser.js:33:29)
    at Protocol.write (/home/appzetoa/nodevenv/public_html/daliyhisab/server/20/lib/node_modules/mysql/lib/protocol/Protocol.js:38:16)
    at Socket.<anonymous> (/home/appzetoa/nodevenv/public_html/daliyhisab/server/20/lib/node_modules/mysql/lib/Connection.js:88:28)
    at Socket.<anonymous> (/home/appzetoa/nodevenv/public_html/daliyhisab/server/20/lib/node_modules/mysql/lib/Connection.js:526:10)
    at Socket.emit (node:events:524:28)
    at addChunk (node:internal/streams/readable:561:12)
    at readableAddChunkPushByteMode (node:internal/streams/readable:512:3)
    at Readable.push (node:internal/streams/readable:392:5)
    at TCP.onStreamRead (node:internal/stream_base_commons:191:23)
Emitted 'error' event on Connection instance at:
    at Connection._handleProtocolError (/home/appzetoa/nodevenv/public_html/daliyhisab/server/20/lib/node_modules/mysql/lib/Connection.js:423:8)
    at Protocol.emit (node:events:524:28)
    at Protocol._delegateError (/home/appzetoa/nodevenv/public_html/daliyhisab/server/20/lib/node_modules/mysql/lib/protocol/Protocol.js:398:10)
    at Protocol.handleParserError (/home/appzetoa/nodevenv/public_html/daliyhisab/server/20/lib/node_modules/mysql/lib/protocol/Protocol.js:380:10)
    at Parser._tryReadPacketHeader (/home/appzetoa/nodevenv/public_html/daliyhisab/server/20/lib/node_modules/mysql/lib/protocol/Parser.js:478:10)
    at Parser.write (/home/appzetoa/nodevenv/public_html/daliyhisab/server/20/lib/node_modules/mysql/lib/protocol/Parser.js:33:29)
    [... lines matching original stack trace ...]
    at Socket.emit (node:events:524:28) {
  code: 'PROTOCOL_PACKETS_OUT_OF_ORDER',
  fatal: true
}

Node.js v20.19.3
node:events:502
      throw er; // Unhandled 'error' event
      ^

Error: Packets out of order. Got: 0 Expected: 13
    at Parser._tryReadPacketHeader (/home/appzetoa/nodevenv/public_html/daliyhisab/server/20/lib/node_modules/mysql/lib/protocol/Parser.js:470:15)
    at Parser.write (/home/appzetoa/nodevenv/public_html/daliyhisab/server/20/lib/node_modules/mysql/lib/protocol/Parser.js:33:29)
    at Protocol.write (/home/appzetoa/nodevenv/public_html/daliyhisab/server/20/lib/node_modules/mysql/lib/protocol/Protocol.js:38:16)
    at Socket.<anonymous> (/home/appzetoa/nodevenv/public_html/daliyhisab/server/20/lib/node_modules/mysql/lib/Connection.js:88:28)
    at Socket.<anonymous> (/home/appzetoa/nodevenv/public_html/daliyhisab/server/20/lib/node_modules/mysql/lib/Connection.js:526:10)
    at Socket.emit (node:events:524:28)
    at addChunk (node:internal/streams/readable:561:12)
    at readableAddChunkPushByteMode (node:internal/streams/readable:512:3)
    at Readable.push (node:internal/streams/readable:392:5)
    at TCP.onStreamRead (node:internal/stream_base_commons:191:23)
Emitted 'error' event on Connection instance at:
    at Connection._handleProtocolError (/home/appzetoa/nodevenv/public_html/daliyhisab/server/20/lib/node_modules/mysql/lib/Connection.js:423:8)
    at Protocol.emit (node:events:524:28)
    at Protocol._delegateError (/home/appzetoa/nodevenv/public_html/daliyhisab/server/20/lib/node_modules/mysql/lib/protocol/Protocol.js:398:10)
    at Protocol.handleParserError (/home/appzetoa/nodevenv/public_html/daliyhisab/server/20/lib/node_modules/mysql/lib/protocol/Protocol.js:380:10)
    at Parser._tryReadPacketHeader (/home/appzetoa/nodevenv/public_html/daliyhisab/server/20/lib/node_modules/mysql/lib/protocol/Parser.js:478:10)
    at Parser.write (/home/appzetoa/nodevenv/public_html/daliyhisab/server/20/lib/node_modules/mysql/lib/protocol/Parser.js:33:29)
    [... lines matching original stack trace ...]
    at Socket.emit (node:events:524:28) {
  code: 'PROTOCOL_PACKETS_OUT_OF_ORDER',
  fatal: true
}

Node.js v20.19.3
node:events:502
      throw er; // Unhandled 'error' event
      ^

Error: Packets out of order. Got: 0 Expected: 13
    at Parser._tryReadPacketHeader (/home/appzetoa/nodevenv/public_html/daliyhisab/server/20/lib/node_modules/mysql/lib/protocol/Parser.js:470:15)
    at Parser.write (/home/appzetoa/nodevenv/public_html/daliyhisab/server/20/lib/node_modules/mysql/lib/protocol/Parser.js:33:29)
    at Protocol.write (/home/appzetoa/nodevenv/public_html/daliyhisab/server/20/lib/node_modules/mysql/lib/protocol/Protocol.js:38:16)
    at Socket.<anonymous> (/home/appzetoa/nodevenv/public_html/daliyhisab/server/20/lib/node_modules/mysql/lib/Connection.js:88:28)
    at Socket.<anonymous> (/home/appzetoa/nodevenv/public_html/daliyhisab/server/20/lib/node_modules/mysql/lib/Connection.js:526:10)
    at Socket.emit (node:events:524:28)
    at addChunk (node:internal/streams/readable:561:12)
    at readableAddChunkPushByteMode (node:internal/streams/readable:512:3)
    at Readable.push (node:internal/streams/readable:392:5)
    at TCP.onStreamRead (node:internal/stream_base_commons:191:23)
Emitted 'error' event on Connection instance at:
    at Connection._handleProtocolError (/home/appzetoa/nodevenv/public_html/daliyhisab/server/20/lib/node_modules/mysql/lib/Connection.js:423:8)
    at Protocol.emit (node:events:524:28)
    at Protocol._delegateError (/home/appzetoa/nodevenv/public_html/daliyhisab/server/20/lib/node_modules/mysql/lib/protocol/Protocol.js:398:10)
    at Protocol.handleParserError (/home/appzetoa/nodevenv/public_html/daliyhisab/server/20/lib/node_modules/mysql/lib/protocol/Protocol.js:380:10)
    at Parser._tryReadPacketHeader (/home/appzetoa/nodevenv/public_html/daliyhisab/server/20/lib/node_modules/mysql/lib/protocol/Parser.js:478:10)
    at Parser.write (/home/appzetoa/nodevenv/public_html/daliyhisab/server/20/lib/node_modules/mysql/lib/protocol/Parser.js:33:29)
    [... lines matching original stack trace ...]
    at Socket.emit (node:events:524:28) {
  code: 'PROTOCOL_PACKETS_OUT_OF_ORDER',
  fatal: true
}

Node.js v20.19.3
node:events:502
      throw er; // Unhandled 'error' event
      ^

Error: Packets out of order. Got: 0 Expected: 8
    at Parser._tryReadPacketHeader (/home/appzetoa/nodevenv/public_html/daliyhisab/server/20/lib/node_modules/mysql/lib/protocol/Parser.js:470:15)
    at Parser.write (/home/appzetoa/nodevenv/public_html/daliyhisab/server/20/lib/node_modules/mysql/lib/protocol/Parser.js:33:29)
    at Protocol.write (/home/appzetoa/nodevenv/public_html/daliyhisab/server/20/lib/node_modules/mysql/lib/protocol/Protocol.js:38:16)
    at Socket.<anonymous> (/home/appzetoa/nodevenv/public_html/daliyhisab/server/20/lib/node_modules/mysql/lib/Connection.js:88:28)
    at Socket.<anonymous> (/home/appzetoa/nodevenv/public_html/daliyhisab/server/20/lib/node_modules/mysql/lib/Connection.js:526:10)
    at Socket.emit (node:events:524:28)
    at addChunk (node:internal/streams/readable:561:12)
    at readableAddChunkPushByteMode (node:internal/streams/readable:512:3)
    at Readable.push (node:internal/streams/readable:392:5)
    at TCP.onStreamRead (node:internal/stream_base_commons:191:23)
Emitted 'error' event on Connection instance at:
    at Connection._handleProtocolError (/home/appzetoa/nodevenv/public_html/daliyhisab/server/20/lib/node_modules/mysql/lib/Connection.js:423:8)
    at Protocol.emit (node:events:524:28)
    at Protocol._delegateError (/home/appzetoa/nodevenv/public_html/daliyhisab/server/20/lib/node_modules/mysql/lib/protocol/Protocol.js:398:10)
    at Protocol.handleParserError (/home/appzetoa/nodevenv/public_html/daliyhisab/server/20/lib/node_modules/mysql/lib/protocol/Protocol.js:380:10)
    at Parser._tryReadPacketHeader (/home/appzetoa/nodevenv/public_html/daliyhisab/server/20/lib/node_modules/mysql/lib/protocol/Parser.js:478:10)
    at Parser.write (/home/appzetoa/nodevenv/public_html/daliyhisab/server/20/lib/node_modules/mysql/lib/protocol/Parser.js:33:29)
    [... lines matching original stack trace ...]
    at Socket.emit (node:events:524:28) {
  code: 'PROTOCOL_PACKETS_OUT_OF_ORDER',
  fatal: true
}

Node.js v20.19.3
node:events:502
      throw er; // Unhandled 'error' event
      ^

Error: Packets out of order. Got: 0 Expected: 12
    at Parser._tryReadPacketHeader (/home/appzetoa/nodevenv/public_html/daliyhisab/server/20/lib/node_modules/mysql/lib/protocol/Parser.js:470:15)
    at Parser.write (/home/appzetoa/nodevenv/public_html/daliyhisab/server/20/lib/node_modules/mysql/lib/protocol/Parser.js:33:29)
    at Protocol.write (/home/appzetoa/nodevenv/public_html/daliyhisab/server/20/lib/node_modules/mysql/lib/protocol/Protocol.js:38:16)
    at Socket.<anonymous> (/home/appzetoa/nodevenv/public_html/daliyhisab/server/20/lib/node_modules/mysql/lib/Connection.js:88:28)
    at Socket.<anonymous> (/home/appzetoa/nodevenv/public_html/daliyhisab/server/20/lib/node_modules/mysql/lib/Connection.js:526:10)
    at Socket.emit (node:events:524:28)
    at addChunk (node:internal/streams/readable:561:12)
    at readableAddChunkPushByteMode (node:internal/streams/readable:512:3)
    at Readable.push (node:internal/streams/readable:392:5)
    at TCP.onStreamRead (node:internal/stream_base_commons:191:23)
Emitted 'error' event on Connection instance at:
    at Connection._handleProtocolError (/home/appzetoa/nodevenv/public_html/daliyhisab/server/20/lib/node_modules/mysql/lib/Connection.js:423:8)
    at Protocol.emit (node:events:524:28)
    at Protocol._delegateError (/home/appzetoa/nodevenv/public_html/daliyhisab/server/20/lib/node_modules/mysql/lib/protocol/Protocol.js:398:10)
    at Protocol.handleParserError (/home/appzetoa/nodevenv/public_html/daliyhisab/server/20/lib/node_modules/mysql/lib/protocol/Protocol.js:380:10)
    at Parser._tryReadPacketHeader (/home/appzetoa/nodevenv/public_html/daliyhisab/server/20/lib/node_modules/mysql/lib/protocol/Parser.js:478:10)
    at Parser.write (/home/appzetoa/nodevenv/public_html/daliyhisab/server/20/lib/node_modules/mysql/lib/protocol/Parser.js:33:29)
    [... lines matching original stack trace ...]
    at Socket.emit (node:events:524:28) {
  code: 'PROTOCOL_PACKETS_OUT_OF_ORDER',
  fatal: true
}

Node.js v20.19.3
node:events:502
      throw er; // Unhandled 'error' event
      ^

Error: Packets out of order. Got: 0 Expected: 17
    at Parser._tryReadPacketHeader (/home/appzetoa/nodevenv/public_html/daliyhisab/server/20/lib/node_modules/mysql/lib/protocol/Parser.js:470:15)
    at Parser.write (/home/appzetoa/nodevenv/public_html/daliyhisab/server/20/lib/node_modules/mysql/lib/protocol/Parser.js:33:29)
    at Protocol.write (/home/appzetoa/nodevenv/public_html/daliyhisab/server/20/lib/node_modules/mysql/lib/protocol/Protocol.js:38:16)
    at Socket.<anonymous> (/home/appzetoa/nodevenv/public_html/daliyhisab/server/20/lib/node_modules/mysql/lib/Connection.js:88:28)
    at Socket.<anonymous> (/home/appzetoa/nodevenv/public_html/daliyhisab/server/20/lib/node_modules/mysql/lib/Connection.js:526:10)
    at Socket.emit (node:events:524:28)
    at addChunk (node:internal/streams/readable:561:12)
    at readableAddChunkPushByteMode (node:internal/streams/readable:512:3)
    at Readable.push (node:internal/streams/readable:392:5)
    at TCP.onStreamRead (node:internal/stream_base_commons:191:23)
Emitted 'error' event on Connection instance at:
    at Connection._handleProtocolError (/home/appzetoa/nodevenv/public_html/daliyhisab/server/20/lib/node_modules/mysql/lib/Connection.js:423:8)
    at Protocol.emit (node:events:524:28)
    at Protocol._delegateError (/home/appzetoa/nodevenv/public_html/daliyhisab/server/20/lib/node_modules/mysql/lib/protocol/Protocol.js:398:10)
    at Protocol.handleParserError (/home/appzetoa/nodevenv/public_html/daliyhisab/server/20/lib/node_modules/mysql/lib/protocol/Protocol.js:380:10)
    at Parser._tryReadPacketHeader (/home/appzetoa/nodevenv/public_html/daliyhisab/server/20/lib/node_modules/mysql/lib/protocol/Parser.js:478:10)
    at Parser.write (/home/appzetoa/nodevenv/public_html/daliyhisab/server/20/lib/node_modules/mysql/lib/protocol/Parser.js:33:29)
    [... lines matching original stack trace ...]
    at Socket.emit (node:events:524:28) {
  code: 'PROTOCOL_PACKETS_OUT_OF_ORDER',
  fatal: true
}

Node.js v20.19.3
node:events:502
      throw er; // Unhandled 'error' event
      ^

Error: Packets out of order. Got: 0 Expected: 10
    at Parser._tryReadPacketHeader (/home/appzetoa/nodevenv/public_html/daliyhisab/server/20/lib/node_modules/mysql/lib/protocol/Parser.js:470:15)
    at Parser.write (/home/appzetoa/nodevenv/public_html/daliyhisab/server/20/lib/node_modules/mysql/lib/protocol/Parser.js:33:29)
    at Protocol.write (/home/appzetoa/nodevenv/public_html/daliyhisab/server/20/lib/node_modules/mysql/lib/protocol/Protocol.js:38:16)
    at Socket.<anonymous> (/home/appzetoa/nodevenv/public_html/daliyhisab/server/20/lib/node_modules/mysql/lib/Connection.js:88:28)
    at Socket.<anonymous> (/home/appzetoa/nodevenv/public_html/daliyhisab/server/20/lib/node_modules/mysql/lib/Connection.js:526:10)
    at Socket.emit (node:events:524:28)
    at addChunk (node:internal/streams/readable:561:12)
    at readableAddChunkPushByteMode (node:internal/streams/readable:512:3)
    at Readable.push (node:internal/streams/readable:392:5)
    at TCP.onStreamRead (node:internal/stream_base_commons:191:23)
Emitted 'error' event on Connection instance at:
    at Connection._handleProtocolError (/home/appzetoa/nodevenv/public_html/daliyhisab/server/20/lib/node_modules/mysql/lib/Connection.js:423:8)
    at Protocol.emit (node:events:524:28)
    at Protocol._delegateError (/home/appzetoa/nodevenv/public_html/daliyhisab/server/20/lib/node_modules/mysql/lib/protocol/Protocol.js:398:10)
    at Protocol.handleParserError (/home/appzetoa/nodevenv/public_html/daliyhisab/server/20/lib/node_modules/mysql/lib/protocol/Protocol.js:380:10)
    at Parser._tryReadPacketHeader (/home/appzetoa/nodevenv/public_html/daliyhisab/server/20/lib/node_modules/mysql/lib/protocol/Parser.js:478:10)
    at Parser.write (/home/appzetoa/nodevenv/public_html/daliyhisab/server/20/lib/node_modules/mysql/lib/protocol/Parser.js:33:29)
    [... lines matching original stack trace ...]
    at Socket.emit (node:events:524:28) {
  code: 'PROTOCOL_PACKETS_OUT_OF_ORDER',
  fatal: true
}

Node.js v20.19.3
node:events:502
      throw er; // Unhandled 'error' event
      ^

Error: Packets out of order. Got: 0 Expected: 10
    at Parser._tryReadPacketHeader (/home/appzetoa/nodevenv/public_html/daliyhisab/server/20/lib/node_modules/mysql/lib/protocol/Parser.js:470:15)
    at Parser.write (/home/appzetoa/nodevenv/public_html/daliyhisab/server/20/lib/node_modules/mysql/lib/protocol/Parser.js:33:29)
    at Protocol.write (/home/appzetoa/nodevenv/public_html/daliyhisab/server/20/lib/node_modules/mysql/lib/protocol/Protocol.js:38:16)
    at Socket.<anonymous> (/home/appzetoa/nodevenv/public_html/daliyhisab/server/20/lib/node_modules/mysql/lib/Connection.js:88:28)
    at Socket.<anonymous> (/home/appzetoa/nodevenv/public_html/daliyhisab/server/20/lib/node_modules/mysql/lib/Connection.js:526:10)
    at Socket.emit (node:events:524:28)
    at addChunk (node:internal/streams/readable:561:12)
    at readableAddChunkPushByteMode (node:internal/streams/readable:512:3)
    at Readable.push (node:internal/streams/readable:392:5)
    at TCP.onStreamRead (node:internal/stream_base_commons:191:23)
Emitted 'error' event on Connection instance at:
    at Connection._handleProtocolError (/home/appzetoa/nodevenv/public_html/daliyhisab/server/20/lib/node_modules/mysql/lib/Connection.js:423:8)
    at Protocol.emit (node:events:524:28)
    at Protocol._delegateError (/home/appzetoa/nodevenv/public_html/daliyhisab/server/20/lib/node_modules/mysql/lib/protocol/Protocol.js:398:10)
    at Protocol.handleParserError (/home/appzetoa/nodevenv/public_html/daliyhisab/server/20/lib/node_modules/mysql/lib/protocol/Protocol.js:380:10)
    at Parser._tryReadPacketHeader (/home/appzetoa/nodevenv/public_html/daliyhisab/server/20/lib/node_modules/mysql/lib/protocol/Parser.js:478:10)
    at Parser.write (/home/appzetoa/nodevenv/public_html/daliyhisab/server/20/lib/node_modules/mysql/lib/protocol/Parser.js:33:29)
    [... lines matching original stack trace ...]
    at Socket.emit (node:events:524:28) {
  code: 'PROTOCOL_PACKETS_OUT_OF_ORDER',
  fatal: true
}

Node.js v20.19.3
❌ Test SMS API Error: insufficient credits
Failed to send OTP via Fast2SMS: insufficient credits
Uncaught Exception: Error: Packets out of order. Got: 0 Expected: 21
    at Parser._tryReadPacketHeader (/home/appzetoa/public_html/daliyhisab/server/node_modules/mysql/lib/protocol/Parser.js:470:15)
    at Parser.write (/home/appzetoa/public_html/daliyhisab/server/node_modules/mysql/lib/protocol/Parser.js:33:29)
    at Protocol.write (/home/appzetoa/public_html/daliyhisab/server/node_modules/mysql/lib/protocol/Protocol.js:38:16)
    at Socket.<anonymous> (/home/appzetoa/public_html/daliyhisab/server/node_modules/mysql/lib/Connection.js:88:28)
    at Socket.<anonymous> (/home/appzetoa/public_html/daliyhisab/server/node_modules/mysql/lib/Connection.js:526:10)
    at Socket.emit (node:events:524:28)
    at addChunk (node:internal/streams/readable:561:12)
    at readableAddChunkPushByteMode (node:internal/streams/readable:512:3)
    at Readable.push (node:internal/streams/readable:392:5)
    at TCP.onStreamRead (node:internal/stream_base_commons:191:23) {
  code: 'PROTOCOL_PACKETS_OUT_OF_ORDER',
  fatal: true
}
❌ Test SMS API Error: insufficient credits
Failed to send OTP via Fast2SMS: insufficient credits
Uncaught Exception: Error: Packets out of order. Got: 0 Expected: 7
    at Parser._tryReadPacketHeader (/home/appzetoa/public_html/daliyhisab/server/node_modules/mysql/lib/protocol/Parser.js:470:15)
    at Parser.write (/home/appzetoa/public_html/daliyhisab/server/node_modules/mysql/lib/protocol/Parser.js:33:29)
    at Protocol.write (/home/appzetoa/public_html/daliyhisab/server/node_modules/mysql/lib/protocol/Protocol.js:38:16)
    at Socket.<anonymous> (/home/appzetoa/public_html/daliyhisab/server/node_modules/mysql/lib/Connection.js:88:28)
    at Socket.<anonymous> (/home/appzetoa/public_html/daliyhisab/server/node_modules/mysql/lib/Connection.js:526:10)
    at Socket.emit (node:events:524:28)
    at addChunk (node:internal/streams/readable:561:12)
    at readableAddChunkPushByteMode (node:internal/streams/readable:512:3)
    at Readable.push (node:internal/streams/readable:392:5)
    at TCP.onStreamRead (node:internal/stream_base_commons:191:23) {
  code: 'PROTOCOL_PACKETS_OUT_OF_ORDER',
  fatal: true
}
Uncaught Exception: Error: Packets out of order. Got: 0 Expected: 3
    at Parser._tryReadPacketHeader (/home/appzetoa/public_html/daliyhisab/server/node_modules/mysql/lib/protocol/Parser.js:470:15)
    at Parser.write (/home/appzetoa/public_html/daliyhisab/server/node_modules/mysql/lib/protocol/Parser.js:33:29)
    at Protocol.write (/home/appzetoa/public_html/daliyhisab/server/node_modules/mysql/lib/protocol/Protocol.js:38:16)
    at Socket.<anonymous> (/home/appzetoa/public_html/daliyhisab/server/node_modules/mysql/lib/Connection.js:88:28)
    at Socket.<anonymous> (/home/appzetoa/public_html/daliyhisab/server/node_modules/mysql/lib/Connection.js:526:10)
    at Socket.emit (node:events:524:28)
    at addChunk (node:internal/streams/readable:561:12)
    at readableAddChunkPushByteMode (node:internal/streams/readable:512:3)
    at Readable.push (node:internal/streams/readable:392:5)
    at TCP.onStreamRead (node:internal/stream_base_commons:191:23) {
  code: 'PROTOCOL_PACKETS_OUT_OF_ORDER',
  fatal: true
}
❌ Test SMS API Error: insufficient credits
Failed to send OTP via Fast2SMS: insufficient credits
❌ Test SMS API Error: insufficient credits
Failed to send OTP via Fast2SMS: insufficient credits
Uncaught Exception: Error: Packets out of order. Got: 0 Expected: 10
    at Parser._tryReadPacketHeader (/home/appzetoa/public_html/daliyhisab/server/node_modules/mysql/lib/protocol/Parser.js:470:15)
    at Parser.write (/home/appzetoa/public_html/daliyhisab/server/node_modules/mysql/lib/protocol/Parser.js:33:29)
    at Protocol.write (/home/appzetoa/public_html/daliyhisab/server/node_modules/mysql/lib/protocol/Protocol.js:38:16)
    at Socket.<anonymous> (/home/appzetoa/public_html/daliyhisab/server/node_modules/mysql/lib/Connection.js:88:28)
    at Socket.<anonymous> (/home/appzetoa/public_html/daliyhisab/server/node_modules/mysql/lib/Connection.js:526:10)
    at Socket.emit (node:events:524:28)
    at addChunk (node:internal/streams/readable:561:12)
    at readableAddChunkPushByteMode (node:internal/streams/readable:512:3)
    at Readable.push (node:internal/streams/readable:392:5)
    at TCP.onStreamRead (node:internal/stream_base_commons:191:23) {
  code: 'PROTOCOL_PACKETS_OUT_OF_ORDER',
  fatal: true
}
❌ Test SMS API Error: insufficient credits
Failed to send OTP via Fast2SMS: insufficient credits
❌ Test SMS API Error: insufficient credits
Failed to send OTP via Fast2SMS: insufficient credits
Uncaught Exception: Error: Packets out of order. Got: 0 Expected: 7
    at Parser._tryReadPacketHeader (/home/appzetoa/public_html/daliyhisab/server/node_modules/mysql/lib/protocol/Parser.js:470:15)
    at Parser.write (/home/appzetoa/public_html/daliyhisab/server/node_modules/mysql/lib/protocol/Parser.js:33:29)
    at Protocol.write (/home/appzetoa/public_html/daliyhisab/server/node_modules/mysql/lib/protocol/Protocol.js:38:16)
    at Socket.<anonymous> (/home/appzetoa/public_html/daliyhisab/server/node_modules/mysql/lib/Connection.js:88:28)
    at Socket.<anonymous> (/home/appzetoa/public_html/daliyhisab/server/node_modules/mysql/lib/Connection.js:526:10)
    at Socket.emit (node:events:524:28)
    at addChunk (node:internal/streams/readable:561:12)
    at readableAddChunkPushByteMode (node:internal/streams/readable:512:3)
    at Readable.push (node:internal/streams/readable:392:5)
    at TCP.onStreamRead (node:internal/stream_base_commons:191:23) {
  code: 'PROTOCOL_PACKETS_OUT_OF_ORDER',
  fatal: true
}
Uncaught Exception: Error: Packets out of order. Got: 0 Expected: 8
    at Parser._tryReadPacketHeader (/home/appzetoa/public_html/daliyhisab/server/node_modules/mysql/lib/protocol/Parser.js:470:15)
    at Parser.write (/home/appzetoa/public_html/daliyhisab/server/node_modules/mysql/lib/protocol/Parser.js:33:29)
    at Protocol.write (/home/appzetoa/public_html/daliyhisab/server/node_modules/mysql/lib/protocol/Protocol.js:38:16)
    at Socket.<anonymous> (/home/appzetoa/public_html/daliyhisab/server/node_modules/mysql/lib/Connection.js:88:28)
    at Socket.<anonymous> (/home/appzetoa/public_html/daliyhisab/server/node_modules/mysql/lib/Connection.js:526:10)
    at Socket.emit (node:events:524:28)
    at addChunk (node:internal/streams/readable:561:12)
    at readableAddChunkPushByteMode (node:internal/streams/readable:512:3)
    at Readable.push (node:internal/streams/readable:392:5)
    at TCP.onStreamRead (node:internal/stream_base_commons:191:23) {
  code: 'PROTOCOL_PACKETS_OUT_OF_ORDER',
  fatal: true
}
❌ Test SMS API Error: insufficient credits
Failed to send OTP via Fast2SMS: insufficient credits
Uncaught Exception: Error: Packets out of order. Got: 0 Expected: 17
    at Parser._tryReadPacketHeader (/home/appzetoa/public_html/daliyhisab/server/node_modules/mysql/lib/protocol/Parser.js:470:15)
    at Parser.write (/home/appzetoa/public_html/daliyhisab/server/node_modules/mysql/lib/protocol/Parser.js:33:29)
    at Protocol.write (/home/appzetoa/public_html/daliyhisab/server/node_modules/mysql/lib/protocol/Protocol.js:38:16)
    at Socket.<anonymous> (/home/appzetoa/public_html/daliyhisab/server/node_modules/mysql/lib/Connection.js:88:28)
    at Socket.<anonymous> (/home/appzetoa/public_html/daliyhisab/server/node_modules/mysql/lib/Connection.js:526:10)
    at Socket.emit (node:events:524:28)
    at addChunk (node:internal/streams/readable:561:12)
    at readableAddChunkPushByteMode (node:internal/streams/readable:512:3)
    at Readable.push (node:internal/streams/readable:392:5)
    at TCP.onStreamRead (node:internal/stream_base_commons:191:23) {
  code: 'PROTOCOL_PACKETS_OUT_OF_ORDER',
  fatal: true
}
Uncaught Exception: Error: Packets out of order. Got: 0 Expected: 12
    at Parser._tryReadPacketHeader (/home/appzetoa/public_html/daliyhisab/server/node_modules/mysql/lib/protocol/Parser.js:470:15)
    at Parser.write (/home/appzetoa/public_html/daliyhisab/server/node_modules/mysql/lib/protocol/Parser.js:33:29)
    at Protocol.write (/home/appzetoa/public_html/daliyhisab/server/node_modules/mysql/lib/protocol/Protocol.js:38:16)
    at Socket.<anonymous> (/home/appzetoa/public_html/daliyhisab/server/node_modules/mysql/lib/Connection.js:88:28)
    at Socket.<anonymous> (/home/appzetoa/public_html/daliyhisab/server/node_modules/mysql/lib/Connection.js:526:10)
    at Socket.emit (node:events:524:28)
    at addChunk (node:internal/streams/readable:561:12)
    at readableAddChunkPushByteMode (node:internal/streams/readable:512:3)
    at Readable.push (node:internal/streams/readable:392:5)
    at TCP.onStreamRead (node:internal/stream_base_commons:191:23) {
  code: 'PROTOCOL_PACKETS_OUT_OF_ORDER',
  fatal: true
}
Uncaught Exception: Error: Packets out of order. Got: 0 Expected: 9
    at Parser._tryReadPacketHeader (/home/appzetoa/public_html/daliyhisab/server/node_modules/mysql/lib/protocol/Parser.js:470:15)
    at Parser.write (/home/appzetoa/public_html/daliyhisab/server/node_modules/mysql/lib/protocol/Parser.js:33:29)
    at Protocol.write (/home/appzetoa/public_html/daliyhisab/server/node_modules/mysql/lib/protocol/Protocol.js:38:16)
    at Socket.<anonymous> (/home/appzetoa/public_html/daliyhisab/server/node_modules/mysql/lib/Connection.js:88:28)
    at Socket.<anonymous> (/home/appzetoa/public_html/daliyhisab/server/node_modules/mysql/lib/Connection.js:526:10)
    at Socket.emit (node:events:524:28)
    at addChunk (node:internal/streams/readable:561:12)
    at readableAddChunkPushByteMode (node:internal/streams/readable:512:3)
    at Readable.push (node:internal/streams/readable:392:5)
    at TCP.onStreamRead (node:internal/stream_base_commons:191:23) {
  code: 'PROTOCOL_PACKETS_OUT_OF_ORDER',
  fatal: true
}
Uncaught Exception: Error: Packets out of order. Got: 0 Expected: 6
    at Parser._tryReadPacketHeader (/home/appzetoa/public_html/daliyhisab/server/node_modules/mysql/lib/protocol/Parser.js:470:15)
    at Parser.write (/home/appzetoa/public_html/daliyhisab/server/node_modules/mysql/lib/protocol/Parser.js:33:29)
    at Protocol.write (/home/appzetoa/public_html/daliyhisab/server/node_modules/mysql/lib/protocol/Protocol.js:38:16)
    at Socket.<anonymous> (/home/appzetoa/public_html/daliyhisab/server/node_modules/mysql/lib/Connection.js:88:28)
    at Socket.<anonymous> (/home/appzetoa/public_html/daliyhisab/server/node_modules/mysql/lib/Connection.js:526:10)
    at Socket.emit (node:events:524:28)
    at addChunk (node:internal/streams/readable:561:12)
    at readableAddChunkPushByteMode (node:internal/streams/readable:512:3)
    at Readable.push (node:internal/streams/readable:392:5)
    at TCP.onStreamRead (node:internal/stream_base_commons:191:23) {
  code: 'PROTOCOL_PACKETS_OUT_OF_ORDER',
  fatal: true
}
Uncaught Exception: Error: Packets out of order. Got: 0 Expected: 6
    at Parser._tryReadPacketHeader (/home/appzetoa/public_html/daliyhisab/server/node_modules/mysql/lib/protocol/Parser.js:470:15)
    at Parser.write (/home/appzetoa/public_html/daliyhisab/server/node_modules/mysql/lib/protocol/Parser.js:33:29)
    at Protocol.write (/home/appzetoa/public_html/daliyhisab/server/node_modules/mysql/lib/protocol/Protocol.js:38:16)
    at Socket.<anonymous> (/home/appzetoa/public_html/daliyhisab/server/node_modules/mysql/lib/Connection.js:88:28)
    at Socket.<anonymous> (/home/appzetoa/public_html/daliyhisab/server/node_modules/mysql/lib/Connection.js:526:10)
    at Socket.emit (node:events:524:28)
    at addChunk (node:internal/streams/readable:561:12)
    at readableAddChunkPushByteMode (node:internal/streams/readable:512:3)
    at Readable.push (node:internal/streams/readable:392:5)
    at TCP.onStreamRead (node:internal/stream_base_commons:191:23) {
  code: 'PROTOCOL_PACKETS_OUT_OF_ORDER',
  fatal: true
}
Uncaught Exception: Error: Packets out of order. Got: 0 Expected: 6
    at Parser._tryReadPacketHeader (/home/appzetoa/public_html/daliyhisab/server/node_modules/mysql/lib/protocol/Parser.js:470:15)
    at Parser.write (/home/appzetoa/public_html/daliyhisab/server/node_modules/mysql/lib/protocol/Parser.js:33:29)
    at Protocol.write (/home/appzetoa/public_html/daliyhisab/server/node_modules/mysql/lib/protocol/Protocol.js:38:16)
    at Socket.<anonymous> (/home/appzetoa/public_html/daliyhisab/server/node_modules/mysql/lib/Connection.js:88:28)
    at Socket.<anonymous> (/home/appzetoa/public_html/daliyhisab/server/node_modules/mysql/lib/Connection.js:526:10)
    at Socket.emit (node:events:524:28)
    at addChunk (node:internal/streams/readable:561:12)
    at readableAddChunkPushByteMode (node:internal/streams/readable:512:3)
    at Readable.push (node:internal/streams/readable:392:5)
    at TCP.onStreamRead (node:internal/stream_base_commons:191:23) {
  code: 'PROTOCOL_PACKETS_OUT_OF_ORDER',
  fatal: true
}
❌ Test SMS API Error: insufficient credits
Failed to send OTP via Fast2SMS: insufficient credits
Uncaught Exception: Error: Packets out of order. Got: 0 Expected: 6
    at Parser._tryReadPacketHeader (/home/appzetoa/public_html/daliyhisab/server/node_modules/mysql/lib/protocol/Parser.js:470:15)
    at Parser.write (/home/appzetoa/public_html/daliyhisab/server/node_modules/mysql/lib/protocol/Parser.js:33:29)
    at Protocol.write (/home/appzetoa/public_html/daliyhisab/server/node_modules/mysql/lib/protocol/Protocol.js:38:16)
    at Socket.<anonymous> (/home/appzetoa/public_html/daliyhisab/server/node_modules/mysql/lib/Connection.js:88:28)
    at Socket.<anonymous> (/home/appzetoa/public_html/daliyhisab/server/node_modules/mysql/lib/Connection.js:526:10)
    at Socket.emit (node:events:524:28)
    at addChunk (node:internal/streams/readable:561:12)
    at readableAddChunkPushByteMode (node:internal/streams/readable:512:3)
    at Readable.push (node:internal/streams/readable:392:5)
    at TCP.onStreamRead (node:internal/stream_base_commons:191:23) {
  code: 'PROTOCOL_PACKETS_OUT_OF_ORDER',
  fatal: true
}
❌ Query error: ER_NO_SUCH_TABLE: Table 'appzetoa_daily_hisab.reminder_master' doesn't exist
Query: DELETE FROM reminder_master WHERE user_id = ?...
Error deleting reminders: Error: ER_NO_SUCH_TABLE: Table 'appzetoa_daily_hisab.reminder_master' doesn't exist
    at Sequence._packetToError (/home/appzetoa/public_html/daliyhisab/server/node_modules/mysql/lib/protocol/sequences/Sequence.js:47:14)
    at Query.ErrorPacket (/home/appzetoa/public_html/daliyhisab/server/node_modules/mysql/lib/protocol/sequences/Query.js:79:18)
    at Protocol._parsePacket (/home/appzetoa/public_html/daliyhisab/server/node_modules/mysql/lib/protocol/Protocol.js:291:23)
    at Parser._parsePacket (/home/appzetoa/public_html/daliyhisab/server/node_modules/mysql/lib/protocol/Parser.js:433:10)
    at Parser.write (/home/appzetoa/public_html/daliyhisab/server/node_modules/mysql/lib/protocol/Parser.js:43:10)
    at Protocol.write (/home/appzetoa/public_html/daliyhisab/server/node_modules/mysql/lib/protocol/Protocol.js:38:16)
    at Socket.<anonymous> (/home/appzetoa/public_html/daliyhisab/server/node_modules/mysql/lib/Connection.js:88:28)
    at Socket.<anonymous> (/home/appzetoa/public_html/daliyhisab/server/node_modules/mysql/lib/Connection.js:526:10)
    at Socket.emit (node:events:524:28)
    at addChunk (node:internal/streams/readable:561:12)
    --------------------
    at Protocol._enqueue (/home/appzetoa/public_html/daliyhisab/server/node_modules/mysql/lib/protocol/Protocol.js:144:48)
    at PoolConnection.query (/home/appzetoa/public_html/daliyhisab/server/node_modules/mysql/lib/Connection.js:198:25)
    at file:///home/appzetoa/public_html/daliyhisab/server/connection/dbConfig.js:119:18
    at Ping.onOperationComplete (/home/appzetoa/public_html/daliyhisab/server/node_modules/mysql/lib/Pool.js:110:5)
    at Ping.<anonymous> (/home/appzetoa/public_html/daliyhisab/server/node_modules/mysql/lib/Connection.js:526:10)
    at Ping._callback (/home/appzetoa/public_html/daliyhisab/server/node_modules/mysql/lib/Connection.js:488:16)
    at Sequence.end (/home/appzetoa/public_html/daliyhisab/server/node_modules/mysql/lib/protocol/sequences/Sequence.js:83:24)
    at Sequence.OkPacket (/home/appzetoa/public_html/daliyhisab/server/node_modules/mysql/lib/protocol/sequences/Sequence.js:92:8)
    at Protocol._parsePacket (/home/appzetoa/public_html/daliyhisab/server/node_modules/mysql/lib/protocol/Protocol.js:291:23)
    at Parser._parsePacket (/home/appzetoa/public_html/daliyhisab/server/node_modules/mysql/lib/protocol/Parser.js:433:10) {
  code: 'ER_NO_SUCH_TABLE',
  errno: 1146,
  sqlMessage: "Table 'appzetoa_daily_hisab.reminder_master' doesn't exist",
  sqlState: '42S02',
  index: 0,
  sql: 'DELETE FROM reminder_master WHERE user_id = 48'
}
❌ Query error: ER_NO_SUCH_TABLE: Table 'appzetoa_daily_hisab.recurring_payment_master' doesn't exist
Query: DELETE FROM recurring_payment_master WHERE user_id = ?...
Error deleting recurring payments: Error: ER_NO_SUCH_TABLE: Table 'appzetoa_daily_hisab.recurring_payment_master' doesn't exist
    at Sequence._packetToError (/home/appzetoa/public_html/daliyhisab/server/node_modules/mysql/lib/protocol/sequences/Sequence.js:47:14)
    at Query.ErrorPacket (/home/appzetoa/public_html/daliyhisab/server/node_modules/mysql/lib/protocol/sequences/Query.js:79:18)
    at Protocol._parsePacket (/home/appzetoa/public_html/daliyhisab/server/node_modules/mysql/lib/protocol/Protocol.js:291:23)
    at Parser._parsePacket (/home/appzetoa/public_html/daliyhisab/server/node_modules/mysql/lib/protocol/Parser.js:433:10)
    at Parser.write (/home/appzetoa/public_html/daliyhisab/server/node_modules/mysql/lib/protocol/Parser.js:43:10)
    at Protocol.write (/home/appzetoa/public_html/daliyhisab/server/node_modules/mysql/lib/protocol/Protocol.js:38:16)
    at Socket.<anonymous> (/home/appzetoa/public_html/daliyhisab/server/node_modules/mysql/lib/Connection.js:88:28)
    at Socket.<anonymous> (/home/appzetoa/public_html/daliyhisab/server/node_modules/mysql/lib/Connection.js:526:10)
    at Socket.emit (node:events:524:28)
    at addChunk (node:internal/streams/readable:561:12)
    --------------------
    at Protocol._enqueue (/home/appzetoa/public_html/daliyhisab/server/node_modules/mysql/lib/protocol/Protocol.js:144:48)
    at PoolConnection.query (/home/appzetoa/public_html/daliyhisab/server/node_modules/mysql/lib/Connection.js:198:25)
    at file:///home/appzetoa/public_html/daliyhisab/server/connection/dbConfig.js:119:18
    at Ping.onOperationComplete (/home/appzetoa/public_html/daliyhisab/server/node_modules/mysql/lib/Pool.js:110:5)
    at Ping.<anonymous> (/home/appzetoa/public_html/daliyhisab/server/node_modules/mysql/lib/Connection.js:526:10)
    at Ping._callback (/home/appzetoa/public_html/daliyhisab/server/node_modules/mysql/lib/Connection.js:488:16)
    at Sequence.end (/home/appzetoa/public_html/daliyhisab/server/node_modules/mysql/lib/protocol/sequences/Sequence.js:83:24)
    at Sequence.OkPacket (/home/appzetoa/public_html/daliyhisab/server/node_modules/mysql/lib/protocol/sequences/Sequence.js:92:8)
    at Protocol._parsePacket (/home/appzetoa/public_html/daliyhisab/server/node_modules/mysql/lib/protocol/Protocol.js:291:23)
    at Parser._parsePacket (/home/appzetoa/public_html/daliyhisab/server/node_modules/mysql/lib/protocol/Parser.js:433:10) {
  code: 'ER_NO_SUCH_TABLE',
  errno: 1146,
  sqlMessage: "Table 'appzetoa_daily_hisab.recurring_payment_master' doesn't exist",
  sqlState: '42S02',
  index: 0,
  sql: 'DELETE FROM recurring_payment_master WHERE user_id = 48'
}
❌ Query error: ER_NO_SUCH_TABLE: Table 'appzetoa_daily_hisab.notification_master' doesn't exist
Query: DELETE FROM notification_master WHERE user_id = ?...
Error deleting notifications: Error: ER_NO_SUCH_TABLE: Table 'appzetoa_daily_hisab.notification_master' doesn't exist
    at Sequence._packetToError (/home/appzetoa/public_html/daliyhisab/server/node_modules/mysql/lib/protocol/sequences/Sequence.js:47:14)
    at Query.ErrorPacket (/home/appzetoa/public_html/daliyhisab/server/node_modules/mysql/lib/protocol/sequences/Query.js:79:18)
    at Protocol._parsePacket (/home/appzetoa/public_html/daliyhisab/server/node_modules/mysql/lib/protocol/Protocol.js:291:23)
    at Parser._parsePacket (/home/appzetoa/public_html/daliyhisab/server/node_modules/mysql/lib/protocol/Parser.js:433:10)
    at Parser.write (/home/appzetoa/public_html/daliyhisab/server/node_modules/mysql/lib/protocol/Parser.js:43:10)
    at Protocol.write (/home/appzetoa/public_html/daliyhisab/server/node_modules/mysql/lib/protocol/Protocol.js:38:16)
    at Socket.<anonymous> (/home/appzetoa/public_html/daliyhisab/server/node_modules/mysql/lib/Connection.js:88:28)
    at Socket.<anonymous> (/home/appzetoa/public_html/daliyhisab/server/node_modules/mysql/lib/Connection.js:526:10)
    at Socket.emit (node:events:524:28)
    at addChunk (node:internal/streams/readable:561:12)
    --------------------
    at Protocol._enqueue (/home/appzetoa/public_html/daliyhisab/server/node_modules/mysql/lib/protocol/Protocol.js:144:48)
    at PoolConnection.query (/home/appzetoa/public_html/daliyhisab/server/node_modules/mysql/lib/Connection.js:198:25)
    at file:///home/appzetoa/public_html/daliyhisab/server/connection/dbConfig.js:119:18
    at Ping.onOperationComplete (/home/appzetoa/public_html/daliyhisab/server/node_modules/mysql/lib/Pool.js:110:5)
    at Ping.<anonymous> (/home/appzetoa/public_html/daliyhisab/server/node_modules/mysql/lib/Connection.js:526:10)
    at Ping._callback (/home/appzetoa/public_html/daliyhisab/server/node_modules/mysql/lib/Connection.js:488:16)
    at Sequence.end (/home/appzetoa/public_html/daliyhisab/server/node_modules/mysql/lib/protocol/sequences/Sequence.js:83:24)
    at Sequence.OkPacket (/home/appzetoa/public_html/daliyhisab/server/node_modules/mysql/lib/protocol/sequences/Sequence.js:92:8)
    at Protocol._parsePacket (/home/appzetoa/public_html/daliyhisab/server/node_modules/mysql/lib/protocol/Protocol.js:291:23)
    at Parser._parsePacket (/home/appzetoa/public_html/daliyhisab/server/node_modules/mysql/lib/protocol/Parser.js:433:10) {
  code: 'ER_NO_SUCH_TABLE',
  errno: 1146,
  sqlMessage: "Table 'appzetoa_daily_hisab.notification_master' doesn't exist",
  sqlState: '42S02',
  index: 0,
  sql: 'DELETE FROM notification_master WHERE user_id = 48'
}
❌ Query error: ER_NO_SUCH_TABLE: Table 'appzetoa_daily_hisab.reminder_master' doesn't exist
Query: DELETE FROM reminder_master WHERE user_id = ?...
Error deleting reminders: Error: ER_NO_SUCH_TABLE: Table 'appzetoa_daily_hisab.reminder_master' doesn't exist
    at Sequence._packetToError (/home/appzetoa/public_html/daliyhisab/server/node_modules/mysql/lib/protocol/sequences/Sequence.js:47:14)
    at Query.ErrorPacket (/home/appzetoa/public_html/daliyhisab/server/node_modules/mysql/lib/protocol/sequences/Query.js:79:18)
    at Protocol._parsePacket (/home/appzetoa/public_html/daliyhisab/server/node_modules/mysql/lib/protocol/Protocol.js:291:23)
    at Parser._parsePacket (/home/appzetoa/public_html/daliyhisab/server/node_modules/mysql/lib/protocol/Parser.js:433:10)
    at Parser.write (/home/appzetoa/public_html/daliyhisab/server/node_modules/mysql/lib/protocol/Parser.js:43:10)
    at Protocol.write (/home/appzetoa/public_html/daliyhisab/server/node_modules/mysql/lib/protocol/Protocol.js:38:16)
    at Socket.<anonymous> (/home/appzetoa/public_html/daliyhisab/server/node_modules/mysql/lib/Connection.js:88:28)
    at Socket.<anonymous> (/home/appzetoa/public_html/daliyhisab/server/node_modules/mysql/lib/Connection.js:526:10)
    at Socket.emit (node:events:524:28)
    at addChunk (node:internal/streams/readable:561:12)
    --------------------
    at Protocol._enqueue (/home/appzetoa/public_html/daliyhisab/server/node_modules/mysql/lib/protocol/Protocol.js:144:48)
    at PoolConnection.query (/home/appzetoa/public_html/daliyhisab/server/node_modules/mysql/lib/Connection.js:198:25)
    at file:///home/appzetoa/public_html/daliyhisab/server/connection/dbConfig.js:119:18
    at Ping.onOperationComplete (/home/appzetoa/public_html/daliyhisab/server/node_modules/mysql/lib/Pool.js:110:5)
    at Ping.<anonymous> (/home/appzetoa/public_html/daliyhisab/server/node_modules/mysql/lib/Connection.js:526:10)
    at Ping._callback (/home/appzetoa/public_html/daliyhisab/server/node_modules/mysql/lib/Connection.js:488:16)
    at Sequence.end (/home/appzetoa/public_html/daliyhisab/server/node_modules/mysql/lib/protocol/sequences/Sequence.js:83:24)
    at Sequence.OkPacket (/home/appzetoa/public_html/daliyhisab/server/node_modules/mysql/lib/protocol/sequences/Sequence.js:92:8)
    at Protocol._parsePacket (/home/appzetoa/public_html/daliyhisab/server/node_modules/mysql/lib/protocol/Protocol.js:291:23)
    at Parser._parsePacket (/home/appzetoa/public_html/daliyhisab/server/node_modules/mysql/lib/protocol/Parser.js:433:10) {
  code: 'ER_NO_SUCH_TABLE',
  errno: 1146,
  sqlMessage: "Table 'appzetoa_daily_hisab.reminder_master' doesn't exist",
  sqlState: '42S02',
  index: 0,
  sql: 'DELETE FROM reminder_master WHERE user_id = 53'
}
❌ Query error: ER_NO_SUCH_TABLE: Table 'appzetoa_daily_hisab.recurring_payment_master' doesn't exist
Query: DELETE FROM recurring_payment_master WHERE user_id = ?...
Error deleting recurring payments: Error: ER_NO_SUCH_TABLE: Table 'appzetoa_daily_hisab.recurring_payment_master' doesn't exist
    at Sequence._packetToError (/home/appzetoa/public_html/daliyhisab/server/node_modules/mysql/lib/protocol/sequences/Sequence.js:47:14)
    at Query.ErrorPacket (/home/appzetoa/public_html/daliyhisab/server/node_modules/mysql/lib/protocol/sequences/Query.js:79:18)
    at Protocol._parsePacket (/home/appzetoa/public_html/daliyhisab/server/node_modules/mysql/lib/protocol/Protocol.js:291:23)
    at Parser._parsePacket (/home/appzetoa/public_html/daliyhisab/server/node_modules/mysql/lib/protocol/Parser.js:433:10)
    at Parser.write (/home/appzetoa/public_html/daliyhisab/server/node_modules/mysql/lib/protocol/Parser.js:43:10)
    at Protocol.write (/home/appzetoa/public_html/daliyhisab/server/node_modules/mysql/lib/protocol/Protocol.js:38:16)
    at Socket.<anonymous> (/home/appzetoa/public_html/daliyhisab/server/node_modules/mysql/lib/Connection.js:88:28)
    at Socket.<anonymous> (/home/appzetoa/public_html/daliyhisab/server/node_modules/mysql/lib/Connection.js:526:10)
    at Socket.emit (node:events:524:28)
    at addChunk (node:internal/streams/readable:561:12)
    --------------------
    at Protocol._enqueue (/home/appzetoa/public_html/daliyhisab/server/node_modules/mysql/lib/protocol/Protocol.js:144:48)
    at PoolConnection.query (/home/appzetoa/public_html/daliyhisab/server/node_modules/mysql/lib/Connection.js:198:25)
    at file:///home/appzetoa/public_html/daliyhisab/server/connection/dbConfig.js:119:18
    at Ping.onOperationComplete (/home/appzetoa/public_html/daliyhisab/server/node_modules/mysql/lib/Pool.js:110:5)
    at Ping.<anonymous> (/home/appzetoa/public_html/daliyhisab/server/node_modules/mysql/lib/Connection.js:526:10)
    at Ping._callback (/home/appzetoa/public_html/daliyhisab/server/node_modules/mysql/lib/Connection.js:488:16)
    at Sequence.end (/home/appzetoa/public_html/daliyhisab/server/node_modules/mysql/lib/protocol/sequences/Sequence.js:83:24)
    at Sequence.OkPacket (/home/appzetoa/public_html/daliyhisab/server/node_modules/mysql/lib/protocol/sequences/Sequence.js:92:8)
    at Protocol._parsePacket (/home/appzetoa/public_html/daliyhisab/server/node_modules/mysql/lib/protocol/Protocol.js:291:23)
    at Parser._parsePacket (/home/appzetoa/public_html/daliyhisab/server/node_modules/mysql/lib/protocol/Parser.js:433:10) {
  code: 'ER_NO_SUCH_TABLE',
  errno: 1146,
  sqlMessage: "Table 'appzetoa_daily_hisab.recurring_payment_master' doesn't exist",
  sqlState: '42S02',
  index: 0,
  sql: 'DELETE FROM recurring_payment_master WHERE user_id = 53'
}
❌ Query error: ER_NO_SUCH_TABLE: Table 'appzetoa_daily_hisab.notification_master' doesn't exist
Query: DELETE FROM notification_master WHERE user_id = ?...
Error deleting notifications: Error: ER_NO_SUCH_TABLE: Table 'appzetoa_daily_hisab.notification_master' doesn't exist
    at Sequence._packetToError (/home/appzetoa/public_html/daliyhisab/server/node_modules/mysql/lib/protocol/sequences/Sequence.js:47:14)
    at Query.ErrorPacket (/home/appzetoa/public_html/daliyhisab/server/node_modules/mysql/lib/protocol/sequences/Query.js:79:18)
    at Protocol._parsePacket (/home/appzetoa/public_html/daliyhisab/server/node_modules/mysql/lib/protocol/Protocol.js:291:23)
    at Parser._parsePacket (/home/appzetoa/public_html/daliyhisab/server/node_modules/mysql/lib/protocol/Parser.js:433:10)
    at Parser.write (/home/appzetoa/public_html/daliyhisab/server/node_modules/mysql/lib/protocol/Parser.js:43:10)
    at Protocol.write (/home/appzetoa/public_html/daliyhisab/server/node_modules/mysql/lib/protocol/Protocol.js:38:16)
    at Socket.<anonymous> (/home/appzetoa/public_html/daliyhisab/server/node_modules/mysql/lib/Connection.js:88:28)
    at Socket.<anonymous> (/home/appzetoa/public_html/daliyhisab/server/node_modules/mysql/lib/Connection.js:526:10)
    at Socket.emit (node:events:524:28)
    at addChunk (node:internal/streams/readable:561:12)
    --------------------
    at Protocol._enqueue (/home/appzetoa/public_html/daliyhisab/server/node_modules/mysql/lib/protocol/Protocol.js:144:48)
    at PoolConnection.query (/home/appzetoa/public_html/daliyhisab/server/node_modules/mysql/lib/Connection.js:198:25)
    at file:///home/appzetoa/public_html/daliyhisab/server/connection/dbConfig.js:119:18
    at Ping.onOperationComplete (/home/appzetoa/public_html/daliyhisab/server/node_modules/mysql/lib/Pool.js:110:5)
    at Ping.<anonymous> (/home/appzetoa/public_html/daliyhisab/server/node_modules/mysql/lib/Connection.js:526:10)
    at Ping._callback (/home/appzetoa/public_html/daliyhisab/server/node_modules/mysql/lib/Connection.js:488:16)
    at Sequence.end (/home/appzetoa/public_html/daliyhisab/server/node_modules/mysql/lib/protocol/sequences/Sequence.js:83:24)
    at Sequence.OkPacket (/home/appzetoa/public_html/daliyhisab/server/node_modules/mysql/lib/protocol/sequences/Sequence.js:92:8)
    at Protocol._parsePacket (/home/appzetoa/public_html/daliyhisab/server/node_modules/mysql/lib/protocol/Protocol.js:291:23)
    at Parser._parsePacket (/home/appzetoa/public_html/daliyhisab/server/node_modules/mysql/lib/protocol/Parser.js:433:10) {
  code: 'ER_NO_SUCH_TABLE',
  errno: 1146,
  sqlMessage: "Table 'appzetoa_daily_hisab.notification_master' doesn't exist",
  sqlState: '42S02',
  index: 0,
  sql: 'DELETE FROM notification_master WHERE user_id = 53'
}
Error sending to single token: FirebaseMessagingError: Requested entity was not found.
    at FirebaseMessagingError.fromServerError (/home/appzetoa/public_html/daliyhisab/server/node_modules/firebase-admin/lib/utils/error.js:269:16)
    at createFirebaseError (/home/appzetoa/public_html/daliyhisab/server/node_modules/firebase-admin/lib/messaging/messaging-errors-internal.js:36:47)
    at /home/appzetoa/public_html/daliyhisab/server/node_modules/firebase-admin/lib/messaging/messaging-api-request-internal.js:74:75
    at process.processTicksAndRejections (node:internal/process/task_queues:95:5)
    at async Object.sendToUsers (file:///home/appzetoa/public_html/daliyhisab/server/controller/notificationController.js:103:28)
    at async file:///home/appzetoa/public_html/daliyhisab/server/controller/adminController.js:2137:42 {
  errorInfo: {
    code: 'messaging/registration-token-not-registered',
    message: 'Requested entity was not found.'
  },
  codePrefix: 'messaging'
}
⚠️ Failed to send notification to user 52: Requested entity was not found.
❌ Query error: ER_NO_SUCH_TABLE: Table 'appzetoa_daily_hisab.reminder_master' doesn't exist
Query: DELETE FROM reminder_master WHERE user_id = ?...
Error deleting reminders: Error: ER_NO_SUCH_TABLE: Table 'appzetoa_daily_hisab.reminder_master' doesn't exist
    at Sequence._packetToError (/home/appzetoa/public_html/daliyhisab/server/node_modules/mysql/lib/protocol/sequences/Sequence.js:47:14)
    at Query.ErrorPacket (/home/appzetoa/public_html/daliyhisab/server/node_modules/mysql/lib/protocol/sequences/Query.js:79:18)
    at Protocol._parsePacket (/home/appzetoa/public_html/daliyhisab/server/node_modules/mysql/lib/protocol/Protocol.js:291:23)
    at Parser._parsePacket (/home/appzetoa/public_html/daliyhisab/server/node_modules/mysql/lib/protocol/Parser.js:433:10)
    at Parser.write (/home/appzetoa/public_html/daliyhisab/server/node_modules/mysql/lib/protocol/Parser.js:43:10)
    at Protocol.write (/home/appzetoa/public_html/daliyhisab/server/node_modules/mysql/lib/protocol/Protocol.js:38:16)
    at Socket.<anonymous> (/home/appzetoa/public_html/daliyhisab/server/node_modules/mysql/lib/Connection.js:88:28)
    at Socket.<anonymous> (/home/appzetoa/public_html/daliyhisab/server/node_modules/mysql/lib/Connection.js:526:10)
    at Socket.emit (node:events:524:28)
    at addChunk (node:internal/streams/readable:561:12)
    --------------------
    at Protocol._enqueue (/home/appzetoa/public_html/daliyhisab/server/node_modules/mysql/lib/protocol/Protocol.js:144:48)
    at PoolConnection.query (/home/appzetoa/public_html/daliyhisab/server/node_modules/mysql/lib/Connection.js:198:25)
    at file:///home/appzetoa/public_html/daliyhisab/server/connection/dbConfig.js:119:18
    at Ping.onOperationComplete (/home/appzetoa/public_html/daliyhisab/server/node_modules/mysql/lib/Pool.js:110:5)
    at Ping.<anonymous> (/home/appzetoa/public_html/daliyhisab/server/node_modules/mysql/lib/Connection.js:526:10)
    at Ping._callback (/home/appzetoa/public_html/daliyhisab/server/node_modules/mysql/lib/Connection.js:488:16)
    at Sequence.end (/home/appzetoa/public_html/daliyhisab/server/node_modules/mysql/lib/protocol/sequences/Sequence.js:83:24)
    at Sequence.OkPacket (/home/appzetoa/public_html/daliyhisab/server/node_modules/mysql/lib/protocol/sequences/Sequence.js:92:8)
    at Protocol._parsePacket (/home/appzetoa/public_html/daliyhisab/server/node_modules/mysql/lib/protocol/Protocol.js:291:23)
    at Parser._parsePacket (/home/appzetoa/public_html/daliyhisab/server/node_modules/mysql/lib/protocol/Parser.js:433:10) {
  code: 'ER_NO_SUCH_TABLE',
  errno: 1146,
  sqlMessage: "Table 'appzetoa_daily_hisab.reminder_master' doesn't exist",
  sqlState: '42S02',
  index: 0,
  sql: 'DELETE FROM reminder_master WHERE user_id = 52'
}
❌ Query error: ER_NO_SUCH_TABLE: Table 'appzetoa_daily_hisab.recurring_payment_master' doesn't exist
Query: DELETE FROM recurring_payment_master WHERE user_id = ?...
Error deleting recurring payments: Error: ER_NO_SUCH_TABLE: Table 'appzetoa_daily_hisab.recurring_payment_master' doesn't exist
    at Sequence._packetToError (/home/appzetoa/public_html/daliyhisab/server/node_modules/mysql/lib/protocol/sequences/Sequence.js:47:14)
    at Query.ErrorPacket (/home/appzetoa/public_html/daliyhisab/server/node_modules/mysql/lib/protocol/sequences/Query.js:79:18)
    at Protocol._parsePacket (/home/appzetoa/public_html/daliyhisab/server/node_modules/mysql/lib/protocol/Protocol.js:291:23)
    at Parser._parsePacket (/home/appzetoa/public_html/daliyhisab/server/node_modules/mysql/lib/protocol/Parser.js:433:10)
    at Parser.write (/home/appzetoa/public_html/daliyhisab/server/node_modules/mysql/lib/protocol/Parser.js:43:10)
    at Protocol.write (/home/appzetoa/public_html/daliyhisab/server/node_modules/mysql/lib/protocol/Protocol.js:38:16)
    at Socket.<anonymous> (/home/appzetoa/public_html/daliyhisab/server/node_modules/mysql/lib/Connection.js:88:28)
    at Socket.<anonymous> (/home/appzetoa/public_html/daliyhisab/server/node_modules/mysql/lib/Connection.js:526:10)
    at Socket.emit (node:events:524:28)
    at addChunk (node:internal/streams/readable:561:12)
    --------------------
    at Protocol._enqueue (/home/appzetoa/public_html/daliyhisab/server/node_modules/mysql/lib/protocol/Protocol.js:144:48)
    at PoolConnection.query (/home/appzetoa/public_html/daliyhisab/server/node_modules/mysql/lib/Connection.js:198:25)
    at file:///home/appzetoa/public_html/daliyhisab/server/connection/dbConfig.js:119:18
    at Ping.onOperationComplete (/home/appzetoa/public_html/daliyhisab/server/node_modules/mysql/lib/Pool.js:110:5)
    at Ping.<anonymous> (/home/appzetoa/public_html/daliyhisab/server/node_modules/mysql/lib/Connection.js:526:10)
    at Ping._callback (/home/appzetoa/public_html/daliyhisab/server/node_modules/mysql/lib/Connection.js:488:16)
    at Sequence.end (/home/appzetoa/public_html/daliyhisab/server/node_modules/mysql/lib/protocol/sequences/Sequence.js:83:24)
    at Sequence.OkPacket (/home/appzetoa/public_html/daliyhisab/server/node_modules/mysql/lib/protocol/sequences/Sequence.js:92:8)
    at Protocol._parsePacket (/home/appzetoa/public_html/daliyhisab/server/node_modules/mysql/lib/protocol/Protocol.js:291:23)
    at Parser._parsePacket (/home/appzetoa/public_html/daliyhisab/server/node_modules/mysql/lib/protocol/Parser.js:433:10) {
  code: 'ER_NO_SUCH_TABLE',
  errno: 1146,
  sqlMessage: "Table 'appzetoa_daily_hisab.recurring_payment_master' doesn't exist",
  sqlState: '42S02',
  index: 0,
  sql: 'DELETE FROM recurring_payment_master WHERE user_id = 52'
}
❌ Query error: ER_NO_SUCH_TABLE: Table 'appzetoa_daily_hisab.notification_master' doesn't exist
Query: DELETE FROM notification_master WHERE user_id = ?...
Error deleting notifications: Error: ER_NO_SUCH_TABLE: Table 'appzetoa_daily_hisab.notification_master' doesn't exist
    at Sequence._packetToError (/home/appzetoa/public_html/daliyhisab/server/node_modules/mysql/lib/protocol/sequences/Sequence.js:47:14)
    at Query.ErrorPacket (/home/appzetoa/public_html/daliyhisab/server/node_modules/mysql/lib/protocol/sequences/Query.js:79:18)
    at Protocol._parsePacket (/home/appzetoa/public_html/daliyhisab/server/node_modules/mysql/lib/protocol/Protocol.js:291:23)
    at Parser._parsePacket (/home/appzetoa/public_html/daliyhisab/server/node_modules/mysql/lib/protocol/Parser.js:433:10)
    at Parser.write (/home/appzetoa/public_html/daliyhisab/server/node_modules/mysql/lib/protocol/Parser.js:43:10)
    at Protocol.write (/home/appzetoa/public_html/daliyhisab/server/node_modules/mysql/lib/protocol/Protocol.js:38:16)
    at Socket.<anonymous> (/home/appzetoa/public_html/daliyhisab/server/node_modules/mysql/lib/Connection.js:88:28)
    at Socket.<anonymous> (/home/appzetoa/public_html/daliyhisab/server/node_modules/mysql/lib/Connection.js:526:10)
    at Socket.emit (node:events:524:28)
    at addChunk (node:internal/streams/readable:561:12)
    --------------------
    at Protocol._enqueue (/home/appzetoa/public_html/daliyhisab/server/node_modules/mysql/lib/protocol/Protocol.js:144:48)
    at PoolConnection.query (/home/appzetoa/public_html/daliyhisab/server/node_modules/mysql/lib/Connection.js:198:25)
    at file:///home/appzetoa/public_html/daliyhisab/server/connection/dbConfig.js:119:18
    at Ping.onOperationComplete (/home/appzetoa/public_html/daliyhisab/server/node_modules/mysql/lib/Pool.js:110:5)
    at Ping.<anonymous> (/home/appzetoa/public_html/daliyhisab/server/node_modules/mysql/lib/Connection.js:526:10)
    at Ping._callback (/home/appzetoa/public_html/daliyhisab/server/node_modules/mysql/lib/Connection.js:488:16)
    at Sequence.end (/home/appzetoa/public_html/daliyhisab/server/node_modules/mysql/lib/protocol/sequences/Sequence.js:83:24)
    at Sequence.OkPacket (/home/appzetoa/public_html/daliyhisab/server/node_modules/mysql/lib/protocol/sequences/Sequence.js:92:8)
    at Protocol._parsePacket (/home/appzetoa/public_html/daliyhisab/server/node_modules/mysql/lib/protocol/Protocol.js:291:23)
    at Parser._parsePacket (/home/appzetoa/public_html/daliyhisab/server/node_modules/mysql/lib/protocol/Parser.js:433:10) {
  code: 'ER_NO_SUCH_TABLE',
  errno: 1146,
  sqlMessage: "Table 'appzetoa_daily_hisab.notification_master' doesn't exist",
  sqlState: '42S02',
  index: 0,
  sql: 'DELETE FROM notification_master WHERE user_id = 52'
}
❌ Query error: ER_NO_SUCH_TABLE: Table 'appzetoa_daily_hisab.reminder_master' doesn't exist
Query: DELETE FROM reminder_master WHERE user_id = ?...
Error deleting reminders: Error: ER_NO_SUCH_TABLE: Table 'appzetoa_daily_hisab.reminder_master' doesn't exist
    at Sequence._packetToError (/home/appzetoa/public_html/daliyhisab/server/node_modules/mysql/lib/protocol/sequences/Sequence.js:47:14)
    at Query.ErrorPacket (/home/appzetoa/public_html/daliyhisab/server/node_modules/mysql/lib/protocol/sequences/Query.js:79:18)
    at Protocol._parsePacket (/home/appzetoa/public_html/daliyhisab/server/node_modules/mysql/lib/protocol/Protocol.js:291:23)
    at Parser._parsePacket (/home/appzetoa/public_html/daliyhisab/server/node_modules/mysql/lib/protocol/Parser.js:433:10)
    at Parser.write (/home/appzetoa/public_html/daliyhisab/server/node_modules/mysql/lib/protocol/Parser.js:43:10)
    at Protocol.write (/home/appzetoa/public_html/daliyhisab/server/node_modules/mysql/lib/protocol/Protocol.js:38:16)
    at Socket.<anonymous> (/home/appzetoa/public_html/daliyhisab/server/node_modules/mysql/lib/Connection.js:88:28)
    at Socket.<anonymous> (/home/appzetoa/public_html/daliyhisab/server/node_modules/mysql/lib/Connection.js:526:10)
    at Socket.emit (node:events:524:28)
    at addChunk (node:internal/streams/readable:561:12)
    --------------------
    at Protocol._enqueue (/home/appzetoa/public_html/daliyhisab/server/node_modules/mysql/lib/protocol/Protocol.js:144:48)
    at PoolConnection.query (/home/appzetoa/public_html/daliyhisab/server/node_modules/mysql/lib/Connection.js:198:25)
    at file:///home/appzetoa/public_html/daliyhisab/server/connection/dbConfig.js:119:18
    at Ping.onOperationComplete (/home/appzetoa/public_html/daliyhisab/server/node_modules/mysql/lib/Pool.js:110:5)
    at Ping.<anonymous> (/home/appzetoa/public_html/daliyhisab/server/node_modules/mysql/lib/Connection.js:526:10)
    at Ping._callback (/home/appzetoa/public_html/daliyhisab/server/node_modules/mysql/lib/Connection.js:488:16)
    at Sequence.end (/home/appzetoa/public_html/daliyhisab/server/node_modules/mysql/lib/protocol/sequences/Sequence.js:83:24)
    at Sequence.OkPacket (/home/appzetoa/public_html/daliyhisab/server/node_modules/mysql/lib/protocol/sequences/Sequence.js:92:8)
    at Protocol._parsePacket (/home/appzetoa/public_html/daliyhisab/server/node_modules/mysql/lib/protocol/Protocol.js:291:23)
    at Parser._parsePacket (/home/appzetoa/public_html/daliyhisab/server/node_modules/mysql/lib/protocol/Parser.js:433:10) {
  code: 'ER_NO_SUCH_TABLE',
  errno: 1146,
  sqlMessage: "Table 'appzetoa_daily_hisab.reminder_master' doesn't exist",
  sqlState: '42S02',
  index: 0,
  sql: 'DELETE FROM reminder_master WHERE user_id = 51'
}
❌ Query error: ER_NO_SUCH_TABLE: Table 'appzetoa_daily_hisab.recurring_payment_master' doesn't exist
Query: DELETE FROM recurring_payment_master WHERE user_id = ?...
Error deleting recurring payments: Error: ER_NO_SUCH_TABLE: Table 'appzetoa_daily_hisab.recurring_payment_master' doesn't exist
    at Sequence._packetToError (/home/appzetoa/public_html/daliyhisab/server/node_modules/mysql/lib/protocol/sequences/Sequence.js:47:14)
    at Query.ErrorPacket (/home/appzetoa/public_html/daliyhisab/server/node_modules/mysql/lib/protocol/sequences/Query.js:79:18)
    at Protocol._parsePacket (/home/appzetoa/public_html/daliyhisab/server/node_modules/mysql/lib/protocol/Protocol.js:291:23)
    at Parser._parsePacket (/home/appzetoa/public_html/daliyhisab/server/node_modules/mysql/lib/protocol/Parser.js:433:10)
    at Parser.write (/home/appzetoa/public_html/daliyhisab/server/node_modules/mysql/lib/protocol/Parser.js:43:10)
    at Protocol.write (/home/appzetoa/public_html/daliyhisab/server/node_modules/mysql/lib/protocol/Protocol.js:38:16)
    at Socket.<anonymous> (/home/appzetoa/public_html/daliyhisab/server/node_modules/mysql/lib/Connection.js:88:28)
    at Socket.<anonymous> (/home/appzetoa/public_html/daliyhisab/server/node_modules/mysql/lib/Connection.js:526:10)
    at Socket.emit (node:events:524:28)
    at addChunk (node:internal/streams/readable:561:12)
    --------------------
    at Protocol._enqueue (/home/appzetoa/public_html/daliyhisab/server/node_modules/mysql/lib/protocol/Protocol.js:144:48)
    at PoolConnection.query (/home/appzetoa/public_html/daliyhisab/server/node_modules/mysql/lib/Connection.js:198:25)
    at file:///home/appzetoa/public_html/daliyhisab/server/connection/dbConfig.js:119:18
    at Ping.onOperationComplete (/home/appzetoa/public_html/daliyhisab/server/node_modules/mysql/lib/Pool.js:110:5)
    at Ping.<anonymous> (/home/appzetoa/public_html/daliyhisab/server/node_modules/mysql/lib/Connection.js:526:10)
    at Ping._callback (/home/appzetoa/public_html/daliyhisab/server/node_modules/mysql/lib/Connection.js:488:16)
    at Sequence.end (/home/appzetoa/public_html/daliyhisab/server/node_modules/mysql/lib/protocol/sequences/Sequence.js:83:24)
    at Sequence.OkPacket (/home/appzetoa/public_html/daliyhisab/server/node_modules/mysql/lib/protocol/sequences/Sequence.js:92:8)
    at Protocol._parsePacket (/home/appzetoa/public_html/daliyhisab/server/node_modules/mysql/lib/protocol/Protocol.js:291:23)
    at Parser._parsePacket (/home/appzetoa/public_html/daliyhisab/server/node_modules/mysql/lib/protocol/Parser.js:433:10) {
  code: 'ER_NO_SUCH_TABLE',
  errno: 1146,
  sqlMessage: "Table 'appzetoa_daily_hisab.recurring_payment_master' doesn't exist",
  sqlState: '42S02',
  index: 0,
  sql: 'DELETE FROM recurring_payment_master WHERE user_id = 51'
}
❌ Query error: ER_NO_SUCH_TABLE: Table 'appzetoa_daily_hisab.notification_master' doesn't exist
Query: DELETE FROM notification_master WHERE user_id = ?...
Error deleting notifications: Error: ER_NO_SUCH_TABLE: Table 'appzetoa_daily_hisab.notification_master' doesn't exist
    at Sequence._packetToError (/home/appzetoa/public_html/daliyhisab/server/node_modules/mysql/lib/protocol/sequences/Sequence.js:47:14)
    at Query.ErrorPacket (/home/appzetoa/public_html/daliyhisab/server/node_modules/mysql/lib/protocol/sequences/Query.js:79:18)
    at Protocol._parsePacket (/home/appzetoa/public_html/daliyhisab/server/node_modules/mysql/lib/protocol/Protocol.js:291:23)
    at Parser._parsePacket (/home/appzetoa/public_html/daliyhisab/server/node_modules/mysql/lib/protocol/Parser.js:433:10)
    at Parser.write (/home/appzetoa/public_html/daliyhisab/server/node_modules/mysql/lib/protocol/Parser.js:43:10)
    at Protocol.write (/home/appzetoa/public_html/daliyhisab/server/node_modules/mysql/lib/protocol/Protocol.js:38:16)
    at Socket.<anonymous> (/home/appzetoa/public_html/daliyhisab/server/node_modules/mysql/lib/Connection.js:88:28)
    at Socket.<anonymous> (/home/appzetoa/public_html/daliyhisab/server/node_modules/mysql/lib/Connection.js:526:10)
    at Socket.emit (node:events:524:28)
    at addChunk (node:internal/streams/readable:561:12)
    --------------------
    at Protocol._enqueue (/home/appzetoa/public_html/daliyhisab/server/node_modules/mysql/lib/protocol/Protocol.js:144:48)
    at PoolConnection.query (/home/appzetoa/public_html/daliyhisab/server/node_modules/mysql/lib/Connection.js:198:25)
    at file:///home/appzetoa/public_html/daliyhisab/server/connection/dbConfig.js:119:18
    at Ping.onOperationComplete (/home/appzetoa/public_html/daliyhisab/server/node_modules/mysql/lib/Pool.js:110:5)
    at Ping.<anonymous> (/home/appzetoa/public_html/daliyhisab/server/node_modules/mysql/lib/Connection.js:526:10)
    at Ping._callback (/home/appzetoa/public_html/daliyhisab/server/node_modules/mysql/lib/Connection.js:488:16)
    at Sequence.end (/home/appzetoa/public_html/daliyhisab/server/node_modules/mysql/lib/protocol/sequences/Sequence.js:83:24)
    at Sequence.OkPacket (/home/appzetoa/public_html/daliyhisab/server/node_modules/mysql/lib/protocol/sequences/Sequence.js:92:8)
    at Protocol._parsePacket (/home/appzetoa/public_html/daliyhisab/server/node_modules/mysql/lib/protocol/Protocol.js:291:23)
    at Parser._parsePacket (/home/appzetoa/public_html/daliyhisab/server/node_modules/mysql/lib/protocol/Parser.js:433:10) {
  code: 'ER_NO_SUCH_TABLE',
  errno: 1146,
  sqlMessage: "Table 'appzetoa_daily_hisab.notification_master' doesn't exist",
  sqlState: '42S02',
  index: 0,
  sql: 'DELETE FROM notification_master WHERE user_id = 51'
}
Failed token 1: messaging/registration-token-not-registered Requested entity was not found.
Token: cqpWQOOHSwOhwS-pgDszES:APA91bH...
Failed token 2: messaging/registration-token-not-registered Requested entity was not found.
Token: doTsElypQMumlIswJYcIiN:APA91bF...
Failed token 3: messaging/registration-token-not-registered Requested entity was not found.
Token: duCvNqodRSS84AeLAgcR7l:APA91bH...
Failed token 5: messaging/registration-token-not-registered Requested entity was not found.
Token: dTsmWCHMQ86C3iEc1ejFpO:APA91bH...
Failed token 6: messaging/registration-token-not-registered Requested entity was not found.
Token: c3qnMIqBQaWY37iGsUmY5g:APA91bH...
Failed token 7: messaging/registration-token-not-registered Requested entity was not found.
Token: eKSpdwtsSZaJJGvSkonHDv:APA91bH...
Failed token 8: messaging/registration-token-not-registered Requested entity was not found.
Token: fJ_-Df1hSxyCEPmDGG0PHy:APA91bF...
Failed token 9: messaging/registration-token-not-registered Requested entity was not found.
Token: fJwOmFyaR1SKo7ChValeyd:APA91bH...
Failed token 10: messaging/registration-token-not-registered Requested entity was not found.
Token: fDWY6SQMRI-lwpqc7rBJYt:APA91bG...
Failed token 11: messaging/registration-token-not-registered Requested entity was not found.
Token: dLrNCHFpRfOCDd_5Klc5To:APA91bH...
Failed token 12: messaging/registration-token-not-registered Requested entity was not found.
Token: eCLWtHZ_T6qTVGiK_YUSYw:APA91bE...
Failed token 13: messaging/registration-token-not-registered Requested entity was not found.
Token: ffNga7ijRGWMTbVcgQo-i8:APA91bE...
Failed token 14: messaging/registration-token-not-registered Requested entity was not found.
Token: cirG3jHaR3uc4jbspFRp2Q:APA91bF...
Failed token 16: messaging/registration-token-not-registered Requested entity was not found.
Token: c_5eQgPwQ7W8eYSzLAMrqd:APA91bE...
Failed token 17: messaging/registration-token-not-registered Requested entity was not found.
Token: cREKmI71SvST3TrQKzubTf:APA91bH...
Failed token 18: messaging/registration-token-not-registered Requested entity was not found.
Token: czXsVevUSpqh8kHKl1sNQd:APA91bH...
Failed token 19: messaging/registration-token-not-registered Requested entity was not found.
Token: fIAmvVCgQ4GZulG-XSF1kq:APA91bE...
Failed token 20: messaging/registration-token-not-registered Requested entity was not found.
Token: evjJBrwvS--hwHbj-sYbGL:APA91bH...
Failed token 22: messaging/registration-token-not-registered Requested entity was not found.
Token: eMDRIn5JRTOZxGOXZDpZzl:APA91bG...
Failed token 23: messaging/registration-token-not-registered Requested entity was not found.
Token: e4SXAiwzRH-4mGGOUNjOSG:APA91bF...
Failed token 24: messaging/registration-token-not-registered Requested entity was not found.
Token: ezSl42gaQWuYs80n_j-rAg:APA91bH...
Failed token 26: messaging/registration-token-not-registered Requested entity was not found.
Token: fXwjXy94SLCJ0Ev1HaLnx6:APA91bH...
Failed token 27: messaging/registration-token-not-registered Requested entity was not found.
Token: cFp_1pXBRj6cwLZig3yaMp:APA91bG...
Failed token 29: messaging/registration-token-not-registered Requested entity was not found.
Token: c_DDBhtXQLG-Y4NjoElWRX:APA91bF...
Failed token 31: messaging/registration-token-not-registered Requested entity was not found.
Token: ewZ1kQMWRdGu-gv_vCPf0L:APA91bE...
Failed token 32: messaging/registration-token-not-registered Requested entity was not found.
Token: fvu9i4WBTzmWG5dAEyvnKu:APA91bF...
Failed token 33: messaging/registration-token-not-registered Requested entity was not found.
Token: ftU_UmOlShukKupQemtFrf:APA91bG...
Failed token 34: messaging/registration-token-not-registered Requested entity was not found.
Token: d6YcZ0RcRtyYK0I56wvw_U:APA91bF...
❌ Query error: ER_NO_SUCH_TABLE: Table 'appzetoa_daily_hisab.reminder_master' doesn't exist
Query: DELETE FROM reminder_master WHERE user_id = ?...
Error deleting reminders: Error: ER_NO_SUCH_TABLE: Table 'appzetoa_daily_hisab.reminder_master' doesn't exist
    at Sequence._packetToError (/home/appzetoa/public_html/daliyhisab/server/node_modules/mysql/lib/protocol/sequences/Sequence.js:47:14)
    at Query.ErrorPacket (/home/appzetoa/public_html/daliyhisab/server/node_modules/mysql/lib/protocol/sequences/Query.js:79:18)
    at Protocol._parsePacket (/home/appzetoa/public_html/daliyhisab/server/node_modules/mysql/lib/protocol/Protocol.js:291:23)
    at Parser._parsePacket (/home/appzetoa/public_html/daliyhisab/server/node_modules/mysql/lib/protocol/Parser.js:433:10)
    at Parser.write (/home/appzetoa/public_html/daliyhisab/server/node_modules/mysql/lib/protocol/Parser.js:43:10)
    at Protocol.write (/home/appzetoa/public_html/daliyhisab/server/node_modules/mysql/lib/protocol/Protocol.js:38:16)
    at Socket.<anonymous> (/home/appzetoa/public_html/daliyhisab/server/node_modules/mysql/lib/Connection.js:88:28)
    at Socket.<anonymous> (/home/appzetoa/public_html/daliyhisab/server/node_modules/mysql/lib/Connection.js:526:10)
    at Socket.emit (node:events:524:28)
    at addChunk (node:internal/streams/readable:561:12)
    --------------------
    at Protocol._enqueue (/home/appzetoa/public_html/daliyhisab/server/node_modules/mysql/lib/protocol/Protocol.js:144:48)
    at PoolConnection.query (/home/appzetoa/public_html/daliyhisab/server/node_modules/mysql/lib/Connection.js:198:25)
    at file:///home/appzetoa/public_html/daliyhisab/server/connection/dbConfig.js:119:18
    at Ping.onOperationComplete (/home/appzetoa/public_html/daliyhisab/server/node_modules/mysql/lib/Pool.js:110:5)
    at Ping.<anonymous> (/home/appzetoa/public_html/daliyhisab/server/node_modules/mysql/lib/Connection.js:526:10)
    at Ping._callback (/home/appzetoa/public_html/daliyhisab/server/node_modules/mysql/lib/Connection.js:488:16)
    at Sequence.end (/home/appzetoa/public_html/daliyhisab/server/node_modules/mysql/lib/protocol/sequences/Sequence.js:83:24)
    at Sequence.OkPacket (/home/appzetoa/public_html/daliyhisab/server/node_modules/mysql/lib/protocol/sequences/Sequence.js:92:8)
    at Protocol._parsePacket (/home/appzetoa/public_html/daliyhisab/server/node_modules/mysql/lib/protocol/Protocol.js:291:23)
    at Parser._parsePacket (/home/appzetoa/public_html/daliyhisab/server/node_modules/mysql/lib/protocol/Parser.js:433:10) {
  code: 'ER_NO_SUCH_TABLE',
  errno: 1146,
  sqlMessage: "Table 'appzetoa_daily_hisab.reminder_master' doesn't exist",
  sqlState: '42S02',
  index: 0,
  sql: 'DELETE FROM reminder_master WHERE user_id = 55'
}
❌ Query error: ER_NO_SUCH_TABLE: Table 'appzetoa_daily_hisab.recurring_payment_master' doesn't exist
Query: DELETE FROM recurring_payment_master WHERE user_id = ?...
Error deleting recurring payments: Error: ER_NO_SUCH_TABLE: Table 'appzetoa_daily_hisab.recurring_payment_master' doesn't exist
    at Sequence._packetToError (/home/appzetoa/public_html/daliyhisab/server/node_modules/mysql/lib/protocol/sequences/Sequence.js:47:14)
    at Query.ErrorPacket (/home/appzetoa/public_html/daliyhisab/server/node_modules/mysql/lib/protocol/sequences/Query.js:79:18)
    at Protocol._parsePacket (/home/appzetoa/public_html/daliyhisab/server/node_modules/mysql/lib/protocol/Protocol.js:291:23)
    at Parser._parsePacket (/home/appzetoa/public_html/daliyhisab/server/node_modules/mysql/lib/protocol/Parser.js:433:10)
    at Parser.write (/home/appzetoa/public_html/daliyhisab/server/node_modules/mysql/lib/protocol/Parser.js:43:10)
    at Protocol.write (/home/appzetoa/public_html/daliyhisab/server/node_modules/mysql/lib/protocol/Protocol.js:38:16)
    at Socket.<anonymous> (/home/appzetoa/public_html/daliyhisab/server/node_modules/mysql/lib/Connection.js:88:28)
    at Socket.<anonymous> (/home/appzetoa/public_html/daliyhisab/server/node_modules/mysql/lib/Connection.js:526:10)
    at Socket.emit (node:events:524:28)
    at addChunk (node:internal/streams/readable:561:12)
    --------------------
    at Protocol._enqueue (/home/appzetoa/public_html/daliyhisab/server/node_modules/mysql/lib/protocol/Protocol.js:144:48)
    at PoolConnection.query (/home/appzetoa/public_html/daliyhisab/server/node_modules/mysql/lib/Connection.js:198:25)
    at file:///home/appzetoa/public_html/daliyhisab/server/connection/dbConfig.js:119:18
    at Ping.onOperationComplete (/home/appzetoa/public_html/daliyhisab/server/node_modules/mysql/lib/Pool.js:110:5)
    at Ping.<anonymous> (/home/appzetoa/public_html/daliyhisab/server/node_modules/mysql/lib/Connection.js:526:10)
    at Ping._callback (/home/appzetoa/public_html/daliyhisab/server/node_modules/mysql/lib/Connection.js:488:16)
    at Sequence.end (/home/appzetoa/public_html/daliyhisab/server/node_modules/mysql/lib/protocol/sequences/Sequence.js:83:24)
    at Sequence.OkPacket (/home/appzetoa/public_html/daliyhisab/server/node_modules/mysql/lib/protocol/sequences/Sequence.js:92:8)
    at Protocol._parsePacket (/home/appzetoa/public_html/daliyhisab/server/node_modules/mysql/lib/protocol/Protocol.js:291:23)
    at Parser._parsePacket (/home/appzetoa/public_html/daliyhisab/server/node_modules/mysql/lib/protocol/Parser.js:433:10) {
  code: 'ER_NO_SUCH_TABLE',
  errno: 1146,
  sqlMessage: "Table 'appzetoa_daily_hisab.recurring_payment_master' doesn't exist",
  sqlState: '42S02',
  index: 0,
  sql: 'DELETE FROM recurring_payment_master WHERE user_id = 55'
}
❌ Query error: ER_NO_SUCH_TABLE: Table 'appzetoa_daily_hisab.notification_master' doesn't exist
Query: DELETE FROM notification_master WHERE user_id = ?...
Error deleting notifications: Error: ER_NO_SUCH_TABLE: Table 'appzetoa_daily_hisab.notification_master' doesn't exist
    at Sequence._packetToError (/home/appzetoa/public_html/daliyhisab/server/node_modules/mysql/lib/protocol/sequences/Sequence.js:47:14)
    at Query.ErrorPacket (/home/appzetoa/public_html/daliyhisab/server/node_modules/mysql/lib/protocol/sequences/Query.js:79:18)
    at Protocol._parsePacket (/home/appzetoa/public_html/daliyhisab/server/node_modules/mysql/lib/protocol/Protocol.js:291:23)
    at Parser._parsePacket (/home/appzetoa/public_html/daliyhisab/server/node_modules/mysql/lib/protocol/Parser.js:433:10)
    at Parser.write (/home/appzetoa/public_html/daliyhisab/server/node_modules/mysql/lib/protocol/Parser.js:43:10)
    at Protocol.write (/home/appzetoa/public_html/daliyhisab/server/node_modules/mysql/lib/protocol/Protocol.js:38:16)
    at Socket.<anonymous> (/home/appzetoa/public_html/daliyhisab/server/node_modules/mysql/lib/Connection.js:88:28)
    at Socket.<anonymous> (/home/appzetoa/public_html/daliyhisab/server/node_modules/mysql/lib/Connection.js:526:10)
    at Socket.emit (node:events:524:28)
    at addChunk (node:internal/streams/readable:561:12)
    --------------------
    at Protocol._enqueue (/home/appzetoa/public_html/daliyhisab/server/node_modules/mysql/lib/protocol/Protocol.js:144:48)
    at PoolConnection.query (/home/appzetoa/public_html/daliyhisab/server/node_modules/mysql/lib/Connection.js:198:25)
    at file:///home/appzetoa/public_html/daliyhisab/server/connection/dbConfig.js:119:18
    at Ping.onOperationComplete (/home/appzetoa/public_html/daliyhisab/server/node_modules/mysql/lib/Pool.js:110:5)
    at Ping.<anonymous> (/home/appzetoa/public_html/daliyhisab/server/node_modules/mysql/lib/Connection.js:526:10)
    at Ping._callback (/home/appzetoa/public_html/daliyhisab/server/node_modules/mysql/lib/Connection.js:488:16)
    at Sequence.end (/home/appzetoa/public_html/daliyhisab/server/node_modules/mysql/lib/protocol/sequences/Sequence.js:83:24)
    at Sequence.OkPacket (/home/appzetoa/public_html/daliyhisab/server/node_modules/mysql/lib/protocol/sequences/Sequence.js:92:8)
    at Protocol._parsePacket (/home/appzetoa/public_html/daliyhisab/server/node_modules/mysql/lib/protocol/Protocol.js:291:23)
    at Parser._parsePacket (/home/appzetoa/public_html/daliyhisab/server/node_modules/mysql/lib/protocol/Parser.js:433:10) {
  code: 'ER_NO_SUCH_TABLE',
  errno: 1146,
  sqlMessage: "Table 'appzetoa_daily_hisab.notification_master' doesn't exist",
  sqlState: '42S02',
  index: 0,
  sql: 'DELETE FROM notification_master WHERE user_id = 55'
}
❌ Query error: ER_NO_SUCH_TABLE: Table 'appzetoa_daily_hisab.referral_master' doesn't exist
Query: 
      SELECT 
        COUNT(DISTINCT user_id) as unique_users,
        COUNT(*) as total_referrals,...
❌ Query error: ER_NO_SUCH_TABLE: Table 'appzetoa_daily_hisab.referral_master' doesn't exist
Query: 
      SELECT 
        COUNT(DISTINCT user_id) as unique_users,
        COUNT(*) as total_referrals,...
❌ Query error: ER_NO_SUCH_TABLE: Table 'appzetoa_daily_hisab.referral_master' doesn't exist
Query: 
      SELECT 
        COUNT(DISTINCT user_id) as unique_users,
        COUNT(*) as total_referrals,...
❌ Query error: ER_NO_SUCH_TABLE: Table 'appzetoa_daily_hisab.referral_master' doesn't exist
Query: 
      SELECT 
        COUNT(DISTINCT user_id) as unique_users,
        COUNT(*) as total_referrals,...
❌ Query error: ER_NO_SUCH_TABLE: Table 'appzetoa_daily_hisab.referral_master' doesn't exist
Query: 
      SELECT 
        COUNT(DISTINCT user_id) as unique_users,
        COUNT(*) as total_referrals,...
❌ Query error: ER_NO_SUCH_TABLE: Table 'appzetoa_daily_hisab.referral_master' doesn't exist
Query: 
      SELECT 
        COUNT(DISTINCT user_id) as unique_users,
        COUNT(*) as total_referrals,...
❌ Query error: ER_NO_SUCH_TABLE: Table 'appzetoa_daily_hisab.referral_master' doesn't exist
Query: 
      SELECT 
        COUNT(DISTINCT user_id) as unique_users,
        COUNT(*) as total_referrals,...
❌ Query error: ER_NO_SUCH_TABLE: Table 'appzetoa_daily_hisab.referral_master' doesn't exist
Query: 
      SELECT 
        COUNT(DISTINCT user_id) as unique_users,
        COUNT(*) as total_referrals,...
❌ Query error: ER_NO_SUCH_TABLE: Table 'appzetoa_daily_hisab.referral_master' doesn't exist
Query: 
      SELECT 
        COUNT(DISTINCT user_id) as unique_users,
        COUNT(*) as total_referrals,...
❌ Query error: ER_NO_SUCH_TABLE: Table 'appzetoa_daily_hisab.referral_master' doesn't exist
Query: 
      SELECT 
        COUNT(DISTINCT user_id) as unique_users,
        COUNT(*) as total_referrals,...
❌ Query error: ER_NO_SUCH_TABLE: Table 'appzetoa_daily_hisab.referral_master' doesn't exist
Query: 
      SELECT 
        COUNT(DISTINCT user_id) as unique_users,
        COUNT(*) as total_referrals,...
❌ Query error: ER_NO_SUCH_TABLE: Table 'appzetoa_daily_hisab.referral_master' doesn't exist
Query: 
      SELECT 
        COUNT(DISTINCT user_id) as unique_users,
        COUNT(*) as total_referrals,...
❌ Query error: ER_NO_SUCH_TABLE: Table 'appzetoa_daily_hisab.referral_master' doesn't exist
Query: 
      SELECT 
        COUNT(DISTINCT user_id) as unique_users,
        COUNT(*) as total_referrals,...
❌ Query error: ER_NO_SUCH_TABLE: Table 'appzetoa_daily_hisab.referral_master' doesn't exist
Query: 
      SELECT 
        COUNT(DISTINCT user_id) as unique_users,
        COUNT(*) as total_referrals,...
❌ Query error: ER_PARSE_ERROR: You have an error in your SQL syntax; check the manual that corresponds to your MySQL server version for the right syntax to use near 'low_priority,
        COUNT(CASE WHEN priority = 2 THEN 1 END) as medium_priorit' at line 9
Query: 
      SELECT 
        COUNT(*) as total_tickets,
        COUNT(CASE WHEN delete_flag = 0 THEN 1 END...
⚠️ commit() called but no active transaction
❌ Query error: ER_NO_SUCH_TABLE: Table 'appzetoa_daily_hisab.referral_master' doesn't exist
Query: 
      SELECT 
        COUNT(DISTINCT user_id) as unique_users,
        COUNT(*) as total_referrals,...
❌ Query error: ER_NO_SUCH_TABLE: Table 'appzetoa_daily_hisab.referral_master' doesn't exist
Query: 
      SELECT 
        COUNT(DISTINCT user_id) as unique_users,
        COUNT(*) as total_referrals,...
❌ Query error: ER_NO_SUCH_TABLE: Table 'appzetoa_daily_hisab.referral_master' doesn't exist
Query: 
      SELECT 
        COUNT(DISTINCT user_id) as unique_users,
        COUNT(*) as total_referrals,...
❌ Query error: ER_NO_SUCH_TABLE: Table 'appzetoa_daily_hisab.referral_master' doesn't exist
Query: 
      SELECT 
        COUNT(DISTINCT user_id) as unique_users,
        COUNT(*) as total_referrals,...
❌ Query error: ER_NO_SUCH_TABLE: Table 'appzetoa_daily_hisab.referral_master' doesn't exist
Query: 
      SELECT 
        COUNT(DISTINCT user_id) as unique_users,
        COUNT(*) as total_referrals,...
❌ Query error: ER_NO_SUCH_TABLE: Table 'appzetoa_daily_hisab.referral_master' doesn't exist
Query: 
      SELECT 
        COUNT(DISTINCT user_id) as unique_users,
        COUNT(*) as total_referrals,...
❌ Query error: ER_NO_SUCH_TABLE: Table 'appzetoa_daily_hisab.referral_master' doesn't exist
Query: 
      SELECT 
        COUNT(DISTINCT user_id) as unique_users,
        COUNT(*) as total_referrals,...
❌ Query error: ER_NO_SUCH_TABLE: Table 'appzetoa_daily_hisab.referral_master' doesn't exist
Query: 
      SELECT 
        COUNT(DISTINCT user_id) as unique_users,
        COUNT(*) as total_referrals,...
❌ Query error: ER_NO_SUCH_TABLE: Table 'appzetoa_daily_hisab.referral_master' doesn't exist
Query: 
      SELECT 
        COUNT(DISTINCT user_id) as unique_users,
        COUNT(*) as total_referrals,...
❌ Query error: ER_NO_SUCH_TABLE: Table 'appzetoa_daily_hisab.referral_master' doesn't exist
Query: 
      SELECT 
        COUNT(DISTINCT user_id) as unique_users,
        COUNT(*) as total_referrals,...
❌ Query error: ER_NO_SUCH_TABLE: Table 'appzetoa_daily_hisab.referral_master' doesn't exist
Query: 
      SELECT 
        COUNT(DISTINCT user_id) as unique_users,
        COUNT(*) as total_referrals,...
❌ Query error: ER_NO_SUCH_TABLE: Table 'appzetoa_daily_hisab.referral_master' doesn't exist
Query: 
      SELECT 
        COUNT(DISTINCT user_id) as unique_users,
        COUNT(*) as total_referrals,...
❌ Query error: ER_NO_SUCH_TABLE: Table 'appzetoa_daily_hisab.referral_master' doesn't exist
Query: 
      SELECT 
        COUNT(DISTINCT user_id) as unique_users,
        COUNT(*) as total_referrals,...
❌ Query error: ER_NO_SUCH_TABLE: Table 'appzetoa_daily_hisab.referral_master' doesn't exist
Query: 
      SELECT 
        COUNT(DISTINCT user_id) as unique_users,
        COUNT(*) as total_referrals,...
❌ Query error: ER_PARSE_ERROR: You have an error in your SQL syntax; check the manual that corresponds to your MySQL server version for the right syntax to use near 'low_priority,
        COUNT(CASE WHEN priority = 2 THEN 1 END) as medium_priorit' at line 9
Query: 
      SELECT 
        COUNT(*) as total_tickets,
        COUNT(CASE WHEN delete_flag = 0 THEN 1 END...
❌ Query error: ER_BAD_FIELD_ERROR: Unknown column 'account_id' in 'where clause'
Query: DELETE FROM team_member_master WHERE account_id = ? AND user_id = ?...
Error deleting team members: Error: ER_BAD_FIELD_ERROR: Unknown column 'account_id' in 'where clause'
    at Sequence._packetToError (/home/appzetoa/public_html/daliyhisab/server/node_modules/mysql/lib/protocol/sequences/Sequence.js:47:14)
    at Query.ErrorPacket (/home/appzetoa/public_html/daliyhisab/server/node_modules/mysql/lib/protocol/sequences/Query.js:79:18)
    at Protocol._parsePacket (/home/appzetoa/public_html/daliyhisab/server/node_modules/mysql/lib/protocol/Protocol.js:291:23)
    at Parser._parsePacket (/home/appzetoa/public_html/daliyhisab/server/node_modules/mysql/lib/protocol/Parser.js:433:10)
    at Parser.write (/home/appzetoa/public_html/daliyhisab/server/node_modules/mysql/lib/protocol/Parser.js:43:10)
    at Protocol.write (/home/appzetoa/public_html/daliyhisab/server/node_modules/mysql/lib/protocol/Protocol.js:38:16)
    at Socket.<anonymous> (/home/appzetoa/public_html/daliyhisab/server/node_modules/mysql/lib/Connection.js:88:28)
    at Socket.<anonymous> (/home/appzetoa/public_html/daliyhisab/server/node_modules/mysql/lib/Connection.js:526:10)
    at Socket.emit (node:events:524:28)
    at addChunk (node:internal/streams/readable:561:12)
    --------------------
    at Protocol._enqueue (/home/appzetoa/public_html/daliyhisab/server/node_modules/mysql/lib/protocol/Protocol.js:144:48)
    at PoolConnection.query (/home/appzetoa/public_html/daliyhisab/server/node_modules/mysql/lib/Connection.js:198:25)
    at file:///home/appzetoa/public_html/daliyhisab/server/connection/dbConfig.js:119:18
    at Ping.onOperationComplete (/home/appzetoa/public_html/daliyhisab/server/node_modules/mysql/lib/Pool.js:110:5)
    at Ping.<anonymous> (/home/appzetoa/public_html/daliyhisab/server/node_modules/mysql/lib/Connection.js:526:10)
    at Ping._callback (/home/appzetoa/public_html/daliyhisab/server/node_modules/mysql/lib/Connection.js:488:16)
    at Sequence.end (/home/appzetoa/public_html/daliyhisab/server/node_modules/mysql/lib/protocol/sequences/Sequence.js:83:24)
    at Sequence.OkPacket (/home/appzetoa/public_html/daliyhisab/server/node_modules/mysql/lib/protocol/sequences/Sequence.js:92:8)
    at Protocol._parsePacket (/home/appzetoa/public_html/daliyhisab/server/node_modules/mysql/lib/protocol/Protocol.js:291:23)
    at Parser._parsePacket (/home/appzetoa/public_html/daliyhisab/server/node_modules/mysql/lib/protocol/Parser.js:433:10) {
  code: 'ER_BAD_FIELD_ERROR',
  errno: 1054,
  sqlMessage: "Unknown column 'account_id' in 'where clause'",
  sqlState: '42S22',
  index: 0,
  sql: "DELETE FROM team_member_master WHERE account_id = '135' AND user_id = '126'"
}
Uncaught Exception: TypeError: Cannot read properties of null (reading 'release')
    at Query.<anonymous> (file:///home/appzetoa/public_html/daliyhisab/server/connection/dbConfig.js:201:45)
    at Query.<anonymous> (/home/appzetoa/public_html/daliyhisab/server/node_modules/mysql/lib/Connection.js:526:10)
    at Query._callback (/home/appzetoa/public_html/daliyhisab/server/node_modules/mysql/lib/Connection.js:488:16)
    at Sequence.end (/home/appzetoa/public_html/daliyhisab/server/node_modules/mysql/lib/protocol/sequences/Sequence.js:83:24)
    at Query._handleFinalResultPacket (/home/appzetoa/public_html/daliyhisab/server/node_modules/mysql/lib/protocol/sequences/Query.js:149:8)
    at Query.OkPacket (/home/appzetoa/public_html/daliyhisab/server/node_modules/mysql/lib/protocol/sequences/Query.js:74:10)
    at Protocol._parsePacket (/home/appzetoa/public_html/daliyhisab/server/node_modules/mysql/lib/protocol/Protocol.js:291:23)
    at Parser._parsePacket (/home/appzetoa/public_html/daliyhisab/server/node_modules/mysql/lib/protocol/Parser.js:433:10)
    at Parser.write (/home/appzetoa/public_html/daliyhisab/server/node_modules/mysql/lib/protocol/Parser.js:43:10)
    at Protocol.write (/home/appzetoa/public_html/daliyhisab/server/node_modules/mysql/lib/protocol/Protocol.js:38:16)
❌ Query error: ER_BAD_FIELD_ERROR: Unknown column 'account_id' in 'where clause'
Query: DELETE FROM team_member_master WHERE account_id = ? AND user_id = ?...
Error deleting team members: Error: ER_BAD_FIELD_ERROR: Unknown column 'account_id' in 'where clause'
    at Sequence._packetToError (/home/appzetoa/public_html/daliyhisab/server/node_modules/mysql/lib/protocol/sequences/Sequence.js:47:14)
    at Query.ErrorPacket (/home/appzetoa/public_html/daliyhisab/server/node_modules/mysql/lib/protocol/sequences/Query.js:79:18)
    at Protocol._parsePacket (/home/appzetoa/public_html/daliyhisab/server/node_modules/mysql/lib/protocol/Protocol.js:291:23)
    at Parser._parsePacket (/home/appzetoa/public_html/daliyhisab/server/node_modules/mysql/lib/protocol/Parser.js:433:10)
    at Parser.write (/home/appzetoa/public_html/daliyhisab/server/node_modules/mysql/lib/protocol/Parser.js:43:10)
    at Protocol.write (/home/appzetoa/public_html/daliyhisab/server/node_modules/mysql/lib/protocol/Protocol.js:38:16)
    at Socket.<anonymous> (/home/appzetoa/public_html/daliyhisab/server/node_modules/mysql/lib/Connection.js:88:28)
    at Socket.<anonymous> (/home/appzetoa/public_html/daliyhisab/server/node_modules/mysql/lib/Connection.js:526:10)
    at Socket.emit (node:events:524:28)
    at addChunk (node:internal/streams/readable:561:12)
    --------------------
    at Protocol._enqueue (/home/appzetoa/public_html/daliyhisab/server/node_modules/mysql/lib/protocol/Protocol.js:144:48)
    at PoolConnection.query (/home/appzetoa/public_html/daliyhisab/server/node_modules/mysql/lib/Connection.js:198:25)
    at file:///home/appzetoa/public_html/daliyhisab/server/connection/dbConfig.js:119:18
    at Ping.onOperationComplete (/home/appzetoa/public_html/daliyhisab/server/node_modules/mysql/lib/Pool.js:110:5)
    at Ping.<anonymous> (/home/appzetoa/public_html/daliyhisab/server/node_modules/mysql/lib/Connection.js:526:10)
    at Ping._callback (/home/appzetoa/public_html/daliyhisab/server/node_modules/mysql/lib/Connection.js:488:16)
    at Sequence.end (/home/appzetoa/public_html/daliyhisab/server/node_modules/mysql/lib/protocol/sequences/Sequence.js:83:24)
    at Sequence.OkPacket (/home/appzetoa/public_html/daliyhisab/server/node_modules/mysql/lib/protocol/sequences/Sequence.js:92:8)
    at Protocol._parsePacket (/home/appzetoa/public_html/daliyhisab/server/node_modules/mysql/lib/protocol/Protocol.js:291:23)
    at Parser._parsePacket (/home/appzetoa/public_html/daliyhisab/server/node_modules/mysql/lib/protocol/Parser.js:433:10) {
  code: 'ER_BAD_FIELD_ERROR',
  errno: 1054,
  sqlMessage: "Unknown column 'account_id' in 'where clause'",
  sqlState: '42S22',
  index: 0,
  sql: "DELETE FROM team_member_master WHERE account_id = '155' AND user_id = '149'"
}
Failed token 7: messaging/registration-token-not-registered Requested entity was not found.
Token: ch5_GLIuSCKKAiy7eFZQxY:APA91bF...
Failed token 8: messaging/registration-token-not-registered Requested entity was not found.
Token: c_Z1y7EXTXuO6qWiUs6uGd:APA91bH...
Failed token 10: messaging/registration-token-not-registered Requested entity was not found.
Token: dADt6hFvQEGjq6Wi8oTHGR:APA91bF...
Failed token 11: messaging/registration-token-not-registered Requested entity was not found.
Token: dOsQ72_5R2Sm-gN7paauFP:APA91bH...
Failed token 12: messaging/registration-token-not-registered Requested entity was not found.
Token: ebqTHtIgRFW861MyFtQcoe:APA91bF...
Failed token 13: messaging/registration-token-not-registered Requested entity was not found.
Token: f0j4NWEdSr-M8qa5ARDv80:APA91bG...
Failed token 16: messaging/registration-token-not-registered Requested entity was not found.
Token: dOV-XFdvSFGwj3BGFLAjhL:APA91bG...
Failed token 17: messaging/registration-token-not-registered Requested entity was not found.
Token: epRa4jhhTI6zc-XMGHm9Wn:APA91bH...
Failed token 21: messaging/registration-token-not-registered Requested entity was not found.
Token: cIgh7esNQMGfron33gLmU8:APA91bF...
Failed token 22: messaging/registration-token-not-registered Requested entity was not found.
Token: cOLjBSU_QV2ZJGw9985FiV:APA91bE...
Failed token 23: messaging/registration-token-not-registered Requested entity was not found.
Token: fGXrOtUBTrad8b-w6zLtYX:APA91bF...
Failed token 25: messaging/registration-token-not-registered Requested entity was not found.
Token: diB66jy5SM-qW7X4NG8dSi:APA91bG...
Failed token 26: messaging/registration-token-not-registered Requested entity was not found.
Token: fuZrw_nUS0alE-lVMEO_Oq:APA91bF...
Failed token 27: messaging/registration-token-not-registered Requested entity was not found.
Token: fynMp-q1R1GFa_jh6K_ERk:APA91bE...
Failed token 30: messaging/registration-token-not-registered Requested entity was not found.
Token: eeKEohZ1SM6kP3ElGiGA7v:APA91bH...
Failed token 31: messaging/registration-token-not-registered Requested entity was not found.
Token: eoKQ2xFuSiWqvid20AQWvW:APA91bE...
Failed token 34: messaging/registration-token-not-registered Requested entity was not found.
Token: eDa0v7xHSHmfthNkT3p-HT:APA91bF...
Failed token 38: messaging/registration-token-not-registered Requested entity was not found.
Token: dZPcYwteS3GGEtyklbPRvi:APA91bE...
Failed token 39: messaging/registration-token-not-registered Requested entity was not found.
Token: dYilmc3yQn2cn23dhuq4eD:APA91bE...
Failed token 40: messaging/registration-token-not-registered Requested entity was not found.
Token: diZxQDEsTs2ANLeRSlcLcs:APA91bG...
Failed token 42: messaging/registration-token-not-registered Requested entity was not found.
Token: fshod3k-Rz6W9gtYuwKV86:APA91bH...
Failed token 45: messaging/registration-token-not-registered Requested entity was not found.
Token: cqGcKQSMSeqApOVkLNzz3G:APA91bF...
Failed token 46: messaging/registration-token-not-registered Requested entity was not found.
Token: fwZNm1ixQPudDYdcfOuLoX:APA91bE...
Failed token 52: messaging/registration-token-not-registered Requested entity was not found.
Token: eWPsnL7pR82rOKlLzU1-z_:APA91bH...
Failed token 53: messaging/registration-token-not-registered Requested entity was not found.
Token: cTvzOxYlT5ih0Sjl1aznWC:APA91bF...
Failed token 54: messaging/registration-token-not-registered Requested entity was not found.
Token: drjd6yYyRaKMbB2fDKslTN:APA91bG...
Failed token 55: messaging/registration-token-not-registered Requested entity was not found.
Token: eU4quLU7RPiCUVdl56mrTd:APA91bH...
Failed token 57: messaging/registration-token-not-registered Requested entity was not found.
Token: cXba-1i2Q4qWABapC54mKF:APA91bH...
Failed token 60: messaging/registration-token-not-registered Requested entity was not found.
Token: f3JHWrMwSM-_osgPIioYOJ:APA91bG...
Failed token 63: messaging/registration-token-not-registered Requested entity was not found.
Token: fZVV7wfhTg-PSaErNxB4Wt:APA91bF...
Failed token 65: messaging/registration-token-not-registered Requested entity was not found.
Token: eolorcjXTQyf2jnOScFper:APA91bE...
Failed token 67: messaging/registration-token-not-registered Requested entity was not found.
Token: dGsQpL88SrW6SQ86RAU76m:APA91bG...
Failed token 68: messaging/registration-token-not-registered Requested entity was not found.
Token: cLgF1TrMR7S4LQvTZBL-TM:APA91bE...
Failed token 71: messaging/registration-token-not-registered Requested entity was not found.
Token: cqsPwE_dSheJQdsiChYCOl:APA91bH...
Failed token 73: messaging/registration-token-not-registered Requested entity was not found.
Token: etX3D_-ATUeyAvd6MOiX2s:APA91bH...
Failed token 75: messaging/registration-token-not-registered Requested entity was not found.
Token: dU0IX6JeSEipMpsMRdBcfo:APA91bE...
Failed token 76: messaging/registration-token-not-registered Requested entity was not found.
Token: c52VLEs0QDahuhPQZiT6UN:APA91bH...
Failed token 78: messaging/registration-token-not-registered Requested entity was not found.
Token: dQLa1ZlyRNKINtLbZ-dGR0:APA91bF...
Failed token 82: messaging/registration-token-not-registered Requested entity was not found.
Token: cY7Y0iaZS8SWjWPoGBA1dF:APA91bG...
Failed token 93: messaging/registration-token-not-registered Requested entity was not found.
Token: ch3tfMaMQFy9b4AlUbJv2A:APA91bH...
Failed token 94: messaging/registration-token-not-registered Requested entity was not found.
Token: dZBbQN1ARSukWSRJg1Lkrq:APA91bF...
Failed token 96: messaging/registration-token-not-registered Requested entity was not found.
Token: f2-xLvl6Q3etyKn3NUoVMm:APA91bG...
Failed token 103: messaging/registration-token-not-registered Requested entity was not found.
Token: fFtNDS7LR7S0aH73VmNHIh:APA91bF...
Failed token 108: messaging/registration-token-not-registered Requested entity was not found.
Token: cEEOEZwcTguYBWYYH7TFjx:APA91bH...
Failed token 110: messaging/registration-token-not-registered Requested entity was not found.
Token: d6CxSPPTQ36BTm_e_RNOG7:APA91bG...
Failed token 115: messaging/registration-token-not-registered Requested entity was not found.
Token: cSYcbzyOTGejp1u22zUF_o:APA91bE...
Failed token 117: messaging/registration-token-not-registered Requested entity was not found.
Token: cE4MefTIR2CGr_TGL4PjmW:APA91bH...
❌ Query error: ER_NO_SUCH_TABLE: Table 'appzetoa_daily_hisab.reminder_master' doesn't exist
Query: DELETE FROM reminder_master WHERE user_id = ?...
Error deleting reminders: Error: ER_NO_SUCH_TABLE: Table 'appzetoa_daily_hisab.reminder_master' doesn't exist
    at Sequence._packetToError (/home/appzetoa/public_html/daliyhisab/server/node_modules/mysql/lib/protocol/sequences/Sequence.js:47:14)
    at Query.ErrorPacket (/home/appzetoa/public_html/daliyhisab/server/node_modules/mysql/lib/protocol/sequences/Query.js:79:18)
    at Protocol._parsePacket (/home/appzetoa/public_html/daliyhisab/server/node_modules/mysql/lib/protocol/Protocol.js:291:23)
    at Parser._parsePacket (/home/appzetoa/public_html/daliyhisab/server/node_modules/mysql/lib/protocol/Parser.js:433:10)
    at Parser.write (/home/appzetoa/public_html/daliyhisab/server/node_modules/mysql/lib/protocol/Parser.js:43:10)
    at Protocol.write (/home/appzetoa/public_html/daliyhisab/server/node_modules/mysql/lib/protocol/Protocol.js:38:16)
    at Socket.<anonymous> (/home/appzetoa/public_html/daliyhisab/server/node_modules/mysql/lib/Connection.js:88:28)
    at Socket.<anonymous> (/home/appzetoa/public_html/daliyhisab/server/node_modules/mysql/lib/Connection.js:526:10)
    at Socket.emit (node:events:524:28)
    at addChunk (node:internal/streams/readable:561:12)
    --------------------
    at Protocol._enqueue (/home/appzetoa/public_html/daliyhisab/server/node_modules/mysql/lib/protocol/Protocol.js:144:48)
    at PoolConnection.query (/home/appzetoa/public_html/daliyhisab/server/node_modules/mysql/lib/Connection.js:198:25)
    at file:///home/appzetoa/public_html/daliyhisab/server/connection/dbConfig.js:119:18
    at Ping.onOperationComplete (/home/appzetoa/public_html/daliyhisab/server/node_modules/mysql/lib/Pool.js:110:5)
    at Ping.<anonymous> (/home/appzetoa/public_html/daliyhisab/server/node_modules/mysql/lib/Connection.js:526:10)
    at Ping._callback (/home/appzetoa/public_html/daliyhisab/server/node_modules/mysql/lib/Connection.js:488:16)
    at Sequence.end (/home/appzetoa/public_html/daliyhisab/server/node_modules/mysql/lib/protocol/sequences/Sequence.js:83:24)
    at Sequence.OkPacket (/home/appzetoa/public_html/daliyhisab/server/node_modules/mysql/lib/protocol/sequences/Sequence.js:92:8)
    at Protocol._parsePacket (/home/appzetoa/public_html/daliyhisab/server/node_modules/mysql/lib/protocol/Protocol.js:291:23)
    at Parser._parsePacket (/home/appzetoa/public_html/daliyhisab/server/node_modules/mysql/lib/protocol/Parser.js:433:10) {
  code: 'ER_NO_SUCH_TABLE',
  errno: 1146,
  sqlMessage: "Table 'appzetoa_daily_hisab.reminder_master' doesn't exist",
  sqlState: '42S02',
  index: 0,
  sql: 'DELETE FROM reminder_master WHERE user_id = 63'
}
❌ Query error: ER_NO_SUCH_TABLE: Table 'appzetoa_daily_hisab.recurring_payment_master' doesn't exist
Query: DELETE FROM recurring_payment_master WHERE user_id = ?...
Error deleting recurring payments: Error: ER_NO_SUCH_TABLE: Table 'appzetoa_daily_hisab.recurring_payment_master' doesn't exist
    at Sequence._packetToError (/home/appzetoa/public_html/daliyhisab/server/node_modules/mysql/lib/protocol/sequences/Sequence.js:47:14)
    at Query.ErrorPacket (/home/appzetoa/public_html/daliyhisab/server/node_modules/mysql/lib/protocol/sequences/Query.js:79:18)
    at Protocol._parsePacket (/home/appzetoa/public_html/daliyhisab/server/node_modules/mysql/lib/protocol/Protocol.js:291:23)
    at Parser._parsePacket (/home/appzetoa/public_html/daliyhisab/server/node_modules/mysql/lib/protocol/Parser.js:433:10)
    at Parser.write (/home/appzetoa/public_html/daliyhisab/server/node_modules/mysql/lib/protocol/Parser.js:43:10)
    at Protocol.write (/home/appzetoa/public_html/daliyhisab/server/node_modules/mysql/lib/protocol/Protocol.js:38:16)
    at Socket.<anonymous> (/home/appzetoa/public_html/daliyhisab/server/node_modules/mysql/lib/Connection.js:88:28)
    at Socket.<anonymous> (/home/appzetoa/public_html/daliyhisab/server/node_modules/mysql/lib/Connection.js:526:10)
    at Socket.emit (node:events:524:28)
    at addChunk (node:internal/streams/readable:561:12)
    --------------------
    at Protocol._enqueue (/home/appzetoa/public_html/daliyhisab/server/node_modules/mysql/lib/protocol/Protocol.js:144:48)
    at PoolConnection.query (/home/appzetoa/public_html/daliyhisab/server/node_modules/mysql/lib/Connection.js:198:25)
    at file:///home/appzetoa/public_html/daliyhisab/server/connection/dbConfig.js:119:18
    at Ping.onOperationComplete (/home/appzetoa/public_html/daliyhisab/server/node_modules/mysql/lib/Pool.js:110:5)
    at Ping.<anonymous> (/home/appzetoa/public_html/daliyhisab/server/node_modules/mysql/lib/Connection.js:526:10)
    at Ping._callback (/home/appzetoa/public_html/daliyhisab/server/node_modules/mysql/lib/Connection.js:488:16)
    at Sequence.end (/home/appzetoa/public_html/daliyhisab/server/node_modules/mysql/lib/protocol/sequences/Sequence.js:83:24)
    at Sequence.OkPacket (/home/appzetoa/public_html/daliyhisab/server/node_modules/mysql/lib/protocol/sequences/Sequence.js:92:8)
    at Protocol._parsePacket (/home/appzetoa/public_html/daliyhisab/server/node_modules/mysql/lib/protocol/Protocol.js:291:23)
    at Parser._parsePacket (/home/appzetoa/public_html/daliyhisab/server/node_modules/mysql/lib/protocol/Parser.js:433:10) {
  code: 'ER_NO_SUCH_TABLE',
  errno: 1146,
  sqlMessage: "Table 'appzetoa_daily_hisab.recurring_payment_master' doesn't exist",
  sqlState: '42S02',
  index: 0,
  sql: 'DELETE FROM recurring_payment_master WHERE user_id = 63'
}
❌ Query error: ER_NO_SUCH_TABLE: Table 'appzetoa_daily_hisab.notification_master' doesn't exist
Query: DELETE FROM notification_master WHERE user_id = ?...
Error deleting notifications: Error: ER_NO_SUCH_TABLE: Table 'appzetoa_daily_hisab.notification_master' doesn't exist
    at Sequence._packetToError (/home/appzetoa/public_html/daliyhisab/server/node_modules/mysql/lib/protocol/sequences/Sequence.js:47:14)
    at Query.ErrorPacket (/home/appzetoa/public_html/daliyhisab/server/node_modules/mysql/lib/protocol/sequences/Query.js:79:18)
    at Protocol._parsePacket (/home/appzetoa/public_html/daliyhisab/server/node_modules/mysql/lib/protocol/Protocol.js:291:23)
    at Parser._parsePacket (/home/appzetoa/public_html/daliyhisab/server/node_modules/mysql/lib/protocol/Parser.js:433:10)
    at Parser.write (/home/appzetoa/public_html/daliyhisab/server/node_modules/mysql/lib/protocol/Parser.js:43:10)
    at Protocol.write (/home/appzetoa/public_html/daliyhisab/server/node_modules/mysql/lib/protocol/Protocol.js:38:16)
    at Socket.<anonymous> (/home/appzetoa/public_html/daliyhisab/server/node_modules/mysql/lib/Connection.js:88:28)
    at Socket.<anonymous> (/home/appzetoa/public_html/daliyhisab/server/node_modules/mysql/lib/Connection.js:526:10)
    at Socket.emit (node:events:524:28)
    at addChunk (node:internal/streams/readable:561:12)
    --------------------
    at Protocol._enqueue (/home/appzetoa/public_html/daliyhisab/server/node_modules/mysql/lib/protocol/Protocol.js:144:48)
    at PoolConnection.query (/home/appzetoa/public_html/daliyhisab/server/node_modules/mysql/lib/Connection.js:198:25)
    at file:///home/appzetoa/public_html/daliyhisab/server/connection/dbConfig.js:119:18
    at Ping.onOperationComplete (/home/appzetoa/public_html/daliyhisab/server/node_modules/mysql/lib/Pool.js:110:5)
    at Ping.<anonymous> (/home/appzetoa/public_html/daliyhisab/server/node_modules/mysql/lib/Connection.js:526:10)
    at Ping._callback (/home/appzetoa/public_html/daliyhisab/server/node_modules/mysql/lib/Connection.js:488:16)
    at Sequence.end (/home/appzetoa/public_html/daliyhisab/server/node_modules/mysql/lib/protocol/sequences/Sequence.js:83:24)
    at Sequence.OkPacket (/home/appzetoa/public_html/daliyhisab/server/node_modules/mysql/lib/protocol/sequences/Sequence.js:92:8)
    at Protocol._parsePacket (/home/appzetoa/public_html/daliyhisab/server/node_modules/mysql/lib/protocol/Protocol.js:291:23)
    at Parser._parsePacket (/home/appzetoa/public_html/daliyhisab/server/node_modules/mysql/lib/protocol/Parser.js:433:10) {
  code: 'ER_NO_SUCH_TABLE',
  errno: 1146,
  sqlMessage: "Table 'appzetoa_daily_hisab.notification_master' doesn't exist",
  sqlState: '42S02',
  index: 0,
  sql: 'DELETE FROM notification_master WHERE user_id = 63'
}
❌ Query error: ER_NO_SUCH_TABLE: Table 'appzetoa_daily_hisab.reminder_master' doesn't exist
Query: DELETE FROM reminder_master WHERE user_id = ?...
Error deleting reminders: Error: ER_NO_SUCH_TABLE: Table 'appzetoa_daily_hisab.reminder_master' doesn't exist
    at Sequence._packetToError (/home/appzetoa/public_html/daliyhisab/server/node_modules/mysql/lib/protocol/sequences/Sequence.js:47:14)
    at Query.ErrorPacket (/home/appzetoa/public_html/daliyhisab/server/node_modules/mysql/lib/protocol/sequences/Query.js:79:18)
    at Protocol._parsePacket (/home/appzetoa/public_html/daliyhisab/server/node_modules/mysql/lib/protocol/Protocol.js:291:23)
    at Parser._parsePacket (/home/appzetoa/public_html/daliyhisab/server/node_modules/mysql/lib/protocol/Parser.js:433:10)
    at Parser.write (/home/appzetoa/public_html/daliyhisab/server/node_modules/mysql/lib/protocol/Parser.js:43:10)
    at Protocol.write (/home/appzetoa/public_html/daliyhisab/server/node_modules/mysql/lib/protocol/Protocol.js:38:16)
    at Socket.<anonymous> (/home/appzetoa/public_html/daliyhisab/server/node_modules/mysql/lib/Connection.js:88:28)
    at Socket.<anonymous> (/home/appzetoa/public_html/daliyhisab/server/node_modules/mysql/lib/Connection.js:526:10)
    at Socket.emit (node:events:524:28)
    at addChunk (node:internal/streams/readable:561:12)
    --------------------
    at Protocol._enqueue (/home/appzetoa/public_html/daliyhisab/server/node_modules/mysql/lib/protocol/Protocol.js:144:48)
    at PoolConnection.query (/home/appzetoa/public_html/daliyhisab/server/node_modules/mysql/lib/Connection.js:198:25)
    at file:///home/appzetoa/public_html/daliyhisab/server/connection/dbConfig.js:119:18
    at Ping.onOperationComplete (/home/appzetoa/public_html/daliyhisab/server/node_modules/mysql/lib/Pool.js:110:5)
    at Ping.<anonymous> (/home/appzetoa/public_html/daliyhisab/server/node_modules/mysql/lib/Connection.js:526:10)
    at Ping._callback (/home/appzetoa/public_html/daliyhisab/server/node_modules/mysql/lib/Connection.js:488:16)
    at Sequence.end (/home/appzetoa/public_html/daliyhisab/server/node_modules/mysql/lib/protocol/sequences/Sequence.js:83:24)
    at Sequence.OkPacket (/home/appzetoa/public_html/daliyhisab/server/node_modules/mysql/lib/protocol/sequences/Sequence.js:92:8)
    at Protocol._parsePacket (/home/appzetoa/public_html/daliyhisab/server/node_modules/mysql/lib/protocol/Protocol.js:291:23)
    at Parser._parsePacket (/home/appzetoa/public_html/daliyhisab/server/node_modules/mysql/lib/protocol/Parser.js:433:10) {
  code: 'ER_NO_SUCH_TABLE',
  errno: 1146,
  sqlMessage: "Table 'appzetoa_daily_hisab.reminder_master' doesn't exist",
  sqlState: '42S02',
  index: 0,
  sql: 'DELETE FROM reminder_master WHERE user_id = 183'
}
❌ Query error: ER_NO_SUCH_TABLE: Table 'appzetoa_daily_hisab.recurring_payment_master' doesn't exist
Query: DELETE FROM recurring_payment_master WHERE user_id = ?...
Error deleting recurring payments: Error: ER_NO_SUCH_TABLE: Table 'appzetoa_daily_hisab.recurring_payment_master' doesn't exist
    at Sequence._packetToError (/home/appzetoa/public_html/daliyhisab/server/node_modules/mysql/lib/protocol/sequences/Sequence.js:47:14)
    at Query.ErrorPacket (/home/appzetoa/public_html/daliyhisab/server/node_modules/mysql/lib/protocol/sequences/Query.js:79:18)
    at Protocol._parsePacket (/home/appzetoa/public_html/daliyhisab/server/node_modules/mysql/lib/protocol/Protocol.js:291:23)
    at Parser._parsePacket (/home/appzetoa/public_html/daliyhisab/server/node_modules/mysql/lib/protocol/Parser.js:433:10)
    at Parser.write (/home/appzetoa/public_html/daliyhisab/server/node_modules/mysql/lib/protocol/Parser.js:43:10)
    at Protocol.write (/home/appzetoa/public_html/daliyhisab/server/node_modules/mysql/lib/protocol/Protocol.js:38:16)
    at Socket.<anonymous> (/home/appzetoa/public_html/daliyhisab/server/node_modules/mysql/lib/Connection.js:88:28)
    at Socket.<anonymous> (/home/appzetoa/public_html/daliyhisab/server/node_modules/mysql/lib/Connection.js:526:10)
    at Socket.emit (node:events:524:28)
    at addChunk (node:internal/streams/readable:561:12)
    --------------------
    at Protocol._enqueue (/home/appzetoa/public_html/daliyhisab/server/node_modules/mysql/lib/protocol/Protocol.js:144:48)
    at PoolConnection.query (/home/appzetoa/public_html/daliyhisab/server/node_modules/mysql/lib/Connection.js:198:25)
    at file:///home/appzetoa/public_html/daliyhisab/server/connection/dbConfig.js:119:18
    at Ping.onOperationComplete (/home/appzetoa/public_html/daliyhisab/server/node_modules/mysql/lib/Pool.js:110:5)
    at Ping.<anonymous> (/home/appzetoa/public_html/daliyhisab/server/node_modules/mysql/lib/Connection.js:526:10)
    at Ping._callback (/home/appzetoa/public_html/daliyhisab/server/node_modules/mysql/lib/Connection.js:488:16)
    at Sequence.end (/home/appzetoa/public_html/daliyhisab/server/node_modules/mysql/lib/protocol/sequences/Sequence.js:83:24)
    at Sequence.OkPacket (/home/appzetoa/public_html/daliyhisab/server/node_modules/mysql/lib/protocol/sequences/Sequence.js:92:8)
    at Protocol._parsePacket (/home/appzetoa/public_html/daliyhisab/server/node_modules/mysql/lib/protocol/Protocol.js:291:23)
    at Parser._parsePacket (/home/appzetoa/public_html/daliyhisab/server/node_modules/mysql/lib/protocol/Parser.js:433:10) {
  code: 'ER_NO_SUCH_TABLE',
  errno: 1146,
  sqlMessage: "Table 'appzetoa_daily_hisab.recurring_payment_master' doesn't exist",
  sqlState: '42S02',
  index: 0,
  sql: 'DELETE FROM recurring_payment_master WHERE user_id = 183'
}
❌ Query error: ER_NO_SUCH_TABLE: Table 'appzetoa_daily_hisab.notification_master' doesn't exist
Query: DELETE FROM notification_master WHERE user_id = ?...
Error deleting notifications: Error: ER_NO_SUCH_TABLE: Table 'appzetoa_daily_hisab.notification_master' doesn't exist
    at Sequence._packetToError (/home/appzetoa/public_html/daliyhisab/server/node_modules/mysql/lib/protocol/sequences/Sequence.js:47:14)
    at Query.ErrorPacket (/home/appzetoa/public_html/daliyhisab/server/node_modules/mysql/lib/protocol/sequences/Query.js:79:18)
    at Protocol._parsePacket (/home/appzetoa/public_html/daliyhisab/server/node_modules/mysql/lib/protocol/Protocol.js:291:23)
    at Parser._parsePacket (/home/appzetoa/public_html/daliyhisab/server/node_modules/mysql/lib/protocol/Parser.js:433:10)
    at Parser.write (/home/appzetoa/public_html/daliyhisab/server/node_modules/mysql/lib/protocol/Parser.js:43:10)
    at Protocol.write (/home/appzetoa/public_html/daliyhisab/server/node_modules/mysql/lib/protocol/Protocol.js:38:16)
    at Socket.<anonymous> (/home/appzetoa/public_html/daliyhisab/server/node_modules/mysql/lib/Connection.js:88:28)
    at Socket.<anonymous> (/home/appzetoa/public_html/daliyhisab/server/node_modules/mysql/lib/Connection.js:526:10)
    at Socket.emit (node:events:524:28)
    at addChunk (node:internal/streams/readable:561:12)
    --------------------
    at Protocol._enqueue (/home/appzetoa/public_html/daliyhisab/server/node_modules/mysql/lib/protocol/Protocol.js:144:48)
    at PoolConnection.query (/home/appzetoa/public_html/daliyhisab/server/node_modules/mysql/lib/Connection.js:198:25)
    at file:///home/appzetoa/public_html/daliyhisab/server/connection/dbConfig.js:119:18
    at Ping.onOperationComplete (/home/appzetoa/public_html/daliyhisab/server/node_modules/mysql/lib/Pool.js:110:5)
    at Ping.<anonymous> (/home/appzetoa/public_html/daliyhisab/server/node_modules/mysql/lib/Connection.js:526:10)
    at Ping._callback (/home/appzetoa/public_html/daliyhisab/server/node_modules/mysql/lib/Connection.js:488:16)
    at Sequence.end (/home/appzetoa/public_html/daliyhisab/server/node_modules/mysql/lib/protocol/sequences/Sequence.js:83:24)
    at Sequence.OkPacket (/home/appzetoa/public_html/daliyhisab/server/node_modules/mysql/lib/protocol/sequences/Sequence.js:92:8)
    at Protocol._parsePacket (/home/appzetoa/public_html/daliyhisab/server/node_modules/mysql/lib/protocol/Protocol.js:291:23)
    at Parser._parsePacket (/home/appzetoa/public_html/daliyhisab/server/node_modules/mysql/lib/protocol/Parser.js:433:10) {
  code: 'ER_NO_SUCH_TABLE',
  errno: 1146,
  sqlMessage: "Table 'appzetoa_daily_hisab.notification_master' doesn't exist",
  sqlState: '42S02',
  index: 0,
  sql: 'DELETE FROM notification_master WHERE user_id = 183'
}
❌ Query error: ER_NO_SUCH_TABLE: Table 'appzetoa_daily_hisab.referral_master' doesn't exist
Query: 
      SELECT 
        COUNT(DISTINCT user_id) as unique_users,
        COUNT(*) as total_referrals,...
❌ Query error: ER_NO_SUCH_TABLE: Table 'appzetoa_daily_hisab.referral_master' doesn't exist
Query: 
      SELECT 
        COUNT(DISTINCT user_id) as unique_users,
        COUNT(*) as total_referrals,...
❌ Query error: ER_NO_SUCH_TABLE: Table 'appzetoa_daily_hisab.referral_master' doesn't exist
Query: 
      SELECT 
        COUNT(DISTINCT user_id) as unique_users,
        COUNT(*) as total_referrals,...
❌ Query error: ER_NO_SUCH_TABLE: Table 'appzetoa_daily_hisab.referral_master' doesn't exist
Query: 
      SELECT 
        COUNT(DISTINCT user_id) as unique_users,
        COUNT(*) as total_referrals,...
❌ Query error: ER_NO_SUCH_TABLE: Table 'appzetoa_daily_hisab.referral_master' doesn't exist
Query: 
      SELECT 
        COUNT(DISTINCT user_id) as unique_users,
        COUNT(*) as total_referrals,...
❌ Query error: ER_NO_SUCH_TABLE: Table 'appzetoa_daily_hisab.referral_master' doesn't exist
Query: 
      SELECT 
        COUNT(DISTINCT user_id) as unique_users,
        COUNT(*) as total_referrals,...
❌ Query error: ER_NO_SUCH_TABLE: Table 'appzetoa_daily_hisab.referral_master' doesn't exist
Query: 
      SELECT 
        COUNT(DISTINCT user_id) as unique_users,
        COUNT(*) as total_referrals,...
❌ Query error: ER_NO_SUCH_TABLE: Table 'appzetoa_daily_hisab.referral_master' doesn't exist
Query: 
      SELECT 
        COUNT(DISTINCT user_id) as unique_users,
        COUNT(*) as total_referrals,...
❌ Query error: ER_NO_SUCH_TABLE: Table 'appzetoa_daily_hisab.referral_master' doesn't exist
Query: 
      SELECT 
        COUNT(DISTINCT user_id) as unique_users,
        COUNT(*) as total_referrals,...
❌ Query error: ER_NO_SUCH_TABLE: Table 'appzetoa_daily_hisab.referral_master' doesn't exist
Query: 
      SELECT 
        COUNT(DISTINCT user_id) as unique_users,
        COUNT(*) as total_referrals,...
❌ Query error: ER_NO_SUCH_TABLE: Table 'appzetoa_daily_hisab.referral_master' doesn't exist
Query: 
      SELECT 
        COUNT(DISTINCT user_id) as unique_users,
        COUNT(*) as total_referrals,...
❌ Query error: ER_NO_SUCH_TABLE: Table 'appzetoa_daily_hisab.referral_master' doesn't exist
Query: 
      SELECT 
        COUNT(DISTINCT user_id) as unique_users,
        COUNT(*) as total_referrals,...
❌ Query error: ER_NO_SUCH_TABLE: Table 'appzetoa_daily_hisab.referral_master' doesn't exist
Query: 
      SELECT 
        COUNT(DISTINCT user_id) as unique_users,
        COUNT(*) as total_referrals,...
❌ Query error: ER_NO_SUCH_TABLE: Table 'appzetoa_daily_hisab.referral_master' doesn't exist
Query: 
      SELECT 
        COUNT(DISTINCT user_id) as unique_users,
        COUNT(*) as total_referrals,...
❌ Query error: ER_NO_SUCH_TABLE: Table 'appzetoa_daily_hisab.reminder_master' doesn't exist
Query: DELETE FROM reminder_master WHERE user_id = ?...
Error deleting reminders: Error: ER_NO_SUCH_TABLE: Table 'appzetoa_daily_hisab.reminder_master' doesn't exist
    at Sequence._packetToError (/home/appzetoa/public_html/daliyhisab/server/node_modules/mysql/lib/protocol/sequences/Sequence.js:47:14)
    at Query.ErrorPacket (/home/appzetoa/public_html/daliyhisab/server/node_modules/mysql/lib/protocol/sequences/Query.js:79:18)
    at Protocol._parsePacket (/home/appzetoa/public_html/daliyhisab/server/node_modules/mysql/lib/protocol/Protocol.js:291:23)
    at Parser._parsePacket (/home/appzetoa/public_html/daliyhisab/server/node_modules/mysql/lib/protocol/Parser.js:433:10)
    at Parser.write (/home/appzetoa/public_html/daliyhisab/server/node_modules/mysql/lib/protocol/Parser.js:43:10)
    at Protocol.write (/home/appzetoa/public_html/daliyhisab/server/node_modules/mysql/lib/protocol/Protocol.js:38:16)
    at Socket.<anonymous> (/home/appzetoa/public_html/daliyhisab/server/node_modules/mysql/lib/Connection.js:88:28)
    at Socket.<anonymous> (/home/appzetoa/public_html/daliyhisab/server/node_modules/mysql/lib/Connection.js:526:10)
    at Socket.emit (node:events:524:28)
    at addChunk (node:internal/streams/readable:561:12)
    --------------------
    at Protocol._enqueue (/home/appzetoa/public_html/daliyhisab/server/node_modules/mysql/lib/protocol/Protocol.js:144:48)
    at PoolConnection.query (/home/appzetoa/public_html/daliyhisab/server/node_modules/mysql/lib/Connection.js:198:25)
    at file:///home/appzetoa/public_html/daliyhisab/server/connection/dbConfig.js:119:18
    at Ping.onOperationComplete (/home/appzetoa/public_html/daliyhisab/server/node_modules/mysql/lib/Pool.js:110:5)
    at Ping.<anonymous> (/home/appzetoa/public_html/daliyhisab/server/node_modules/mysql/lib/Connection.js:526:10)
    at Ping._callback (/home/appzetoa/public_html/daliyhisab/server/node_modules/mysql/lib/Connection.js:488:16)
    at Sequence.end (/home/appzetoa/public_html/daliyhisab/server/node_modules/mysql/lib/protocol/sequences/Sequence.js:83:24)
    at Sequence.OkPacket (/home/appzetoa/public_html/daliyhisab/server/node_modules/mysql/lib/protocol/sequences/Sequence.js:92:8)
    at Protocol._parsePacket (/home/appzetoa/public_html/daliyhisab/server/node_modules/mysql/lib/protocol/Protocol.js:291:23)
    at Parser._parsePacket (/home/appzetoa/public_html/daliyhisab/server/node_modules/mysql/lib/protocol/Parser.js:433:10) {
  code: 'ER_NO_SUCH_TABLE',
  errno: 1146,
  sqlMessage: "Table 'appzetoa_daily_hisab.reminder_master' doesn't exist",
  sqlState: '42S02',
  index: 0,
  sql: 'DELETE FROM reminder_master WHERE user_id = 224'
}
❌ Query error: ER_NO_SUCH_TABLE: Table 'appzetoa_daily_hisab.recurring_payment_master' doesn't exist
Query: DELETE FROM recurring_payment_master WHERE user_id = ?...
Error deleting recurring payments: Error: ER_NO_SUCH_TABLE: Table 'appzetoa_daily_hisab.recurring_payment_master' doesn't exist
    at Sequence._packetToError (/home/appzetoa/public_html/daliyhisab/server/node_modules/mysql/lib/protocol/sequences/Sequence.js:47:14)
    at Query.ErrorPacket (/home/appzetoa/public_html/daliyhisab/server/node_modules/mysql/lib/protocol/sequences/Query.js:79:18)
    at Protocol._parsePacket (/home/appzetoa/public_html/daliyhisab/server/node_modules/mysql/lib/protocol/Protocol.js:291:23)
    at Parser._parsePacket (/home/appzetoa/public_html/daliyhisab/server/node_modules/mysql/lib/protocol/Parser.js:433:10)
    at Parser.write (/home/appzetoa/public_html/daliyhisab/server/node_modules/mysql/lib/protocol/Parser.js:43:10)
    at Protocol.write (/home/appzetoa/public_html/daliyhisab/server/node_modules/mysql/lib/protocol/Protocol.js:38:16)
    at Socket.<anonymous> (/home/appzetoa/public_html/daliyhisab/server/node_modules/mysql/lib/Connection.js:88:28)
    at Socket.<anonymous> (/home/appzetoa/public_html/daliyhisab/server/node_modules/mysql/lib/Connection.js:526:10)
    at Socket.emit (node:events:524:28)
    at addChunk (node:internal/streams/readable:561:12)
    --------------------
    at Protocol._enqueue (/home/appzetoa/public_html/daliyhisab/server/node_modules/mysql/lib/protocol/Protocol.js:144:48)
    at PoolConnection.query (/home/appzetoa/public_html/daliyhisab/server/node_modules/mysql/lib/Connection.js:198:25)
    at file:///home/appzetoa/public_html/daliyhisab/server/connection/dbConfig.js:119:18
    at Ping.onOperationComplete (/home/appzetoa/public_html/daliyhisab/server/node_modules/mysql/lib/Pool.js:110:5)
    at Ping.<anonymous> (/home/appzetoa/public_html/daliyhisab/server/node_modules/mysql/lib/Connection.js:526:10)
    at Ping._callback (/home/appzetoa/public_html/daliyhisab/server/node_modules/mysql/lib/Connection.js:488:16)
    at Sequence.end (/home/appzetoa/public_html/daliyhisab/server/node_modules/mysql/lib/protocol/sequences/Sequence.js:83:24)
    at Sequence.OkPacket (/home/appzetoa/public_html/daliyhisab/server/node_modules/mysql/lib/protocol/sequences/Sequence.js:92:8)
    at Protocol._parsePacket (/home/appzetoa/public_html/daliyhisab/server/node_modules/mysql/lib/protocol/Protocol.js:291:23)
    at Parser._parsePacket (/home/appzetoa/public_html/daliyhisab/server/node_modules/mysql/lib/protocol/Parser.js:433:10) {
  code: 'ER_NO_SUCH_TABLE',
  errno: 1146,
  sqlMessage: "Table 'appzetoa_daily_hisab.recurring_payment_master' doesn't exist",
  sqlState: '42S02',
  index: 0,
  sql: 'DELETE FROM recurring_payment_master WHERE user_id = 224'
}
❌ Query error: ER_NO_SUCH_TABLE: Table 'appzetoa_daily_hisab.notification_master' doesn't exist
Query: DELETE FROM notification_master WHERE user_id = ?...
Error deleting notifications: Error: ER_NO_SUCH_TABLE: Table 'appzetoa_daily_hisab.notification_master' doesn't exist
    at Sequence._packetToError (/home/appzetoa/public_html/daliyhisab/server/node_modules/mysql/lib/protocol/sequences/Sequence.js:47:14)
    at Query.ErrorPacket (/home/appzetoa/public_html/daliyhisab/server/node_modules/mysql/lib/protocol/sequences/Query.js:79:18)
    at Protocol._parsePacket (/home/appzetoa/public_html/daliyhisab/server/node_modules/mysql/lib/protocol/Protocol.js:291:23)
    at Parser._parsePacket (/home/appzetoa/public_html/daliyhisab/server/node_modules/mysql/lib/protocol/Parser.js:433:10)
    at Parser.write (/home/appzetoa/public_html/daliyhisab/server/node_modules/mysql/lib/protocol/Parser.js:43:10)
    at Protocol.write (/home/appzetoa/public_html/daliyhisab/server/node_modules/mysql/lib/protocol/Protocol.js:38:16)
    at Socket.<anonymous> (/home/appzetoa/public_html/daliyhisab/server/node_modules/mysql/lib/Connection.js:88:28)
    at Socket.<anonymous> (/home/appzetoa/public_html/daliyhisab/server/node_modules/mysql/lib/Connection.js:526:10)
    at Socket.emit (node:events:524:28)
    at addChunk (node:internal/streams/readable:561:12)
    --------------------
    at Protocol._enqueue (/home/appzetoa/public_html/daliyhisab/server/node_modules/mysql/lib/protocol/Protocol.js:144:48)
    at PoolConnection.query (/home/appzetoa/public_html/daliyhisab/server/node_modules/mysql/lib/Connection.js:198:25)
    at file:///home/appzetoa/public_html/daliyhisab/server/connection/dbConfig.js:119:18
    at Ping.onOperationComplete (/home/appzetoa/public_html/daliyhisab/server/node_modules/mysql/lib/Pool.js:110:5)
    at Ping.<anonymous> (/home/appzetoa/public_html/daliyhisab/server/node_modules/mysql/lib/Connection.js:526:10)
    at Ping._callback (/home/appzetoa/public_html/daliyhisab/server/node_modules/mysql/lib/Connection.js:488:16)
    at Sequence.end (/home/appzetoa/public_html/daliyhisab/server/node_modules/mysql/lib/protocol/sequences/Sequence.js:83:24)
    at Sequence.OkPacket (/home/appzetoa/public_html/daliyhisab/server/node_modules/mysql/lib/protocol/sequences/Sequence.js:92:8)
    at Protocol._parsePacket (/home/appzetoa/public_html/daliyhisab/server/node_modules/mysql/lib/protocol/Protocol.js:291:23)
    at Parser._parsePacket (/home/appzetoa/public_html/daliyhisab/server/node_modules/mysql/lib/protocol/Parser.js:433:10) {
  code: 'ER_NO_SUCH_TABLE',
  errno: 1146,
  sqlMessage: "Table 'appzetoa_daily_hisab.notification_master' doesn't exist",
  sqlState: '42S02',
  index: 0,
  sql: 'DELETE FROM notification_master WHERE user_id = 224'
}
Failed token 10: messaging/registration-token-not-registered Requested entity was not found.
Token: eLdcttRgRz-eAem5gKDILV:APA91bG...
Failed token 23: messaging/registration-token-not-registered Requested entity was not found.
Token: fY7gAkE3R9mKfZvsWwAn2o:APA91bH...
Failed token 40: messaging/registration-token-not-registered Requested entity was not found.
Token: fRtEF6WHQwi7u7b2lJQQNx:APA91bE...
Failed token 45: messaging/registration-token-not-registered Requested entity was not found.
Token: drKvC3hHTIiRb03rys7Rru:APA91bF...
Failed token 47: messaging/registration-token-not-registered Requested entity was not found.
Token: c2JXH9a9TT28JyTChWLCiK:APA91bF...
Failed token 51: messaging/registration-token-not-registered Requested entity was not found.
Token: c2E4Ys1LS1apN6KOlH5KNp:APA91bF...
Failed token 57: messaging/registration-token-not-registered Requested entity was not found.
Token: eAmw14zKRNK08AziYwr1N6:APA91bF...
Failed token 58: messaging/registration-token-not-registered Requested entity was not found.
Token: dfqG8_A-RQy9mLkVXHYdPk:APA91bF...
Failed token 60: messaging/registration-token-not-registered Requested entity was not found.
Token: c94WWpYHRfeuNhgtWBOUS0:APA91bF...
Failed token 63: messaging/registration-token-not-registered Requested entity was not found.
Token: d4FkmgcmT7SiiBg8ROYIMK:APA91bH...
Failed token 65: messaging/registration-token-not-registered Requested entity was not found.
Token: cjO2ybVoTMmMjkjprwogkl:APA91bH...
Failed token 71: messaging/registration-token-not-registered Requested entity was not found.
Token: cSoJ7KB-RyevwZj6MxDWA4:APA91bG...
Failed token 74: messaging/registration-token-not-registered Requested entity was not found.
Token: dDwtkifRQrSh22KgWoJZKE:APA91bG...
Failed token 77: messaging/registration-token-not-registered Requested entity was not found.
Token: fauMYqbBS6CO3bKJXzdUz_:APA91bF...
Failed token 81: messaging/registration-token-not-registered Requested entity was not found.
Token: fN21mMNqQyKkEN9jEqKSnU:APA91bG...
Failed token 84: messaging/registration-token-not-registered Requested entity was not found.
Token: fEwVX5KwQMmPsO7x5uzY0w:APA91bF...
Failed token 87: messaging/registration-token-not-registered Requested entity was not found.
Token: cmGsSuANRkuXibxw_sFuKP:APA91bF...
Failed token 89: messaging/registration-token-not-registered Requested entity was not found.
Token: dfk2DC8KTFOvlCRWiN6LAf:APA91bF...
Failed token 92: messaging/registration-token-not-registered Requested entity was not found.
Token: esZFEcNQRUiBX3SY0KmYbv:APA91bF...
Failed token 93: messaging/registration-token-not-registered Requested entity was not found.
Token: chEjjqvGSeKXrxqJuSYuvQ:APA91bE...
Failed token 94: messaging/registration-token-not-registered Requested entity was not found.
Token: ftmEtkP5TkuhYhmKTwcl_W:APA91bG...
Failed token 97: messaging/registration-token-not-registered Requested entity was not found.
Token: e12vqVJKQnmvsh2Kfen7Ai:APA91bE...
Failed token 98: messaging/registration-token-not-registered Requested entity was not found.
Token: eQdyKtYlSL2Wi8Rv8my2hW:APA91bE...
Failed token 100: messaging/registration-token-not-registered Requested entity was not found.
Token: e7G4r_V6Tt-ZIHiRyach6Z:APA91bF...
Failed token 102: messaging/registration-token-not-registered Requested entity was not found.
Token: cNHiwt4GTgyAfCUqlLssBA:APA91bF...
Failed token 104: messaging/registration-token-not-registered Requested entity was not found.
Token: dwIvGgf8Rpyj3fgtjDjH-a:APA91bF...
Failed token 105: messaging/registration-token-not-registered Requested entity was not found.
Token: fgXTqJY7SyG4yvSeql4ajY:APA91bE...
Failed token 109: messaging/registration-token-not-registered Requested entity was not found.
Token: crYBl2xrSa-VetzZPwdCqE:APA91bG...
Failed token 110: messaging/registration-token-not-registered Requested entity was not found.
Token: dp1mtSDrRHCpFdEGAb0Hoz:APA91bH...
Failed token 112: messaging/registration-token-not-registered Requested entity was not found.
Token: fV_dT8qcQHe3lpQZZws2XH:APA91bG...
Failed token 114: messaging/registration-token-not-registered Requested entity was not found.
Token: ecbgI_G6TIGqOgNZPI1caD:APA91bE...
❌ Query error: ER_NO_SUCH_TABLE: Table 'appzetoa_daily_hisab.referral_master' doesn't exist
Query: 
      SELECT 
        COUNT(DISTINCT user_id) as unique_users,
        COUNT(*) as total_referrals,...
❌ Query error: ER_NO_SUCH_TABLE: Table 'appzetoa_daily_hisab.referral_master' doesn't exist
Query: 
      SELECT 
        COUNT(DISTINCT user_id) as unique_users,
        COUNT(*) as total_referrals,...
❌ Query error: ER_NO_SUCH_TABLE: Table 'appzetoa_daily_hisab.referral_master' doesn't exist
Query: 
      SELECT 
        COUNT(DISTINCT user_id) as unique_users,
        COUNT(*) as total_referrals,...
❌ Query error: ER_NO_SUCH_TABLE: Table 'appzetoa_daily_hisab.referral_master' doesn't exist
Query: 
      SELECT 
        COUNT(DISTINCT user_id) as unique_users,
        COUNT(*) as total_referrals,...
❌ Query error: ER_NO_SUCH_TABLE: Table 'appzetoa_daily_hisab.referral_master' doesn't exist
Query: 
      SELECT 
        COUNT(DISTINCT user_id) as unique_users,
        COUNT(*) as total_referrals,...
❌ Query error: ER_NO_SUCH_TABLE: Table 'appzetoa_daily_hisab.referral_master' doesn't exist
Query: 
      SELECT 
        COUNT(DISTINCT user_id) as unique_users,
        COUNT(*) as total_referrals,...
❌ Query error: ER_NO_SUCH_TABLE: Table 'appzetoa_daily_hisab.referral_master' doesn't exist
Query: 
      SELECT 
        COUNT(DISTINCT user_id) as unique_users,
        COUNT(*) as total_referrals,...
❌ Query error: ER_NO_SUCH_TABLE: Table 'appzetoa_daily_hisab.referral_master' doesn't exist
Query: 
      SELECT 
        COUNT(DISTINCT user_id) as unique_users,
        COUNT(*) as total_referrals,...
❌ Query error: ER_NO_SUCH_TABLE: Table 'appzetoa_daily_hisab.referral_master' doesn't exist
Query: 
      SELECT 
        COUNT(DISTINCT user_id) as unique_users,
        COUNT(*) as total_referrals,...
❌ Query error: ER_NO_SUCH_TABLE: Table 'appzetoa_daily_hisab.referral_master' doesn't exist
Query: 
      SELECT 
        COUNT(DISTINCT user_id) as unique_users,
        COUNT(*) as total_referrals,...
❌ Query error: ER_NO_SUCH_TABLE: Table 'appzetoa_daily_hisab.referral_master' doesn't exist
Query: 
      SELECT 
        COUNT(DISTINCT user_id) as unique_users,
        COUNT(*) as total_referrals,...
❌ Query error: ER_NO_SUCH_TABLE: Table 'appzetoa_daily_hisab.referral_master' doesn't exist
Query: 
      SELECT 
        COUNT(DISTINCT user_id) as unique_users,
        COUNT(*) as total_referrals,...
❌ Query error: ER_NO_SUCH_TABLE: Table 'appzetoa_daily_hisab.referral_master' doesn't exist
Query: 
      SELECT 
        COUNT(DISTINCT user_id) as unique_users,
        COUNT(*) as total_referrals,...
❌ Query error: ER_NO_SUCH_TABLE: Table 'appzetoa_daily_hisab.referral_master' doesn't exist
Query: 
      SELECT 
        COUNT(DISTINCT user_id) as unique_users,
        COUNT(*) as total_referrals,...
❌ Query error: ER_PARSE_ERROR: You have an error in your SQL syntax; check the manual that corresponds to your MySQL server version for the right syntax to use near 'low_priority,
        COUNT(CASE WHEN priority = 2 THEN 1 END) as medium_priorit' at line 9
Query: 
      SELECT 
        COUNT(*) as total_tickets,
        COUNT(CASE WHEN delete_flag = 0 THEN 1 END...
❌ Query error: ER_NO_SUCH_TABLE: Table 'appzetoa_daily_hisab.referral_master' doesn't exist
Query: 
      SELECT 
        COUNT(DISTINCT user_id) as unique_users,
        COUNT(*) as total_referrals,...
❌ Query error: ER_NO_SUCH_TABLE: Table 'appzetoa_daily_hisab.referral_master' doesn't exist
Query: 
      SELECT 
        COUNT(DISTINCT user_id) as unique_users,
        COUNT(*) as total_referrals,...
❌ Query error: ER_NO_SUCH_TABLE: Table 'appzetoa_daily_hisab.referral_master' doesn't exist
Query: 
      SELECT 
        COUNT(DISTINCT user_id) as unique_users,
        COUNT(*) as total_referrals,...
❌ Query error: ER_NO_SUCH_TABLE: Table 'appzetoa_daily_hisab.referral_master' doesn't exist
Query: 
      SELECT 
        COUNT(DISTINCT user_id) as unique_users,
        COUNT(*) as total_referrals,...
❌ Query error: ER_NO_SUCH_TABLE: Table 'appzetoa_daily_hisab.referral_master' doesn't exist
Query: 
      SELECT 
        COUNT(DISTINCT user_id) as unique_users,
        COUNT(*) as total_referrals,...
❌ Query error: ER_NO_SUCH_TABLE: Table 'appzetoa_daily_hisab.referral_master' doesn't exist
Query: 
      SELECT 
        COUNT(DISTINCT user_id) as unique_users,
        COUNT(*) as total_referrals,...
❌ Query error: ER_NO_SUCH_TABLE: Table 'appzetoa_daily_hisab.referral_master' doesn't exist
Query: 
      SELECT 
        COUNT(DISTINCT user_id) as unique_users,
        COUNT(*) as total_referrals,...
❌ Query error: ER_NO_SUCH_TABLE: Table 'appzetoa_daily_hisab.referral_master' doesn't exist
Query: 
      SELECT 
        COUNT(DISTINCT user_id) as unique_users,
        COUNT(*) as total_referrals,...
❌ Query error: ER_NO_SUCH_TABLE: Table 'appzetoa_daily_hisab.referral_master' doesn't exist
Query: 
      SELECT 
        COUNT(DISTINCT user_id) as unique_users,
        COUNT(*) as total_referrals,...
❌ Query error: ER_NO_SUCH_TABLE: Table 'appzetoa_daily_hisab.referral_master' doesn't exist
Query: 
      SELECT 
        COUNT(DISTINCT user_id) as unique_users,
        COUNT(*) as total_referrals,...
❌ Query error: ER_NO_SUCH_TABLE: Table 'appzetoa_daily_hisab.referral_master' doesn't exist
Query: 
      SELECT 
        COUNT(DISTINCT user_id) as unique_users,
        COUNT(*) as total_referrals,...
❌ Query error: ER_NO_SUCH_TABLE: Table 'appzetoa_daily_hisab.referral_master' doesn't exist
Query: 
      SELECT 
        COUNT(DISTINCT user_id) as unique_users,
        COUNT(*) as total_referrals,...
❌ Query error: ER_NO_SUCH_TABLE: Table 'appzetoa_daily_hisab.referral_master' doesn't exist
Query: 
      SELECT 
        COUNT(DISTINCT user_id) as unique_users,
        COUNT(*) as total_referrals,...
❌ Query error: ER_NO_SUCH_TABLE: Table 'appzetoa_daily_hisab.referral_master' doesn't exist
Query: 
      SELECT 
        COUNT(DISTINCT user_id) as unique_users,
        COUNT(*) as total_referrals,...
❌ Query error: ER_NO_SUCH_TABLE: Table 'appzetoa_daily_hisab.referral_master' doesn't exist
Query: 
      SELECT 
        COUNT(DISTINCT user_id) as unique_users,
        COUNT(*) as total_referrals,...
❌ Query error: ER_NO_SUCH_TABLE: Table 'appzetoa_daily_hisab.referral_master' doesn't exist
Query: 
      SELECT 
        COUNT(DISTINCT user_id) as unique_users,
        COUNT(*) as total_referrals,...
❌ Query error: ER_NO_SUCH_TABLE: Table 'appzetoa_daily_hisab.referral_master' doesn't exist
Query: 
      SELECT 
        COUNT(DISTINCT user_id) as unique_users,
        COUNT(*) as total_referrals,...
❌ Query error: ER_NO_SUCH_TABLE: Table 'appzetoa_daily_hisab.referral_master' doesn't exist
Query: 
      SELECT 
        COUNT(DISTINCT user_id) as unique_users,
        COUNT(*) as total_referrals,...
❌ Query error: ER_NO_SUCH_TABLE: Table 'appzetoa_daily_hisab.referral_master' doesn't exist
Query: 
      SELECT 
        COUNT(DISTINCT user_id) as unique_users,
        COUNT(*) as total_referrals,...
❌ Query error: ER_NO_SUCH_TABLE: Table 'appzetoa_daily_hisab.referral_master' doesn't exist
Query: 
      SELECT 
        COUNT(DISTINCT user_id) as unique_users,
        COUNT(*) as total_referrals,...
❌ Query error: ER_NO_SUCH_TABLE: Table 'appzetoa_daily_hisab.referral_master' doesn't exist
Query: 
      SELECT 
        COUNT(DISTINCT user_id) as unique_users,
        COUNT(*) as total_referrals,...
❌ Query error: ER_NO_SUCH_TABLE: Table 'appzetoa_daily_hisab.referral_master' doesn't exist
Query: 
      SELECT 
        COUNT(DISTINCT user_id) as unique_users,
        COUNT(*) as total_referrals,...
❌ Query error: ER_NO_SUCH_TABLE: Table 'appzetoa_daily_hisab.referral_master' doesn't exist
Query: 
      SELECT 
        COUNT(DISTINCT user_id) as unique_users,
        COUNT(*) as total_referrals,...
❌ Query error: ER_NO_SUCH_TABLE: Table 'appzetoa_daily_hisab.referral_master' doesn't exist
Query: 
      SELECT 
        COUNT(DISTINCT user_id) as unique_users,
        COUNT(*) as total_referrals,...
❌ Query error: ER_NO_SUCH_TABLE: Table 'appzetoa_daily_hisab.referral_master' doesn't exist
Query: 
      SELECT 
        COUNT(DISTINCT user_id) as unique_users,
        COUNT(*) as total_referrals,...
❌ Query error: ER_NO_SUCH_TABLE: Table 'appzetoa_daily_hisab.referral_master' doesn't exist
Query: 
      SELECT 
        COUNT(DISTINCT user_id) as unique_users,
        COUNT(*) as total_referrals,...
❌ Query error: ER_NO_SUCH_TABLE: Table 'appzetoa_daily_hisab.referral_master' doesn't exist
Query: 
      SELECT 
        COUNT(DISTINCT user_id) as unique_users,
        COUNT(*) as total_referrals,...
❌ Query error: ER_NO_SUCH_TABLE: Table 'appzetoa_daily_hisab.referral_master' doesn't exist
Query: 
      SELECT 
        COUNT(DISTINCT user_id) as unique_users,
        COUNT(*) as total_referrals,...
❌ Query error: ER_NO_SUCH_TABLE: Table 'appzetoa_daily_hisab.referral_master' doesn't exist
Query: 
      SELECT 
        COUNT(DISTINCT user_id) as unique_users,
        COUNT(*) as total_referrals,...
❌ Query error: ER_NO_SUCH_TABLE: Table 'appzetoa_daily_hisab.referral_master' doesn't exist
Query: 
      SELECT 
        COUNT(DISTINCT user_id) as unique_users,
        COUNT(*) as total_referrals,...
❌ Query error: ER_NO_SUCH_TABLE: Table 'appzetoa_daily_hisab.referral_master' doesn't exist
Query: 
      SELECT 
        COUNT(DISTINCT user_id) as unique_users,
        COUNT(*) as total_referrals,...
❌ Query error: ER_NO_SUCH_TABLE: Table 'appzetoa_daily_hisab.referral_master' doesn't exist
Query: 
      SELECT 
        COUNT(DISTINCT user_id) as unique_users,
        COUNT(*) as total_referrals,...
❌ Query error: ER_NO_SUCH_TABLE: Table 'appzetoa_daily_hisab.referral_master' doesn't exist
Query: 
      SELECT 
        COUNT(DISTINCT user_id) as unique_users,
        COUNT(*) as total_referrals,...
❌ Query error: ER_NO_SUCH_TABLE: Table 'appzetoa_daily_hisab.referral_master' doesn't exist
Query: 
      SELECT 
        COUNT(DISTINCT user_id) as unique_users,
        COUNT(*) as total_referrals,...
❌ Query error: ER_NO_SUCH_TABLE: Table 'appzetoa_daily_hisab.referral_master' doesn't exist
Query: 
      SELECT 
        COUNT(DISTINCT user_id) as unique_users,
        COUNT(*) as total_referrals,...
❌ Query error: ER_NO_SUCH_TABLE: Table 'appzetoa_daily_hisab.referral_master' doesn't exist
Query: 
      SELECT 
        COUNT(DISTINCT user_id) as unique_users,
        COUNT(*) as total_referrals,...
❌ Query error: ER_NO_SUCH_TABLE: Table 'appzetoa_daily_hisab.referral_master' doesn't exist
Query: 
      SELECT 
        COUNT(DISTINCT user_id) as unique_users,
        COUNT(*) as total_referrals,...
❌ Query error: ER_NO_SUCH_TABLE: Table 'appzetoa_daily_hisab.referral_master' doesn't exist
Query: 
      SELECT 
        COUNT(DISTINCT user_id) as unique_users,
        COUNT(*) as total_referrals,...
❌ Query error: ER_NO_SUCH_TABLE: Table 'appzetoa_daily_hisab.referral_master' doesn't exist
Query: 
      SELECT 
        COUNT(DISTINCT user_id) as unique_users,
        COUNT(*) as total_referrals,...
❌ Query error: ER_NO_SUCH_TABLE: Table 'appzetoa_daily_hisab.referral_master' doesn't exist
Query: 
      SELECT 
        COUNT(DISTINCT user_id) as unique_users,
        COUNT(*) as total_referrals,...
❌ Query error: ER_NO_SUCH_TABLE: Table 'appzetoa_daily_hisab.referral_master' doesn't exist
Query: 
      SELECT 
        COUNT(DISTINCT user_id) as unique_users,
        COUNT(*) as total_referrals,...
❌ Query error: ER_NO_SUCH_TABLE: Table 'appzetoa_daily_hisab.referral_master' doesn't exist
Query: 
      SELECT 
        COUNT(DISTINCT user_id) as unique_users,
        COUNT(*) as total_referrals,...
❌ Query error: ER_NO_SUCH_TABLE: Table 'appzetoa_daily_hisab.referral_master' doesn't exist
Query: 
      SELECT 
        COUNT(DISTINCT user_id) as unique_users,
        COUNT(*) as total_referrals,...
❌ Query error: ER_NO_SUCH_TABLE: Table 'appzetoa_daily_hisab.referral_master' doesn't exist
Query: 
      SELECT 
        COUNT(DISTINCT user_id) as unique_users,
        COUNT(*) as total_referrals,...
❌ Query error: ER_NO_SUCH_TABLE: Table 'appzetoa_daily_hisab.referral_master' doesn't exist
Query: 
      SELECT 
        COUNT(DISTINCT user_id) as unique_users,
        COUNT(*) as total_referrals,...
❌ Query error: ER_NO_SUCH_TABLE: Table 'appzetoa_daily_hisab.referral_master' doesn't exist
Query: 
      SELECT 
        COUNT(DISTINCT user_id) as unique_users,
        COUNT(*) as total_referrals,...
❌ Query error: ER_NO_SUCH_TABLE: Table 'appzetoa_daily_hisab.referral_master' doesn't exist
Query: 
      SELECT 
        COUNT(DISTINCT user_id) as unique_users,
        COUNT(*) as total_referrals,...
❌ Query error: ER_NO_SUCH_TABLE: Table 'appzetoa_daily_hisab.referral_master' doesn't exist
Query: 
      SELECT 
        COUNT(DISTINCT user_id) as unique_users,
        COUNT(*) as total_referrals,...
❌ Query error: ER_NO_SUCH_TABLE: Table 'appzetoa_daily_hisab.referral_master' doesn't exist
Query: 
      SELECT 
        COUNT(DISTINCT user_id) as unique_users,
        COUNT(*) as total_referrals,...
❌ Query error: ER_NO_SUCH_TABLE: Table 'appzetoa_daily_hisab.referral_master' doesn't exist
Query: 
      SELECT 
        COUNT(DISTINCT user_id) as unique_users,
        COUNT(*) as total_referrals,...
❌ Query error: ER_NO_SUCH_TABLE: Table 'appzetoa_daily_hisab.referral_master' doesn't exist
Query: 
      SELECT 
        COUNT(DISTINCT user_id) as unique_users,
        COUNT(*) as total_referrals,...
❌ Query error: ER_NO_SUCH_TABLE: Table 'appzetoa_daily_hisab.referral_master' doesn't exist
Query: 
      SELECT 
        COUNT(DISTINCT user_id) as unique_users,
        COUNT(*) as total_referrals,...
❌ Query error: ER_NO_SUCH_TABLE: Table 'appzetoa_daily_hisab.referral_master' doesn't exist
Query: 
      SELECT 
        COUNT(DISTINCT user_id) as unique_users,
        COUNT(*) as total_referrals,...
❌ Query error: ER_NO_SUCH_TABLE: Table 'appzetoa_daily_hisab.referral_master' doesn't exist
Query: 
      SELECT 
        COUNT(DISTINCT user_id) as unique_users,
        COUNT(*) as total_referrals,...
❌ Query error: ER_NO_SUCH_TABLE: Table 'appzetoa_daily_hisab.referral_master' doesn't exist
Query: 
      SELECT 
        COUNT(DISTINCT user_id) as unique_users,
        COUNT(*) as total_referrals,...
❌ Query error: ER_NO_SUCH_TABLE: Table 'appzetoa_daily_hisab.referral_master' doesn't exist
Query: 
      SELECT 
        COUNT(DISTINCT user_id) as unique_users,
        COUNT(*) as total_referrals,...
❌ Query error: ER_NO_SUCH_TABLE: Table 'appzetoa_daily_hisab.referral_master' doesn't exist
Query: 
      SELECT 
        COUNT(DISTINCT user_id) as unique_users,
        COUNT(*) as total_referrals,...
❌ Query error: ER_NO_SUCH_TABLE: Table 'appzetoa_daily_hisab.referral_master' doesn't exist
Query: 
      SELECT 
        COUNT(DISTINCT user_id) as unique_users,
        COUNT(*) as total_referrals,...
❌ Query error: ER_NO_SUCH_TABLE: Table 'appzetoa_daily_hisab.referral_master' doesn't exist
Query: 
      SELECT 
        COUNT(DISTINCT user_id) as unique_users,
        COUNT(*) as total_referrals,...
❌ Query error: ER_NO_SUCH_TABLE: Table 'appzetoa_daily_hisab.referral_master' doesn't exist
Query: 
      SELECT 
        COUNT(DISTINCT user_id) as unique_users,
        COUNT(*) as total_referrals,...
❌ Query error: ER_NO_SUCH_TABLE: Table 'appzetoa_daily_hisab.referral_master' doesn't exist
Query: 
      SELECT 
        COUNT(DISTINCT user_id) as unique_users,
        COUNT(*) as total_referrals,...
❌ Query error: ER_NO_SUCH_TABLE: Table 'appzetoa_daily_hisab.referral_master' doesn't exist
Query: 
      SELECT 
        COUNT(DISTINCT user_id) as unique_users,
        COUNT(*) as total_referrals,...
❌ Query error: ER_NO_SUCH_TABLE: Table 'appzetoa_daily_hisab.referral_master' doesn't exist
Query: 
      SELECT 
        COUNT(DISTINCT user_id) as unique_users,
        COUNT(*) as total_referrals,...
❌ Query error: ER_NO_SUCH_TABLE: Table 'appzetoa_daily_hisab.referral_master' doesn't exist
Query: 
      SELECT 
        COUNT(DISTINCT user_id) as unique_users,
        COUNT(*) as total_referrals,...
❌ Query error: ER_NO_SUCH_TABLE: Table 'appzetoa_daily_hisab.referral_master' doesn't exist
Query: 
      SELECT 
        COUNT(DISTINCT user_id) as unique_users,
        COUNT(*) as total_referrals,...
❌ Query error: ER_NO_SUCH_TABLE: Table 'appzetoa_daily_hisab.referral_master' doesn't exist
Query: 
      SELECT 
        COUNT(DISTINCT user_id) as unique_users,
        COUNT(*) as total_referrals,...
❌ Query error: ER_NO_SUCH_TABLE: Table 'appzetoa_daily_hisab.referral_master' doesn't exist
Query: 
      SELECT 
        COUNT(DISTINCT user_id) as unique_users,
        COUNT(*) as total_referrals,...
❌ Query error: ER_NO_SUCH_TABLE: Table 'appzetoa_daily_hisab.referral_master' doesn't exist
Query: 
      SELECT 
        COUNT(DISTINCT user_id) as unique_users,
        COUNT(*) as total_referrals,...
❌ Query error: ER_NO_SUCH_TABLE: Table 'appzetoa_daily_hisab.referral_master' doesn't exist
Query: 
      SELECT 
        COUNT(DISTINCT user_id) as unique_users,
        COUNT(*) as total_referrals,...
❌ Query error: ER_NO_SUCH_TABLE: Table 'appzetoa_daily_hisab.referral_master' doesn't exist
Query: 
      SELECT 
        COUNT(DISTINCT user_id) as unique_users,
        COUNT(*) as total_referrals,...
❌ Query error: ER_NO_SUCH_TABLE: Table 'appzetoa_daily_hisab.referral_master' doesn't exist
Query: 
      SELECT 
        COUNT(DISTINCT user_id) as unique_users,
        COUNT(*) as total_referrals,...
❌ Query error: ER_NO_SUCH_TABLE: Table 'appzetoa_daily_hisab.referral_master' doesn't exist
Query: 
      SELECT 
        COUNT(DISTINCT user_id) as unique_users,
        COUNT(*) as total_referrals,...
❌ Query error: ER_NO_SUCH_TABLE: Table 'appzetoa_daily_hisab.referral_master' doesn't exist
Query: 
      SELECT 
        COUNT(DISTINCT user_id) as unique_users,
        COUNT(*) as total_referrals,...
❌ Query error: ER_NO_SUCH_TABLE: Table 'appzetoa_daily_hisab.referral_master' doesn't exist
Query: 
      SELECT 
        COUNT(DISTINCT user_id) as unique_users,
        COUNT(*) as total_referrals,...
❌ Query error: ER_NO_SUCH_TABLE: Table 'appzetoa_daily_hisab.referral_master' doesn't exist
Query: 
      SELECT 
        COUNT(DISTINCT user_id) as unique_users,
        COUNT(*) as total_referrals,...
❌ Query error: ER_NO_SUCH_TABLE: Table 'appzetoa_daily_hisab.referral_master' doesn't exist
Query: 
      SELECT 
        COUNT(DISTINCT user_id) as unique_users,
        COUNT(*) as total_referrals,...
❌ Query error: ER_NO_SUCH_TABLE: Table 'appzetoa_daily_hisab.referral_master' doesn't exist
Query: 
      SELECT 
        COUNT(DISTINCT user_id) as unique_users,
        COUNT(*) as total_referrals,...
❌ Query error: ER_NO_SUCH_TABLE: Table 'appzetoa_daily_hisab.referral_master' doesn't exist
Query: 
      SELECT 
        COUNT(DISTINCT user_id) as unique_users,
        COUNT(*) as total_referrals,...
❌ Query error: ER_NO_SUCH_TABLE: Table 'appzetoa_daily_hisab.referral_master' doesn't exist
Query: 
      SELECT 
        COUNT(DISTINCT user_id) as unique_users,
        COUNT(*) as total_referrals,...
❌ Query error: ER_NO_SUCH_TABLE: Table 'appzetoa_daily_hisab.referral_master' doesn't exist
Query: 
      SELECT 
        COUNT(DISTINCT user_id) as unique_users,
        COUNT(*) as total_referrals,...
❌ Query error: ER_NO_SUCH_TABLE: Table 'appzetoa_daily_hisab.referral_master' doesn't exist
Query: 
      SELECT 
        COUNT(DISTINCT user_id) as unique_users,
        COUNT(*) as total_referrals,...
❌ Query error: ER_NO_SUCH_TABLE: Table 'appzetoa_daily_hisab.referral_master' doesn't exist
Query: 
      SELECT 
        COUNT(DISTINCT user_id) as unique_users,
        COUNT(*) as total_referrals,...
❌ Query error: ER_NO_SUCH_TABLE: Table 'appzetoa_daily_hisab.referral_master' doesn't exist
Query: 
      SELECT 
        COUNT(DISTINCT user_id) as unique_users,
        COUNT(*) as total_referrals,...
❌ Query error: ER_NO_SUCH_TABLE: Table 'appzetoa_daily_hisab.referral_master' doesn't exist
Query: 
      SELECT 
        COUNT(DISTINCT user_id) as unique_users,
        COUNT(*) as total_referrals,...
❌ Query error: ER_NO_SUCH_TABLE: Table 'appzetoa_daily_hisab.referral_master' doesn't exist
Query: 
      SELECT 
        COUNT(DISTINCT user_id) as unique_users,
        COUNT(*) as total_referrals,...
❌ Query error: ER_NO_SUCH_TABLE: Table 'appzetoa_daily_hisab.referral_master' doesn't exist
Query: 
      SELECT 
        COUNT(DISTINCT user_id) as unique_users,
        COUNT(*) as total_referrals,...
❌ Query error: ER_NO_SUCH_TABLE: Table 'appzetoa_daily_hisab.referral_master' doesn't exist
Query: 
      SELECT 
        COUNT(DISTINCT user_id) as unique_users,
        COUNT(*) as total_referrals,...
❌ Query error: ER_NO_SUCH_TABLE: Table 'appzetoa_daily_hisab.referral_master' doesn't exist
Query: 
      SELECT 
        COUNT(DISTINCT user_id) as unique_users,
        COUNT(*) as total_referrals,...
❌ Query error: ER_NO_SUCH_TABLE: Table 'appzetoa_daily_hisab.referral_master' doesn't exist
Query: 
      SELECT 
        COUNT(DISTINCT user_id) as unique_users,
        COUNT(*) as total_referrals,...
❌ Query error: ER_NO_SUCH_TABLE: Table 'appzetoa_daily_hisab.referral_master' doesn't exist
Query: 
      SELECT 
        COUNT(DISTINCT user_id) as unique_users,
        COUNT(*) as total_referrals,...
❌ Query error: ER_NO_SUCH_TABLE: Table 'appzetoa_daily_hisab.referral_master' doesn't exist
Query: 
      SELECT 
        COUNT(DISTINCT user_id) as unique_users,
        COUNT(*) as total_referrals,...
❌ Query error: ER_NO_SUCH_TABLE: Table 'appzetoa_daily_hisab.referral_master' doesn't exist
Query: 
      SELECT 
        COUNT(DISTINCT user_id) as unique_users,
        COUNT(*) as total_referrals,...
❌ Query error: ER_NO_SUCH_TABLE: Table 'appzetoa_daily_hisab.referral_master' doesn't exist
Query: 
      SELECT 
        COUNT(DISTINCT user_id) as unique_users,
        COUNT(*) as total_referrals,...
❌ Query error: ER_NO_SUCH_TABLE: Table 'appzetoa_daily_hisab.referral_master' doesn't exist
Query: 
      SELECT 
        COUNT(DISTINCT user_id) as unique_users,
        COUNT(*) as total_referrals,...
❌ Query error: ER_NO_SUCH_TABLE: Table 'appzetoa_daily_hisab.referral_master' doesn't exist
Query: 
      SELECT 
        COUNT(DISTINCT user_id) as unique_users,
        COUNT(*) as total_referrals,...
❌ Query error: ER_NO_SUCH_TABLE: Table 'appzetoa_daily_hisab.referral_master' doesn't exist
Query: 
      SELECT 
        COUNT(DISTINCT user_id) as unique_users,
        COUNT(*) as total_referrals,...
❌ Query error: ER_NO_SUCH_TABLE: Table 'appzetoa_daily_hisab.referral_master' doesn't exist
Query: 
      SELECT 
        COUNT(DISTINCT user_id) as unique_users,
        COUNT(*) as total_referrals,...
❌ Query error: ER_NO_SUCH_TABLE: Table 'appzetoa_daily_hisab.referral_master' doesn't exist
Query: 
      SELECT 
        COUNT(DISTINCT user_id) as unique_users,
        COUNT(*) as total_referrals,...
❌ Query error: ER_NO_SUCH_TABLE: Table 'appzetoa_daily_hisab.referral_master' doesn't exist
Query: 
      SELECT 
        COUNT(DISTINCT user_id) as unique_users,
        COUNT(*) as total_referrals,...
❌ Query error: ER_NO_SUCH_TABLE: Table 'appzetoa_daily_hisab.referral_master' doesn't exist
Query: 
      SELECT 
        COUNT(DISTINCT user_id) as unique_users,
        COUNT(*) as total_referrals,...
❌ Query error: ER_NO_SUCH_TABLE: Table 'appzetoa_daily_hisab.referral_master' doesn't exist
Query: 
      SELECT 
        COUNT(DISTINCT user_id) as unique_users,
        COUNT(*) as total_referrals,...
❌ Query error: ER_NO_SUCH_TABLE: Table 'appzetoa_daily_hisab.referral_master' doesn't exist
Query: 
      SELECT 
        COUNT(DISTINCT user_id) as unique_users,
        COUNT(*) as total_referrals,...
❌ Query error: ER_NO_SUCH_TABLE: Table 'appzetoa_daily_hisab.referral_master' doesn't exist
Query: 
      SELECT 
        COUNT(DISTINCT user_id) as unique_users,
        COUNT(*) as total_referrals,...
❌ Query error: ER_NO_SUCH_TABLE: Table 'appzetoa_daily_hisab.referral_master' doesn't exist
Query: 
      SELECT 
        COUNT(DISTINCT user_id) as unique_users,
        COUNT(*) as total_referrals,...
❌ Query error: ER_NO_SUCH_TABLE: Table 'appzetoa_daily_hisab.referral_master' doesn't exist
Query: 
      SELECT 
        COUNT(DISTINCT user_id) as unique_users,
        COUNT(*) as total_referrals,...
❌ Query error: ER_NO_SUCH_TABLE: Table 'appzetoa_daily_hisab.referral_master' doesn't exist
Query: 
      SELECT 
        COUNT(DISTINCT user_id) as unique_users,
        COUNT(*) as total_referrals,...
❌ Query error: ER_NO_SUCH_TABLE: Table 'appzetoa_daily_hisab.referral_master' doesn't exist
Query: 
      SELECT 
        COUNT(DISTINCT user_id) as unique_users,
        COUNT(*) as total_referrals,...
❌ Query error: ER_NO_SUCH_TABLE: Table 'appzetoa_daily_hisab.referral_master' doesn't exist
Query: 
      SELECT 
        COUNT(DISTINCT user_id) as unique_users,
        COUNT(*) as total_referrals,...
❌ Query error: ER_NO_SUCH_TABLE: Table 'appzetoa_daily_hisab.referral_master' doesn't exist
Query: 
      SELECT 
        COUNT(DISTINCT user_id) as unique_users,
        COUNT(*) as total_referrals,...
❌ Query error: ER_NO_SUCH_TABLE: Table 'appzetoa_daily_hisab.referral_master' doesn't exist
Query: 
      SELECT 
        COUNT(DISTINCT user_id) as unique_users,
        COUNT(*) as total_referrals,...
❌ Query error: ER_NO_SUCH_TABLE: Table 'appzetoa_daily_hisab.referral_master' doesn't exist
Query: 
      SELECT 
        COUNT(DISTINCT user_id) as unique_users,
        COUNT(*) as total_referrals,...
❌ Query error: ER_NO_SUCH_TABLE: Table 'appzetoa_daily_hisab.referral_master' doesn't exist
Query: 
      SELECT 
        COUNT(DISTINCT user_id) as unique_users,
        COUNT(*) as total_referrals,...
❌ Query error: ER_NO_SUCH_TABLE: Table 'appzetoa_daily_hisab.referral_master' doesn't exist
Query: 
      SELECT 
        COUNT(DISTINCT user_id) as unique_users,
        COUNT(*) as total_referrals,...
❌ Query error: ER_NO_SUCH_TABLE: Table 'appzetoa_daily_hisab.referral_master' doesn't exist
Query: 
      SELECT 
        COUNT(DISTINCT user_id) as unique_users,
        COUNT(*) as total_referrals,...
❌ Query error: ER_NO_SUCH_TABLE: Table 'appzetoa_daily_hisab.referral_master' doesn't exist
Query: 
      SELECT 
        COUNT(DISTINCT user_id) as unique_users,
        COUNT(*) as total_referrals,...
❌ Query error: ER_NO_SUCH_TABLE: Table 'appzetoa_daily_hisab.referral_master' doesn't exist
Query: 
      SELECT 
        COUNT(DISTINCT user_id) as unique_users,
        COUNT(*) as total_referrals,...
❌ Query error: ER_NO_SUCH_TABLE: Table 'appzetoa_daily_hisab.referral_master' doesn't exist
Query: 
      SELECT 
        COUNT(DISTINCT user_id) as unique_users,
        COUNT(*) as total_referrals,...
❌ Query error: ER_NO_SUCH_TABLE: Table 'appzetoa_daily_hisab.referral_master' doesn't exist
Query: 
      SELECT 
        COUNT(DISTINCT user_id) as unique_users,
        COUNT(*) as total_referrals,...
❌ Query error: ER_NO_SUCH_TABLE: Table 'appzetoa_daily_hisab.referral_master' doesn't exist
Query: 
      SELECT 
        COUNT(DISTINCT user_id) as unique_users,
        COUNT(*) as total_referrals,...
❌ Query error: ER_NO_SUCH_TABLE: Table 'appzetoa_daily_hisab.referral_master' doesn't exist
Query: 
      SELECT 
        COUNT(DISTINCT user_id) as unique_users,
        COUNT(*) as total_referrals,...
❌ Query error: ER_NO_SUCH_TABLE: Table 'appzetoa_daily_hisab.referral_master' doesn't exist
Query: 
      SELECT 
        COUNT(DISTINCT user_id) as unique_users,
        COUNT(*) as total_referrals,...
❌ Query error: ER_NO_SUCH_TABLE: Table 'appzetoa_daily_hisab.referral_master' doesn't exist
Query: 
      SELECT 
        COUNT(DISTINCT user_id) as unique_users,
        COUNT(*) as total_referrals,...
❌ Query error: ER_NO_SUCH_TABLE: Table 'appzetoa_daily_hisab.referral_master' doesn't exist
Query: 
      SELECT 
        COUNT(DISTINCT user_id) as unique_users,
        COUNT(*) as total_referrals,...
❌ Query error: ER_NO_SUCH_TABLE: Table 'appzetoa_daily_hisab.referral_master' doesn't exist
Query: 
      SELECT 
        COUNT(DISTINCT user_id) as unique_users,
        COUNT(*) as total_referrals,...
❌ Query error: ER_NO_SUCH_TABLE: Table 'appzetoa_daily_hisab.referral_master' doesn't exist
Query: 
      SELECT 
        COUNT(DISTINCT user_id) as unique_users,
        COUNT(*) as total_referrals,...
❌ Query error: ER_NO_SUCH_TABLE: Table 'appzetoa_daily_hisab.referral_master' doesn't exist
Query: 
      SELECT 
        COUNT(DISTINCT user_id) as unique_users,
        COUNT(*) as total_referrals,...
❌ Query error: ER_BAD_FIELD_ERROR: Unknown column 'delete_flag' in 'where clause'
Query: SELECT * FROM language_master WHERE delete_flag = 0 ORDER BY sort_order ASC...
❌ Query error: ER_NO_SUCH_TABLE: Table 'appzetoa_daily_hisab.referral_master' doesn't exist
Query: 
      SELECT 
        COUNT(DISTINCT user_id) as unique_users,
        COUNT(*) as total_referrals,...
❌ Query error: ER_NO_SUCH_TABLE: Table 'appzetoa_daily_hisab.referral_master' doesn't exist
Query: 
      SELECT 
        COUNT(DISTINCT user_id) as unique_users,
        COUNT(*) as total_referrals,...
❌ Query error: ER_NO_SUCH_TABLE: Table 'appzetoa_daily_hisab.referral_master' doesn't exist
Query: 
      SELECT 
        COUNT(DISTINCT user_id) as unique_users,
        COUNT(*) as total_referrals,...
❌ Query error: ER_NO_SUCH_TABLE: Table 'appzetoa_daily_hisab.referral_master' doesn't exist
Query: 
      SELECT 
        COUNT(DISTINCT user_id) as unique_users,
        COUNT(*) as total_referrals,...
❌ Query error: ER_NO_SUCH_TABLE: Table 'appzetoa_daily_hisab.referral_master' doesn't exist
Query: 
      SELECT 
        COUNT(DISTINCT user_id) as unique_users,
        COUNT(*) as total_referrals,...
❌ Query error: ER_NO_SUCH_TABLE: Table 'appzetoa_daily_hisab.referral_master' doesn't exist
Query: 
      SELECT 
        COUNT(DISTINCT user_id) as unique_users,
        COUNT(*) as total_referrals,...
❌ Query error: ER_NO_SUCH_TABLE: Table 'appzetoa_daily_hisab.referral_master' doesn't exist
Query: 
      SELECT 
        COUNT(DISTINCT user_id) as unique_users,
        COUNT(*) as total_referrals,...
❌ Query error: ER_NO_SUCH_TABLE: Table 'appzetoa_daily_hisab.referral_master' doesn't exist
Query: 
      SELECT 
        COUNT(DISTINCT user_id) as unique_users,
        COUNT(*) as total_referrals,...
❌ Query error: ER_NO_SUCH_TABLE: Table 'appzetoa_daily_hisab.referral_master' doesn't exist
Query: 
      SELECT 
        COUNT(DISTINCT user_id) as unique_users,
        COUNT(*) as total_referrals,...
❌ Query error: ER_NO_SUCH_TABLE: Table 'appzetoa_daily_hisab.referral_master' doesn't exist
Query: 
      SELECT 
        COUNT(DISTINCT user_id) as unique_users,
        COUNT(*) as total_referrals,...
❌ Query error: ER_NO_SUCH_TABLE: Table 'appzetoa_daily_hisab.referral_master' doesn't exist
Query: 
      SELECT 
        COUNT(DISTINCT user_id) as unique_users,
        COUNT(*) as total_referrals,...
❌ Query error: ER_NO_SUCH_TABLE: Table 'appzetoa_daily_hisab.referral_master' doesn't exist
Query: 
      SELECT 
        COUNT(DISTINCT user_id) as unique_users,
        COUNT(*) as total_referrals,...
❌ Query error: ER_NO_SUCH_TABLE: Table 'appzetoa_daily_hisab.referral_master' doesn't exist
Query: 
      SELECT 
        COUNT(DISTINCT user_id) as unique_users,
        COUNT(*) as total_referrals,...
❌ Query error: ER_NO_SUCH_TABLE: Table 'appzetoa_daily_hisab.referral_master' doesn't exist
Query: 
      SELECT 
        COUNT(DISTINCT user_id) as unique_users,
        COUNT(*) as total_referrals,...
❌ Query error: ER_NO_SUCH_TABLE: Table 'appzetoa_daily_hisab.reminder_master' doesn't exist
Query: DELETE FROM reminder_master WHERE user_id = ?...
Error deleting reminders: Error: ER_NO_SUCH_TABLE: Table 'appzetoa_daily_hisab.reminder_master' doesn't exist
    at Sequence._packetToError (/home/appzetoa/public_html/daliyhisab/server/node_modules/mysql/lib/protocol/sequences/Sequence.js:47:14)
    at Query.ErrorPacket (/home/appzetoa/public_html/daliyhisab/server/node_modules/mysql/lib/protocol/sequences/Query.js:79:18)
    at Protocol._parsePacket (/home/appzetoa/public_html/daliyhisab/server/node_modules/mysql/lib/protocol/Protocol.js:291:23)
    at Parser._parsePacket (/home/appzetoa/public_html/daliyhisab/server/node_modules/mysql/lib/protocol/Parser.js:433:10)
    at Parser.write (/home/appzetoa/public_html/daliyhisab/server/node_modules/mysql/lib/protocol/Parser.js:43:10)
    at Protocol.write (/home/appzetoa/public_html/daliyhisab/server/node_modules/mysql/lib/protocol/Protocol.js:38:16)
    at Socket.<anonymous> (/home/appzetoa/public_html/daliyhisab/server/node_modules/mysql/lib/Connection.js:88:28)
    at Socket.<anonymous> (/home/appzetoa/public_html/daliyhisab/server/node_modules/mysql/lib/Connection.js:526:10)
    at Socket.emit (node:events:524:28)
    at addChunk (node:internal/streams/readable:561:12)
    --------------------
    at Protocol._enqueue (/home/appzetoa/public_html/daliyhisab/server/node_modules/mysql/lib/protocol/Protocol.js:144:48)
    at PoolConnection.query (/home/appzetoa/public_html/daliyhisab/server/node_modules/mysql/lib/Connection.js:198:25)
    at file:///home/appzetoa/public_html/daliyhisab/server/connection/dbConfig.js:119:18
    at Ping.onOperationComplete (/home/appzetoa/public_html/daliyhisab/server/node_modules/mysql/lib/Pool.js:110:5)
    at Ping.<anonymous> (/home/appzetoa/public_html/daliyhisab/server/node_modules/mysql/lib/Connection.js:526:10)
    at Ping._callback (/home/appzetoa/public_html/daliyhisab/server/node_modules/mysql/lib/Connection.js:488:16)
    at Sequence.end (/home/appzetoa/public_html/daliyhisab/server/node_modules/mysql/lib/protocol/sequences/Sequence.js:83:24)
    at Sequence.OkPacket (/home/appzetoa/public_html/daliyhisab/server/node_modules/mysql/lib/protocol/sequences/Sequence.js:92:8)
    at Protocol._parsePacket (/home/appzetoa/public_html/daliyhisab/server/node_modules/mysql/lib/protocol/Protocol.js:291:23)
    at Parser._parsePacket (/home/appzetoa/public_html/daliyhisab/server/node_modules/mysql/lib/protocol/Parser.js:433:10) {
  code: 'ER_NO_SUCH_TABLE',
  errno: 1146,
  sqlMessage: "Table 'appzetoa_daily_hisab.reminder_master' doesn't exist",
  sqlState: '42S02',
  index: 0,
  sql: 'DELETE FROM reminder_master WHERE user_id = 30'
}
❌ Query error: ER_NO_SUCH_TABLE: Table 'appzetoa_daily_hisab.recurring_payment_master' doesn't exist
Query: DELETE FROM recurring_payment_master WHERE user_id = ?...
Error deleting recurring payments: Error: ER_NO_SUCH_TABLE: Table 'appzetoa_daily_hisab.recurring_payment_master' doesn't exist
    at Sequence._packetToError (/home/appzetoa/public_html/daliyhisab/server/node_modules/mysql/lib/protocol/sequences/Sequence.js:47:14)
    at Query.ErrorPacket (/home/appzetoa/public_html/daliyhisab/server/node_modules/mysql/lib/protocol/sequences/Query.js:79:18)
    at Protocol._parsePacket (/home/appzetoa/public_html/daliyhisab/server/node_modules/mysql/lib/protocol/Protocol.js:291:23)
    at Parser._parsePacket (/home/appzetoa/public_html/daliyhisab/server/node_modules/mysql/lib/protocol/Parser.js:433:10)
    at Parser.write (/home/appzetoa/public_html/daliyhisab/server/node_modules/mysql/lib/protocol/Parser.js:43:10)
    at Protocol.write (/home/appzetoa/public_html/daliyhisab/server/node_modules/mysql/lib/protocol/Protocol.js:38:16)
    at Socket.<anonymous> (/home/appzetoa/public_html/daliyhisab/server/node_modules/mysql/lib/Connection.js:88:28)
    at Socket.<anonymous> (/home/appzetoa/public_html/daliyhisab/server/node_modules/mysql/lib/Connection.js:526:10)
    at Socket.emit (node:events:524:28)
    at addChunk (node:internal/streams/readable:561:12)
    --------------------
    at Protocol._enqueue (/home/appzetoa/public_html/daliyhisab/server/node_modules/mysql/lib/protocol/Protocol.js:144:48)
    at PoolConnection.query (/home/appzetoa/public_html/daliyhisab/server/node_modules/mysql/lib/Connection.js:198:25)
    at file:///home/appzetoa/public_html/daliyhisab/server/connection/dbConfig.js:119:18
    at Ping.onOperationComplete (/home/appzetoa/public_html/daliyhisab/server/node_modules/mysql/lib/Pool.js:110:5)
    at Ping.<anonymous> (/home/appzetoa/public_html/daliyhisab/server/node_modules/mysql/lib/Connection.js:526:10)
    at Ping._callback (/home/appzetoa/public_html/daliyhisab/server/node_modules/mysql/lib/Connection.js:488:16)
    at Sequence.end (/home/appzetoa/public_html/daliyhisab/server/node_modules/mysql/lib/protocol/sequences/Sequence.js:83:24)
    at Sequence.OkPacket (/home/appzetoa/public_html/daliyhisab/server/node_modules/mysql/lib/protocol/sequences/Sequence.js:92:8)
    at Protocol._parsePacket (/home/appzetoa/public_html/daliyhisab/server/node_modules/mysql/lib/protocol/Protocol.js:291:23)
    at Parser._parsePacket (/home/appzetoa/public_html/daliyhisab/server/node_modules/mysql/lib/protocol/Parser.js:433:10) {
  code: 'ER_NO_SUCH_TABLE',
  errno: 1146,
  sqlMessage: "Table 'appzetoa_daily_hisab.recurring_payment_master' doesn't exist",
  sqlState: '42S02',
  index: 0,
  sql: 'DELETE FROM recurring_payment_master WHERE user_id = 30'
}
❌ Query error: ER_NO_SUCH_TABLE: Table 'appzetoa_daily_hisab.notification_master' doesn't exist
Query: DELETE FROM notification_master WHERE user_id = ?...
Error deleting notifications: Error: ER_NO_SUCH_TABLE: Table 'appzetoa_daily_hisab.notification_master' doesn't exist
    at Sequence._packetToError (/home/appzetoa/public_html/daliyhisab/server/node_modules/mysql/lib/protocol/sequences/Sequence.js:47:14)
    at Query.ErrorPacket (/home/appzetoa/public_html/daliyhisab/server/node_modules/mysql/lib/protocol/sequences/Query.js:79:18)
    at Protocol._parsePacket (/home/appzetoa/public_html/daliyhisab/server/node_modules/mysql/lib/protocol/Protocol.js:291:23)
    at Parser._parsePacket (/home/appzetoa/public_html/daliyhisab/server/node_modules/mysql/lib/protocol/Parser.js:433:10)
    at Parser.write (/home/appzetoa/public_html/daliyhisab/server/node_modules/mysql/lib/protocol/Parser.js:43:10)
    at Protocol.write (/home/appzetoa/public_html/daliyhisab/server/node_modules/mysql/lib/protocol/Protocol.js:38:16)
    at Socket.<anonymous> (/home/appzetoa/public_html/daliyhisab/server/node_modules/mysql/lib/Connection.js:88:28)
    at Socket.<anonymous> (/home/appzetoa/public_html/daliyhisab/server/node_modules/mysql/lib/Connection.js:526:10)
    at Socket.emit (node:events:524:28)
    at addChunk (node:internal/streams/readable:561:12)
    --------------------
    at Protocol._enqueue (/home/appzetoa/public_html/daliyhisab/server/node_modules/mysql/lib/protocol/Protocol.js:144:48)
    at PoolConnection.query (/home/appzetoa/public_html/daliyhisab/server/node_modules/mysql/lib/Connection.js:198:25)
    at file:///home/appzetoa/public_html/daliyhisab/server/connection/dbConfig.js:119:18
    at Ping.onOperationComplete (/home/appzetoa/public_html/daliyhisab/server/node_modules/mysql/lib/Pool.js:110:5)
    at Ping.<anonymous> (/home/appzetoa/public_html/daliyhisab/server/node_modules/mysql/lib/Connection.js:526:10)
    at Ping._callback (/home/appzetoa/public_html/daliyhisab/server/node_modules/mysql/lib/Connection.js:488:16)
    at Sequence.end (/home/appzetoa/public_html/daliyhisab/server/node_modules/mysql/lib/protocol/sequences/Sequence.js:83:24)
    at Sequence.OkPacket (/home/appzetoa/public_html/daliyhisab/server/node_modules/mysql/lib/protocol/sequences/Sequence.js:92:8)
    at Protocol._parsePacket (/home/appzetoa/public_html/daliyhisab/server/node_modules/mysql/lib/protocol/Protocol.js:291:23)
    at Parser._parsePacket (/home/appzetoa/public_html/daliyhisab/server/node_modules/mysql/lib/protocol/Parser.js:433:10) {
  code: 'ER_NO_SUCH_TABLE',
  errno: 1146,
  sqlMessage: "Table 'appzetoa_daily_hisab.notification_master' doesn't exist",
  sqlState: '42S02',
  index: 0,
  sql: 'DELETE FROM notification_master WHERE user_id = 30'
}
❌ Query error: ER_NO_SUCH_TABLE: Table 'appzetoa_daily_hisab.reminder_master' doesn't exist
Query: DELETE FROM reminder_master WHERE user_id = ?...
Error deleting reminders: Error: ER_NO_SUCH_TABLE: Table 'appzetoa_daily_hisab.reminder_master' doesn't exist
    at Sequence._packetToError (/home/appzetoa/public_html/daliyhisab/server/node_modules/mysql/lib/protocol/sequences/Sequence.js:47:14)
    at Query.ErrorPacket (/home/appzetoa/public_html/daliyhisab/server/node_modules/mysql/lib/protocol/sequences/Query.js:79:18)
    at Protocol._parsePacket (/home/appzetoa/public_html/daliyhisab/server/node_modules/mysql/lib/protocol/Protocol.js:291:23)
    at Parser._parsePacket (/home/appzetoa/public_html/daliyhisab/server/node_modules/mysql/lib/protocol/Parser.js:433:10)
    at Parser.write (/home/appzetoa/public_html/daliyhisab/server/node_modules/mysql/lib/protocol/Parser.js:43:10)
    at Protocol.write (/home/appzetoa/public_html/daliyhisab/server/node_modules/mysql/lib/protocol/Protocol.js:38:16)
    at Socket.<anonymous> (/home/appzetoa/public_html/daliyhisab/server/node_modules/mysql/lib/Connection.js:88:28)
    at Socket.<anonymous> (/home/appzetoa/public_html/daliyhisab/server/node_modules/mysql/lib/Connection.js:526:10)
    at Socket.emit (node:events:524:28)
    at addChunk (node:internal/streams/readable:561:12)
    --------------------
    at Protocol._enqueue (/home/appzetoa/public_html/daliyhisab/server/node_modules/mysql/lib/protocol/Protocol.js:144:48)
    at PoolConnection.query (/home/appzetoa/public_html/daliyhisab/server/node_modules/mysql/lib/Connection.js:198:25)
    at file:///home/appzetoa/public_html/daliyhisab/server/connection/dbConfig.js:119:18
    at Ping.onOperationComplete (/home/appzetoa/public_html/daliyhisab/server/node_modules/mysql/lib/Pool.js:110:5)
    at Ping.<anonymous> (/home/appzetoa/public_html/daliyhisab/server/node_modules/mysql/lib/Connection.js:526:10)
    at Ping._callback (/home/appzetoa/public_html/daliyhisab/server/node_modules/mysql/lib/Connection.js:488:16)
    at Sequence.end (/home/appzetoa/public_html/daliyhisab/server/node_modules/mysql/lib/protocol/sequences/Sequence.js:83:24)
    at Sequence.OkPacket (/home/appzetoa/public_html/daliyhisab/server/node_modules/mysql/lib/protocol/sequences/Sequence.js:92:8)
    at Protocol._parsePacket (/home/appzetoa/public_html/daliyhisab/server/node_modules/mysql/lib/protocol/Protocol.js:291:23)
    at Parser._parsePacket (/home/appzetoa/public_html/daliyhisab/server/node_modules/mysql/lib/protocol/Parser.js:433:10) {
  code: 'ER_NO_SUCH_TABLE',
  errno: 1146,
  sqlMessage: "Table 'appzetoa_daily_hisab.reminder_master' doesn't exist",
  sqlState: '42S02',
  index: 0,
  sql: 'DELETE FROM reminder_master WHERE user_id = 248'
}
❌ Query error: ER_NO_SUCH_TABLE: Table 'appzetoa_daily_hisab.recurring_payment_master' doesn't exist
Query: DELETE FROM recurring_payment_master WHERE user_id = ?...
Error deleting recurring payments: Error: ER_NO_SUCH_TABLE: Table 'appzetoa_daily_hisab.recurring_payment_master' doesn't exist
    at Sequence._packetToError (/home/appzetoa/public_html/daliyhisab/server/node_modules/mysql/lib/protocol/sequences/Sequence.js:47:14)
    at Query.ErrorPacket (/home/appzetoa/public_html/daliyhisab/server/node_modules/mysql/lib/protocol/sequences/Query.js:79:18)
    at Protocol._parsePacket (/home/appzetoa/public_html/daliyhisab/server/node_modules/mysql/lib/protocol/Protocol.js:291:23)
    at Parser._parsePacket (/home/appzetoa/public_html/daliyhisab/server/node_modules/mysql/lib/protocol/Parser.js:433:10)
    at Parser.write (/home/appzetoa/public_html/daliyhisab/server/node_modules/mysql/lib/protocol/Parser.js:43:10)
    at Protocol.write (/home/appzetoa/public_html/daliyhisab/server/node_modules/mysql/lib/protocol/Protocol.js:38:16)
    at Socket.<anonymous> (/home/appzetoa/public_html/daliyhisab/server/node_modules/mysql/lib/Connection.js:88:28)
    at Socket.<anonymous> (/home/appzetoa/public_html/daliyhisab/server/node_modules/mysql/lib/Connection.js:526:10)
    at Socket.emit (node:events:524:28)
    at addChunk (node:internal/streams/readable:561:12)
    --------------------
    at Protocol._enqueue (/home/appzetoa/public_html/daliyhisab/server/node_modules/mysql/lib/protocol/Protocol.js:144:48)
    at PoolConnection.query (/home/appzetoa/public_html/daliyhisab/server/node_modules/mysql/lib/Connection.js:198:25)
    at file:///home/appzetoa/public_html/daliyhisab/server/connection/dbConfig.js:119:18
    at Ping.onOperationComplete (/home/appzetoa/public_html/daliyhisab/server/node_modules/mysql/lib/Pool.js:110:5)
    at Ping.<anonymous> (/home/appzetoa/public_html/daliyhisab/server/node_modules/mysql/lib/Connection.js:526:10)
    at Ping._callback (/home/appzetoa/public_html/daliyhisab/server/node_modules/mysql/lib/Connection.js:488:16)
    at Sequence.end (/home/appzetoa/public_html/daliyhisab/server/node_modules/mysql/lib/protocol/sequences/Sequence.js:83:24)
    at Sequence.OkPacket (/home/appzetoa/public_html/daliyhisab/server/node_modules/mysql/lib/protocol/sequences/Sequence.js:92:8)
    at Protocol._parsePacket (/home/appzetoa/public_html/daliyhisab/server/node_modules/mysql/lib/protocol/Protocol.js:291:23)
    at Parser._parsePacket (/home/appzetoa/public_html/daliyhisab/server/node_modules/mysql/lib/protocol/Parser.js:433:10) {
  code: 'ER_NO_SUCH_TABLE',
  errno: 1146,
  sqlMessage: "Table 'appzetoa_daily_hisab.recurring_payment_master' doesn't exist",
  sqlState: '42S02',
  index: 0,
  sql: 'DELETE FROM recurring_payment_master WHERE user_id = 248'
}
❌ Query error: ER_NO_SUCH_TABLE: Table 'appzetoa_daily_hisab.notification_master' doesn't exist
Query: DELETE FROM notification_master WHERE user_id = ?...
Error deleting notifications: Error: ER_NO_SUCH_TABLE: Table 'appzetoa_daily_hisab.notification_master' doesn't exist
    at Sequence._packetToError (/home/appzetoa/public_html/daliyhisab/server/node_modules/mysql/lib/protocol/sequences/Sequence.js:47:14)
    at Query.ErrorPacket (/home/appzetoa/public_html/daliyhisab/server/node_modules/mysql/lib/protocol/sequences/Query.js:79:18)
    at Protocol._parsePacket (/home/appzetoa/public_html/daliyhisab/server/node_modules/mysql/lib/protocol/Protocol.js:291:23)
    at Parser._parsePacket (/home/appzetoa/public_html/daliyhisab/server/node_modules/mysql/lib/protocol/Parser.js:433:10)
    at Parser.write (/home/appzetoa/public_html/daliyhisab/server/node_modules/mysql/lib/protocol/Parser.js:43:10)
    at Protocol.write (/home/appzetoa/public_html/daliyhisab/server/node_modules/mysql/lib/protocol/Protocol.js:38:16)
    at Socket.<anonymous> (/home/appzetoa/public_html/daliyhisab/server/node_modules/mysql/lib/Connection.js:88:28)
    at Socket.<anonymous> (/home/appzetoa/public_html/daliyhisab/server/node_modules/mysql/lib/Connection.js:526:10)
    at Socket.emit (node:events:524:28)
    at addChunk (node:internal/streams/readable:561:12)
    --------------------
    at Protocol._enqueue (/home/appzetoa/public_html/daliyhisab/server/node_modules/mysql/lib/protocol/Protocol.js:144:48)
    at PoolConnection.query (/home/appzetoa/public_html/daliyhisab/server/node_modules/mysql/lib/Connection.js:198:25)
    at file:///home/appzetoa/public_html/daliyhisab/server/connection/dbConfig.js:119:18
    at Ping.onOperationComplete (/home/appzetoa/public_html/daliyhisab/server/node_modules/mysql/lib/Pool.js:110:5)
    at Ping.<anonymous> (/home/appzetoa/public_html/daliyhisab/server/node_modules/mysql/lib/Connection.js:526:10)
    at Ping._callback (/home/appzetoa/public_html/daliyhisab/server/node_modules/mysql/lib/Connection.js:488:16)
    at Sequence.end (/home/appzetoa/public_html/daliyhisab/server/node_modules/mysql/lib/protocol/sequences/Sequence.js:83:24)
    at Sequence.OkPacket (/home/appzetoa/public_html/daliyhisab/server/node_modules/mysql/lib/protocol/sequences/Sequence.js:92:8)
    at Protocol._parsePacket (/home/appzetoa/public_html/daliyhisab/server/node_modules/mysql/lib/protocol/Protocol.js:291:23)
    at Parser._parsePacket (/home/appzetoa/public_html/daliyhisab/server/node_modules/mysql/lib/protocol/Parser.js:433:10) {
  code: 'ER_NO_SUCH_TABLE',
  errno: 1146,
  sqlMessage: "Table 'appzetoa_daily_hisab.notification_master' doesn't exist",
  sqlState: '42S02',
  index: 0,
  sql: 'DELETE FROM notification_master WHERE user_id = 248'
}
❌ Query error: ER_NO_SUCH_TABLE: Table 'appzetoa_daily_hisab.referral_master' doesn't exist
Query: 
      SELECT 
        COUNT(DISTINCT user_id) as unique_users,
        COUNT(*) as total_referrals,...
❌ Query error: ER_NO_SUCH_TABLE: Table 'appzetoa_daily_hisab.referral_master' doesn't exist
Query: 
      SELECT 
        COUNT(DISTINCT user_id) as unique_users,
        COUNT(*) as total_referrals,...
❌ Query error: ER_NO_SUCH_TABLE: Table 'appzetoa_daily_hisab.referral_master' doesn't exist
Query: 
      SELECT 
        COUNT(DISTINCT user_id) as unique_users,
        COUNT(*) as total_referrals,...
❌ Query error: ER_NO_SUCH_TABLE: Table 'appzetoa_daily_hisab.referral_master' doesn't exist
Query: 
      SELECT 
        COUNT(DISTINCT user_id) as unique_users,
        COUNT(*) as total_referrals,...
❌ Query error: ER_NO_SUCH_TABLE: Table 'appzetoa_daily_hisab.referral_master' doesn't exist
Query: 
      SELECT 
        COUNT(DISTINCT user_id) as unique_users,
        COUNT(*) as total_referrals,...
❌ Query error: ER_NO_SUCH_TABLE: Table 'appzetoa_daily_hisab.referral_master' doesn't exist
Query: 
      SELECT 
        COUNT(DISTINCT user_id) as unique_users,
        COUNT(*) as total_referrals,...
❌ Query error: ER_NO_SUCH_TABLE: Table 'appzetoa_daily_hisab.referral_master' doesn't exist
Query: 
      SELECT 
        COUNT(DISTINCT user_id) as unique_users,
        COUNT(*) as total_referrals,...
❌ Query error: ER_NO_SUCH_TABLE: Table 'appzetoa_daily_hisab.referral_master' doesn't exist
Query: 
      SELECT 
        COUNT(DISTINCT user_id) as unique_users,
        COUNT(*) as total_referrals,...
❌ Query error: ER_NO_SUCH_TABLE: Table 'appzetoa_daily_hisab.referral_master' doesn't exist
Query: 
      SELECT 
        COUNT(DISTINCT user_id) as unique_users,
        COUNT(*) as total_referrals,...
❌ Query error: ER_NO_SUCH_TABLE: Table 'appzetoa_daily_hisab.referral_master' doesn't exist
Query: 
      SELECT 
        COUNT(DISTINCT user_id) as unique_users,
        COUNT(*) as total_referrals,...
❌ Query error: ER_NO_SUCH_TABLE: Table 'appzetoa_daily_hisab.referral_master' doesn't exist
Query: 
      SELECT 
        COUNT(DISTINCT user_id) as unique_users,
        COUNT(*) as total_referrals,...
❌ Query error: ER_NO_SUCH_TABLE: Table 'appzetoa_daily_hisab.referral_master' doesn't exist
Query: 
      SELECT 
        COUNT(DISTINCT user_id) as unique_users,
        COUNT(*) as total_referrals,...
❌ Query error: ER_NO_SUCH_TABLE: Table 'appzetoa_daily_hisab.referral_master' doesn't exist
Query: 
      SELECT 
        COUNT(DISTINCT user_id) as unique_users,
        COUNT(*) as total_referrals,...
❌ Query error: ER_NO_SUCH_TABLE: Table 'appzetoa_daily_hisab.referral_master' doesn't exist
Query: 
      SELECT 
        COUNT(DISTINCT user_id) as unique_users,
        COUNT(*) as total_referrals,...
❌ Query error: ER_NO_SUCH_TABLE: Table 'appzetoa_daily_hisab.reminder_master' doesn't exist
Query: DELETE FROM reminder_master WHERE user_id = ?...
Error deleting reminders: Error: ER_NO_SUCH_TABLE: Table 'appzetoa_daily_hisab.reminder_master' doesn't exist
    at Sequence._packetToError (/home/appzetoa/public_html/daliyhisab/server/node_modules/mysql/lib/protocol/sequences/Sequence.js:47:14)
    at Query.ErrorPacket (/home/appzetoa/public_html/daliyhisab/server/node_modules/mysql/lib/protocol/sequences/Query.js:79:18)
    at Protocol._parsePacket (/home/appzetoa/public_html/daliyhisab/server/node_modules/mysql/lib/protocol/Protocol.js:291:23)
    at Parser._parsePacket (/home/appzetoa/public_html/daliyhisab/server/node_modules/mysql/lib/protocol/Parser.js:433:10)
    at Parser.write (/home/appzetoa/public_html/daliyhisab/server/node_modules/mysql/lib/protocol/Parser.js:43:10)
    at Protocol.write (/home/appzetoa/public_html/daliyhisab/server/node_modules/mysql/lib/protocol/Protocol.js:38:16)
    at Socket.<anonymous> (/home/appzetoa/public_html/daliyhisab/server/node_modules/mysql/lib/Connection.js:88:28)
    at Socket.<anonymous> (/home/appzetoa/public_html/daliyhisab/server/node_modules/mysql/lib/Connection.js:526:10)
    at Socket.emit (node:events:524:28)
    at addChunk (node:internal/streams/readable:561:12)
    --------------------
    at Protocol._enqueue (/home/appzetoa/public_html/daliyhisab/server/node_modules/mysql/lib/protocol/Protocol.js:144:48)
    at PoolConnection.query (/home/appzetoa/public_html/daliyhisab/server/node_modules/mysql/lib/Connection.js:198:25)
    at file:///home/appzetoa/public_html/daliyhisab/server/connection/dbConfig.js:119:18
    at Ping.onOperationComplete (/home/appzetoa/public_html/daliyhisab/server/node_modules/mysql/lib/Pool.js:110:5)
    at Ping.<anonymous> (/home/appzetoa/public_html/daliyhisab/server/node_modules/mysql/lib/Connection.js:526:10)
    at Ping._callback (/home/appzetoa/public_html/daliyhisab/server/node_modules/mysql/lib/Connection.js:488:16)
    at Sequence.end (/home/appzetoa/public_html/daliyhisab/server/node_modules/mysql/lib/protocol/sequences/Sequence.js:83:24)
    at Sequence.OkPacket (/home/appzetoa/public_html/daliyhisab/server/node_modules/mysql/lib/protocol/sequences/Sequence.js:92:8)
    at Protocol._parsePacket (/home/appzetoa/public_html/daliyhisab/server/node_modules/mysql/lib/protocol/Protocol.js:291:23)
    at Parser._parsePacket (/home/appzetoa/public_html/daliyhisab/server/node_modules/mysql/lib/protocol/Parser.js:433:10) {
  code: 'ER_NO_SUCH_TABLE',
  errno: 1146,
  sqlMessage: "Table 'appzetoa_daily_hisab.reminder_master' doesn't exist",
  sqlState: '42S02',
  index: 0,
  sql: 'DELETE FROM reminder_master WHERE user_id = 250'
}
❌ Query error: ER_NO_SUCH_TABLE: Table 'appzetoa_daily_hisab.recurring_payment_master' doesn't exist
Query: DELETE FROM recurring_payment_master WHERE user_id = ?...
Error deleting recurring payments: Error: ER_NO_SUCH_TABLE: Table 'appzetoa_daily_hisab.recurring_payment_master' doesn't exist
    at Sequence._packetToError (/home/appzetoa/public_html/daliyhisab/server/node_modules/mysql/lib/protocol/sequences/Sequence.js:47:14)
    at Query.ErrorPacket (/home/appzetoa/public_html/daliyhisab/server/node_modules/mysql/lib/protocol/sequences/Query.js:79:18)
    at Protocol._parsePacket (/home/appzetoa/public_html/daliyhisab/server/node_modules/mysql/lib/protocol/Protocol.js:291:23)
    at Parser._parsePacket (/home/appzetoa/public_html/daliyhisab/server/node_modules/mysql/lib/protocol/Parser.js:433:10)
    at Parser.write (/home/appzetoa/public_html/daliyhisab/server/node_modules/mysql/lib/protocol/Parser.js:43:10)
    at Protocol.write (/home/appzetoa/public_html/daliyhisab/server/node_modules/mysql/lib/protocol/Protocol.js:38:16)
    at Socket.<anonymous> (/home/appzetoa/public_html/daliyhisab/server/node_modules/mysql/lib/Connection.js:88:28)
    at Socket.<anonymous> (/home/appzetoa/public_html/daliyhisab/server/node_modules/mysql/lib/Connection.js:526:10)
    at Socket.emit (node:events:524:28)
    at addChunk (node:internal/streams/readable:561:12)
    --------------------
    at Protocol._enqueue (/home/appzetoa/public_html/daliyhisab/server/node_modules/mysql/lib/protocol/Protocol.js:144:48)
    at PoolConnection.query (/home/appzetoa/public_html/daliyhisab/server/node_modules/mysql/lib/Connection.js:198:25)
    at file:///home/appzetoa/public_html/daliyhisab/server/connection/dbConfig.js:119:18
    at Ping.onOperationComplete (/home/appzetoa/public_html/daliyhisab/server/node_modules/mysql/lib/Pool.js:110:5)
    at Ping.<anonymous> (/home/appzetoa/public_html/daliyhisab/server/node_modules/mysql/lib/Connection.js:526:10)
    at Ping._callback (/home/appzetoa/public_html/daliyhisab/server/node_modules/mysql/lib/Connection.js:488:16)
    at Sequence.end (/home/appzetoa/public_html/daliyhisab/server/node_modules/mysql/lib/protocol/sequences/Sequence.js:83:24)
    at Sequence.OkPacket (/home/appzetoa/public_html/daliyhisab/server/node_modules/mysql/lib/protocol/sequences/Sequence.js:92:8)
    at Protocol._parsePacket (/home/appzetoa/public_html/daliyhisab/server/node_modules/mysql/lib/protocol/Protocol.js:291:23)
    at Parser._parsePacket (/home/appzetoa/public_html/daliyhisab/server/node_modules/mysql/lib/protocol/Parser.js:433:10) {
  code: 'ER_NO_SUCH_TABLE',
  errno: 1146,
  sqlMessage: "Table 'appzetoa_daily_hisab.recurring_payment_master' doesn't exist",
  sqlState: '42S02',
  index: 0,
  sql: 'DELETE FROM recurring_payment_master WHERE user_id = 250'
}
❌ Query error: ER_NO_SUCH_TABLE: Table 'appzetoa_daily_hisab.notification_master' doesn't exist
Query: DELETE FROM notification_master WHERE user_id = ?...
Error deleting notifications: Error: ER_NO_SUCH_TABLE: Table 'appzetoa_daily_hisab.notification_master' doesn't exist
    at Sequence._packetToError (/home/appzetoa/public_html/daliyhisab/server/node_modules/mysql/lib/protocol/sequences/Sequence.js:47:14)
    at Query.ErrorPacket (/home/appzetoa/public_html/daliyhisab/server/node_modules/mysql/lib/protocol/sequences/Query.js:79:18)
    at Protocol._parsePacket (/home/appzetoa/public_html/daliyhisab/server/node_modules/mysql/lib/protocol/Protocol.js:291:23)
    at Parser._parsePacket (/home/appzetoa/public_html/daliyhisab/server/node_modules/mysql/lib/protocol/Parser.js:433:10)
    at Parser.write (/home/appzetoa/public_html/daliyhisab/server/node_modules/mysql/lib/protocol/Parser.js:43:10)
    at Protocol.write (/home/appzetoa/public_html/daliyhisab/server/node_modules/mysql/lib/protocol/Protocol.js:38:16)
    at Socket.<anonymous> (/home/appzetoa/public_html/daliyhisab/server/node_modules/mysql/lib/Connection.js:88:28)
    at Socket.<anonymous> (/home/appzetoa/public_html/daliyhisab/server/node_modules/mysql/lib/Connection.js:526:10)
    at Socket.emit (node:events:524:28)
    at addChunk (node:internal/streams/readable:561:12)
    --------------------
    at Protocol._enqueue (/home/appzetoa/public_html/daliyhisab/server/node_modules/mysql/lib/protocol/Protocol.js:144:48)
    at PoolConnection.query (/home/appzetoa/public_html/daliyhisab/server/node_modules/mysql/lib/Connection.js:198:25)
    at file:///home/appzetoa/public_html/daliyhisab/server/connection/dbConfig.js:119:18
    at Ping.onOperationComplete (/home/appzetoa/public_html/daliyhisab/server/node_modules/mysql/lib/Pool.js:110:5)
    at Ping.<anonymous> (/home/appzetoa/public_html/daliyhisab/server/node_modules/mysql/lib/Connection.js:526:10)
    at Ping._callback (/home/appzetoa/public_html/daliyhisab/server/node_modules/mysql/lib/Connection.js:488:16)
    at Sequence.end (/home/appzetoa/public_html/daliyhisab/server/node_modules/mysql/lib/protocol/sequences/Sequence.js:83:24)
    at Sequence.OkPacket (/home/appzetoa/public_html/daliyhisab/server/node_modules/mysql/lib/protocol/sequences/Sequence.js:92:8)
    at Protocol._parsePacket (/home/appzetoa/public_html/daliyhisab/server/node_modules/mysql/lib/protocol/Protocol.js:291:23)
    at Parser._parsePacket (/home/appzetoa/public_html/daliyhisab/server/node_modules/mysql/lib/protocol/Parser.js:433:10) {
  code: 'ER_NO_SUCH_TABLE',
  errno: 1146,
  sqlMessage: "Table 'appzetoa_daily_hisab.notification_master' doesn't exist",
  sqlState: '42S02',
  index: 0,
  sql: 'DELETE FROM notification_master WHERE user_id = 250'
}
❌ Query error: ER_NO_SUCH_TABLE: Table 'appzetoa_daily_hisab.reminder_master' doesn't exist
Query: DELETE FROM reminder_master WHERE user_id = ?...
Error deleting reminders: Error: ER_NO_SUCH_TABLE: Table 'appzetoa_daily_hisab.reminder_master' doesn't exist
    at Sequence._packetToError (/home/appzetoa/public_html/daliyhisab/server/node_modules/mysql/lib/protocol/sequences/Sequence.js:47:14)
    at Query.ErrorPacket (/home/appzetoa/public_html/daliyhisab/server/node_modules/mysql/lib/protocol/sequences/Query.js:79:18)
    at Protocol._parsePacket (/home/appzetoa/public_html/daliyhisab/server/node_modules/mysql/lib/protocol/Protocol.js:291:23)
    at Parser._parsePacket (/home/appzetoa/public_html/daliyhisab/server/node_modules/mysql/lib/protocol/Parser.js:433:10)
    at Parser.write (/home/appzetoa/public_html/daliyhisab/server/node_modules/mysql/lib/protocol/Parser.js:43:10)
    at Protocol.write (/home/appzetoa/public_html/daliyhisab/server/node_modules/mysql/lib/protocol/Protocol.js:38:16)
    at Socket.<anonymous> (/home/appzetoa/public_html/daliyhisab/server/node_modules/mysql/lib/Connection.js:88:28)
    at Socket.<anonymous> (/home/appzetoa/public_html/daliyhisab/server/node_modules/mysql/lib/Connection.js:526:10)
    at Socket.emit (node:events:524:28)
    at addChunk (node:internal/streams/readable:561:12)
    --------------------
    at Protocol._enqueue (/home/appzetoa/public_html/daliyhisab/server/node_modules/mysql/lib/protocol/Protocol.js:144:48)
    at PoolConnection.query (/home/appzetoa/public_html/daliyhisab/server/node_modules/mysql/lib/Connection.js:198:25)
    at file:///home/appzetoa/public_html/daliyhisab/server/connection/dbConfig.js:119:18
    at Ping.onOperationComplete (/home/appzetoa/public_html/daliyhisab/server/node_modules/mysql/lib/Pool.js:110:5)
    at Ping.<anonymous> (/home/appzetoa/public_html/daliyhisab/server/node_modules/mysql/lib/Connection.js:526:10)
    at Ping._callback (/home/appzetoa/public_html/daliyhisab/server/node_modules/mysql/lib/Connection.js:488:16)
    at Sequence.end (/home/appzetoa/public_html/daliyhisab/server/node_modules/mysql/lib/protocol/sequences/Sequence.js:83:24)
    at Sequence.OkPacket (/home/appzetoa/public_html/daliyhisab/server/node_modules/mysql/lib/protocol/sequences/Sequence.js:92:8)
    at Protocol._parsePacket (/home/appzetoa/public_html/daliyhisab/server/node_modules/mysql/lib/protocol/Protocol.js:291:23)
    at Parser._parsePacket (/home/appzetoa/public_html/daliyhisab/server/node_modules/mysql/lib/protocol/Parser.js:433:10) {
  code: 'ER_NO_SUCH_TABLE',
  errno: 1146,
  sqlMessage: "Table 'appzetoa_daily_hisab.reminder_master' doesn't exist",
  sqlState: '42S02',
  index: 0,
  sql: 'DELETE FROM reminder_master WHERE user_id = 47'
}
❌ Query error: ER_NO_SUCH_TABLE: Table 'appzetoa_daily_hisab.recurring_payment_master' doesn't exist
Query: DELETE FROM recurring_payment_master WHERE user_id = ?...
Error deleting recurring payments: Error: ER_NO_SUCH_TABLE: Table 'appzetoa_daily_hisab.recurring_payment_master' doesn't exist
    at Sequence._packetToError (/home/appzetoa/public_html/daliyhisab/server/node_modules/mysql/lib/protocol/sequences/Sequence.js:47:14)
    at Query.ErrorPacket (/home/appzetoa/public_html/daliyhisab/server/node_modules/mysql/lib/protocol/sequences/Query.js:79:18)
    at Protocol._parsePacket (/home/appzetoa/public_html/daliyhisab/server/node_modules/mysql/lib/protocol/Protocol.js:291:23)
    at Parser._parsePacket (/home/appzetoa/public_html/daliyhisab/server/node_modules/mysql/lib/protocol/Parser.js:433:10)
    at Parser.write (/home/appzetoa/public_html/daliyhisab/server/node_modules/mysql/lib/protocol/Parser.js:43:10)
    at Protocol.write (/home/appzetoa/public_html/daliyhisab/server/node_modules/mysql/lib/protocol/Protocol.js:38:16)
    at Socket.<anonymous> (/home/appzetoa/public_html/daliyhisab/server/node_modules/mysql/lib/Connection.js:88:28)
    at Socket.<anonymous> (/home/appzetoa/public_html/daliyhisab/server/node_modules/mysql/lib/Connection.js:526:10)
    at Socket.emit (node:events:524:28)
    at addChunk (node:internal/streams/readable:561:12)
    --------------------
    at Protocol._enqueue (/home/appzetoa/public_html/daliyhisab/server/node_modules/mysql/lib/protocol/Protocol.js:144:48)
    at PoolConnection.query (/home/appzetoa/public_html/daliyhisab/server/node_modules/mysql/lib/Connection.js:198:25)
    at file:///home/appzetoa/public_html/daliyhisab/server/connection/dbConfig.js:119:18
    at Ping.onOperationComplete (/home/appzetoa/public_html/daliyhisab/server/node_modules/mysql/lib/Pool.js:110:5)
    at Ping.<anonymous> (/home/appzetoa/public_html/daliyhisab/server/node_modules/mysql/lib/Connection.js:526:10)
    at Ping._callback (/home/appzetoa/public_html/daliyhisab/server/node_modules/mysql/lib/Connection.js:488:16)
    at Sequence.end (/home/appzetoa/public_html/daliyhisab/server/node_modules/mysql/lib/protocol/sequences/Sequence.js:83:24)
    at Sequence.OkPacket (/home/appzetoa/public_html/daliyhisab/server/node_modules/mysql/lib/protocol/sequences/Sequence.js:92:8)
    at Protocol._parsePacket (/home/appzetoa/public_html/daliyhisab/server/node_modules/mysql/lib/protocol/Protocol.js:291:23)
    at Parser._parsePacket (/home/appzetoa/public_html/daliyhisab/server/node_modules/mysql/lib/protocol/Parser.js:433:10) {
  code: 'ER_NO_SUCH_TABLE',
  errno: 1146,
  sqlMessage: "Table 'appzetoa_daily_hisab.recurring_payment_master' doesn't exist",
  sqlState: '42S02',
  index: 0,
  sql: 'DELETE FROM recurring_payment_master WHERE user_id = 47'
}
❌ Query error: ER_NO_SUCH_TABLE: Table 'appzetoa_daily_hisab.notification_master' doesn't exist
Query: DELETE FROM notification_master WHERE user_id = ?...
Error deleting notifications: Error: ER_NO_SUCH_TABLE: Table 'appzetoa_daily_hisab.notification_master' doesn't exist
    at Sequence._packetToError (/home/appzetoa/public_html/daliyhisab/server/node_modules/mysql/lib/protocol/sequences/Sequence.js:47:14)
    at Query.ErrorPacket (/home/appzetoa/public_html/daliyhisab/server/node_modules/mysql/lib/protocol/sequences/Query.js:79:18)
    at Protocol._parsePacket (/home/appzetoa/public_html/daliyhisab/server/node_modules/mysql/lib/protocol/Protocol.js:291:23)
    at Parser._parsePacket (/home/appzetoa/public_html/daliyhisab/server/node_modules/mysql/lib/protocol/Parser.js:433:10)
    at Parser.write (/home/appzetoa/public_html/daliyhisab/server/node_modules/mysql/lib/protocol/Parser.js:43:10)
    at Protocol.write (/home/appzetoa/public_html/daliyhisab/server/node_modules/mysql/lib/protocol/Protocol.js:38:16)
    at Socket.<anonymous> (/home/appzetoa/public_html/daliyhisab/server/node_modules/mysql/lib/Connection.js:88:28)
    at Socket.<anonymous> (/home/appzetoa/public_html/daliyhisab/server/node_modules/mysql/lib/Connection.js:526:10)
    at Socket.emit (node:events:524:28)
    at addChunk (node:internal/streams/readable:561:12)
    --------------------
    at Protocol._enqueue (/home/appzetoa/public_html/daliyhisab/server/node_modules/mysql/lib/protocol/Protocol.js:144:48)
    at PoolConnection.query (/home/appzetoa/public_html/daliyhisab/server/node_modules/mysql/lib/Connection.js:198:25)
    at file:///home/appzetoa/public_html/daliyhisab/server/connection/dbConfig.js:119:18
    at Ping.onOperationComplete (/home/appzetoa/public_html/daliyhisab/server/node_modules/mysql/lib/Pool.js:110:5)
    at Ping.<anonymous> (/home/appzetoa/public_html/daliyhisab/server/node_modules/mysql/lib/Connection.js:526:10)
    at Ping._callback (/home/appzetoa/public_html/daliyhisab/server/node_modules/mysql/lib/Connection.js:488:16)
    at Sequence.end (/home/appzetoa/public_html/daliyhisab/server/node_modules/mysql/lib/protocol/sequences/Sequence.js:83:24)
    at Sequence.OkPacket (/home/appzetoa/public_html/daliyhisab/server/node_modules/mysql/lib/protocol/sequences/Sequence.js:92:8)
    at Protocol._parsePacket (/home/appzetoa/public_html/daliyhisab/server/node_modules/mysql/lib/protocol/Protocol.js:291:23)
    at Parser._parsePacket (/home/appzetoa/public_html/daliyhisab/server/node_modules/mysql/lib/protocol/Parser.js:433:10) {
  code: 'ER_NO_SUCH_TABLE',
  errno: 1146,
  sqlMessage: "Table 'appzetoa_daily_hisab.notification_master' doesn't exist",
  sqlState: '42S02',
  index: 0,
  sql: 'DELETE FROM notification_master WHERE user_id = 47'
}
❌ Query error: ER_NO_SUCH_TABLE: Table 'appzetoa_daily_hisab.referral_master' doesn't exist
Query: 
      SELECT 
        COUNT(DISTINCT user_id) as unique_users,
        COUNT(*) as total_referrals,...
❌ Query error: ER_NO_SUCH_TABLE: Table 'appzetoa_daily_hisab.referral_master' doesn't exist
Query: 
      SELECT 
        COUNT(DISTINCT user_id) as unique_users,
        COUNT(*) as total_referrals,...
❌ Query error: ER_NO_SUCH_TABLE: Table 'appzetoa_daily_hisab.referral_master' doesn't exist
Query: 
      SELECT 
        COUNT(DISTINCT user_id) as unique_users,
        COUNT(*) as total_referrals,...
❌ Query error: ER_NO_SUCH_TABLE: Table 'appzetoa_daily_hisab.referral_master' doesn't exist
Query: 
      SELECT 
        COUNT(DISTINCT user_id) as unique_users,
        COUNT(*) as total_referrals,...
❌ Query error: ER_NO_SUCH_TABLE: Table 'appzetoa_daily_hisab.referral_master' doesn't exist
Query: 
      SELECT 
        COUNT(DISTINCT user_id) as unique_users,
        COUNT(*) as total_referrals,...
❌ Query error: ER_NO_SUCH_TABLE: Table 'appzetoa_daily_hisab.referral_master' doesn't exist
Query: 
      SELECT 
        COUNT(DISTINCT user_id) as unique_users,
        COUNT(*) as total_referrals,...
❌ Query error: ER_NO_SUCH_TABLE: Table 'appzetoa_daily_hisab.referral_master' doesn't exist
Query: 
      SELECT 
        COUNT(DISTINCT user_id) as unique_users,
        COUNT(*) as total_referrals,...
❌ Query error: ER_NO_SUCH_TABLE: Table 'appzetoa_daily_hisab.referral_master' doesn't exist
Query: 
      SELECT 
        COUNT(DISTINCT user_id) as unique_users,
        COUNT(*) as total_referrals,...
❌ Query error: ER_NO_SUCH_TABLE: Table 'appzetoa_daily_hisab.referral_master' doesn't exist
Query: 
      SELECT 
        COUNT(DISTINCT user_id) as unique_users,
        COUNT(*) as total_referrals,...
❌ Query error: ER_NO_SUCH_TABLE: Table 'appzetoa_daily_hisab.referral_master' doesn't exist
Query: 
      SELECT 
        COUNT(DISTINCT user_id) as unique_users,
        COUNT(*) as total_referrals,...
❌ Query error: ER_NO_SUCH_TABLE: Table 'appzetoa_daily_hisab.referral_master' doesn't exist
Query: 
      SELECT 
        COUNT(DISTINCT user_id) as unique_users,
        COUNT(*) as total_referrals,...
❌ Query error: ER_NO_SUCH_TABLE: Table 'appzetoa_daily_hisab.referral_master' doesn't exist
Query: 
      SELECT 
        COUNT(DISTINCT user_id) as unique_users,
        COUNT(*) as total_referrals,...
❌ Query error: ER_NO_SUCH_TABLE: Table 'appzetoa_daily_hisab.referral_master' doesn't exist
Query: 
      SELECT 
        COUNT(DISTINCT user_id) as unique_users,
        COUNT(*) as total_referrals,...
❌ Query error: ER_NO_SUCH_TABLE: Table 'appzetoa_daily_hisab.referral_master' doesn't exist
Query: 
      SELECT 
        COUNT(DISTINCT user_id) as unique_users,
        COUNT(*) as total_referrals,...
Failed token 4: messaging/registration-token-not-registered Requested entity was not found.
Token: frqhSkTyTxiCGyCtc-IdVI:APA91bF...
Failed token 6: messaging/registration-token-not-registered Requested entity was not found.
Token: cMkDOM_hQ8Kpds3Oq5jUtl:APA91bG...
Failed token 10: messaging/registration-token-not-registered Requested entity was not found.
Token: cd5NeMtFShyHe0QUNemuPh:APA91bH...
Failed token 11: messaging/registration-token-not-registered Requested entity was not found.
Token: clLcZaQFRmGEfuU702R54H:APA91bF...
Failed token 12: messaging/registration-token-not-registered Requested entity was not found.
Token: e7gBPEmLROSvdJxJW63kL4:APA91bF...
Failed token 13: messaging/registration-token-not-registered Requested entity was not found.
Token: fpZ71bYySD6QpBZvXJclCK:APA91bH...
Failed token 14: messaging/registration-token-not-registered Requested entity was not found.
Token: dHm28oOeTPawbyaU7jOfew:APA91bH...
Failed token 16: messaging/registration-token-not-registered Requested entity was not found.
Token: drXnuHCoTeS1rs8PgpxYSY:APA91bG...
Failed token 17: messaging/registration-token-not-registered Requested entity was not found.
Token: dqS-S9FjSKKDahehRI4hZi:APA91bG...
Failed token 19: messaging/registration-token-not-registered Requested entity was not found.
Token: dpwRDUB8TyubAAAXK6P6Os:APA91bE...
Failed token 23: messaging/registration-token-not-registered Requested entity was not found.
Token: eVbNiTWIRrKogRmhEbPnHC:APA91bE...
Failed token 27: messaging/registration-token-not-registered Requested entity was not found.
Token: fvXqgufyTv6pSS9S-p-xSh:APA91bF...
Failed token 29: messaging/registration-token-not-registered Requested entity was not found.
Token: dRM_AtGsSLmgzDX_jANDYX:APA91bE...
Failed token 30: messaging/registration-token-not-registered Requested entity was not found.
Token: cCBej3PdRueN_SX64iZPHk:APA91bF...
Failed token 40: messaging/registration-token-not-registered Requested entity was not found.
Token: cRGogWPESdCTk6mWpNKu00:APA91bF...
Failed token 42: messaging/registration-token-not-registered Requested entity was not found.
Token: f68PGtsGTeaxRiTVYvtWHu:APA91bH...
Failed token 43: messaging/registration-token-not-registered Requested entity was not found.
Token: elFJDnm1Q7K2_6WJNEjscP:APA91bF...
Failed token 45: messaging/registration-token-not-registered Requested entity was not found.
Token: eSxb0DZeQHyg6ShW9h_3c4:APA91bH...
Failed token 50: messaging/registration-token-not-registered Requested entity was not found.
Token: erVIgOCqT5WBtjh11t-u7K:APA91bH...
Failed token 51: messaging/registration-token-not-registered Requested entity was not found.
Token: cLSW9UjyR-2x-Bpn89Vmwg:APA91bH...
Failed token 52: messaging/registration-token-not-registered Requested entity was not found.
Token: e9Ht9yo4Q6iX_9vZ2KMFUb:APA91bE...
Failed token 57: messaging/registration-token-not-registered NotRegistered
Token: cOf8_06KQJipJMBvO6QJEi:APA91bF...
Failed token 60: messaging/registration-token-not-registered Requested entity was not found.
Token: cRIZw1jkTU60G0YFhgaKc-:APA91bH...
Failed token 61: messaging/registration-token-not-registered Requested entity was not found.
Token: d-oMIjilTz-WbuRVmGGhFN:APA91bH...
Failed token 62: messaging/registration-token-not-registered Requested entity was not found.
Token: e3Wal5cqS7SJoiRdYeakdR:APA91bH...
Failed token 67: messaging/registration-token-not-registered Requested entity was not found.
Token: dM9_yGLATbOYKhn3myFUu7:APA91bF...
Failed token 68: messaging/registration-token-not-registered Requested entity was not found.
Token: dThRiQkySnGmArmsy6bizv:APA91bH...
Failed token 70: messaging/registration-token-not-registered Requested entity was not found.
Token: e69X1YEnQa6DDfPBn_agyq:APA91bF...
Failed token 74: messaging/registration-token-not-registered Requested entity was not found.
Token: dmvmbqQQS5u5Y8HPEiceoZ:APA91bF...
Failed token 76: messaging/registration-token-not-registered Requested entity was not found.
Token: dybpdhbJQeSJh7olChswxM:APA91bH...
Failed token 78: messaging/registration-token-not-registered Requested entity was not found.
Token: e9NbRGulS0ut5q2AvvtXyx:APA91bE...
Failed token 81: messaging/registration-token-not-registered Requested entity was not found.
Token: et8y9YJWRReGiz5knTRcb5:APA91bE...
Failed token 86: messaging/registration-token-not-registered Requested entity was not found.
Token: e_SIkg3-RVaGIA5BpoQ-gr:APA91bF...
Failed token 87: messaging/registration-token-not-registered Requested entity was not found.
Token: ees150J_QA24cH73t-Jg-9:APA91bE...
Failed token 89: messaging/registration-token-not-registered Requested entity was not found.
Token: fRb2VZM-SXS3grnj10xYE9:APA91bE...
Failed token 90: messaging/registration-token-not-registered Requested entity was not found.
Token: f3jTrAzcRp-Wjg7zd89bY4:APA91bH...
Failed token 91: messaging/registration-token-not-registered Requested entity was not found.
Token: dO6w-n8TRru-PzawgIagIw:APA91bH...
Failed token 95: messaging/registration-token-not-registered Requested entity was not found.
Token: f3emnLcvSQGYgqiX9f6qyG:APA91bF...
Failed token 97: messaging/registration-token-not-registered Requested entity was not found.
Token: d_KsS-GRTuKLAAOPFfvJnH:APA91bH...
Failed token 98: messaging/registration-token-not-registered Requested entity was not found.
Token: eGHe_-oSQv6NBAOvs_NO3K:APA91bF...
Failed token 99: messaging/registration-token-not-registered Requested entity was not found.
Token: f_lQ2wNtQFWlkNm0OQayN9:APA91bH...
❌ Query error: ER_NO_SUCH_TABLE: Table 'appzetoa_daily_hisab.referral_master' doesn't exist
Query: 
      SELECT 
        COUNT(DISTINCT user_id) as unique_users,
        COUNT(*) as total_referrals,...
❌ Query error: ER_NO_SUCH_TABLE: Table 'appzetoa_daily_hisab.referral_master' doesn't exist
Query: 
      SELECT 
        COUNT(DISTINCT user_id) as unique_users,
        COUNT(*) as total_referrals,...
❌ Query error: ER_NO_SUCH_TABLE: Table 'appzetoa_daily_hisab.referral_master' doesn't exist
Query: 
      SELECT 
        COUNT(DISTINCT user_id) as unique_users,
        COUNT(*) as total_referrals,...
❌ Query error: ER_NO_SUCH_TABLE: Table 'appzetoa_daily_hisab.referral_master' doesn't exist
Query: 
      SELECT 
        COUNT(DISTINCT user_id) as unique_users,
        COUNT(*) as total_referrals,...
❌ Query error: ER_NO_SUCH_TABLE: Table 'appzetoa_daily_hisab.referral_master' doesn't exist
Query: 
      SELECT 
        COUNT(DISTINCT user_id) as unique_users,
        COUNT(*) as total_referrals,...
❌ Query error: ER_NO_SUCH_TABLE: Table 'appzetoa_daily_hisab.referral_master' doesn't exist
Query: 
      SELECT 
        COUNT(DISTINCT user_id) as unique_users,
        COUNT(*) as total_referrals,...
❌ Query error: ER_NO_SUCH_TABLE: Table 'appzetoa_daily_hisab.referral_master' doesn't exist
Query: 
      SELECT 
        COUNT(DISTINCT user_id) as unique_users,
        COUNT(*) as total_referrals,...
❌ Query error: ER_NO_SUCH_TABLE: Table 'appzetoa_daily_hisab.referral_master' doesn't exist
Query: 
      SELECT 
        COUNT(DISTINCT user_id) as unique_users,
        COUNT(*) as total_referrals,...
❌ Query error: ER_NO_SUCH_TABLE: Table 'appzetoa_daily_hisab.referral_master' doesn't exist
Query: 
      SELECT 
        COUNT(DISTINCT user_id) as unique_users,
        COUNT(*) as total_referrals,...
❌ Query error: ER_NO_SUCH_TABLE: Table 'appzetoa_daily_hisab.referral_master' doesn't exist
Query: 
      SELECT 
        COUNT(DISTINCT user_id) as unique_users,
        COUNT(*) as total_referrals,...
❌ Query error: ER_NO_SUCH_TABLE: Table 'appzetoa_daily_hisab.referral_master' doesn't exist
Query: 
      SELECT 
        COUNT(DISTINCT user_id) as unique_users,
        COUNT(*) as total_referrals,...
❌ Query error: ER_NO_SUCH_TABLE: Table 'appzetoa_daily_hisab.referral_master' doesn't exist
Query: 
      SELECT 
        COUNT(DISTINCT user_id) as unique_users,
        COUNT(*) as total_referrals,...
❌ Query error: ER_NO_SUCH_TABLE: Table 'appzetoa_daily_hisab.referral_master' doesn't exist
Query: 
      SELECT 
        COUNT(DISTINCT user_id) as unique_users,
        COUNT(*) as total_referrals,...
❌ Query error: ER_NO_SUCH_TABLE: Table 'appzetoa_daily_hisab.referral_master' doesn't exist
Query: 
      SELECT 
        COUNT(DISTINCT user_id) as unique_users,
        COUNT(*) as total_referrals,...
❌ Query error: ER_NO_SUCH_TABLE: Table 'appzetoa_daily_hisab.referral_master' doesn't exist
Query: 
      SELECT 
        COUNT(DISTINCT user_id) as unique_users,
        COUNT(*) as total_referrals,...
❌ Query error: ER_NO_SUCH_TABLE: Table 'appzetoa_daily_hisab.referral_master' doesn't exist
Query: 
      SELECT 
        COUNT(DISTINCT user_id) as unique_users,
        COUNT(*) as total_referrals,...
❌ Query error: ER_NO_SUCH_TABLE: Table 'appzetoa_daily_hisab.referral_master' doesn't exist
Query: 
      SELECT 
        COUNT(DISTINCT user_id) as unique_users,
        COUNT(*) as total_referrals,...
❌ Query error: ER_NO_SUCH_TABLE: Table 'appzetoa_daily_hisab.referral_master' doesn't exist
Query: 
      SELECT 
        COUNT(DISTINCT user_id) as unique_users,
        COUNT(*) as total_referrals,...
❌ Query error: ER_NO_SUCH_TABLE: Table 'appzetoa_daily_hisab.referral_master' doesn't exist
Query: 
      SELECT 
        COUNT(DISTINCT user_id) as unique_users,
        COUNT(*) as total_referrals,...
❌ Query error: ER_NO_SUCH_TABLE: Table 'appzetoa_daily_hisab.referral_master' doesn't exist
Query: 
      SELECT 
        COUNT(DISTINCT user_id) as unique_users,
        COUNT(*) as total_referrals,...
❌ Query error: ER_NO_SUCH_TABLE: Table 'appzetoa_daily_hisab.referral_master' doesn't exist
Query: 
      SELECT 
        COUNT(DISTINCT user_id) as unique_users,
        COUNT(*) as total_referrals,...
❌ Query error: ER_NO_SUCH_TABLE: Table 'appzetoa_daily_hisab.referral_master' doesn't exist
Query: 
      SELECT 
        COUNT(DISTINCT user_id) as unique_users,
        COUNT(*) as total_referrals,...
❌ Query error: ER_NO_SUCH_TABLE: Table 'appzetoa_daily_hisab.referral_master' doesn't exist
Query: 
      SELECT 
        COUNT(DISTINCT user_id) as unique_users,
        COUNT(*) as total_referrals,...
❌ Query error: ER_NO_SUCH_TABLE: Table 'appzetoa_daily_hisab.referral_master' doesn't exist
Query: 
      SELECT 
        COUNT(DISTINCT user_id) as unique_users,
        COUNT(*) as total_referrals,...
❌ Query error: ER_NO_SUCH_TABLE: Table 'appzetoa_daily_hisab.referral_master' doesn't exist
Query: 
      SELECT 
        COUNT(DISTINCT user_id) as unique_users,
        COUNT(*) as total_referrals,...
❌ Query error: ER_NO_SUCH_TABLE: Table 'appzetoa_daily_hisab.referral_master' doesn't exist
Query: 
      SELECT 
        COUNT(DISTINCT user_id) as unique_users,
        COUNT(*) as total_referrals,...
❌ Query error: ER_NO_SUCH_TABLE: Table 'appzetoa_daily_hisab.referral_master' doesn't exist
Query: 
      SELECT 
        COUNT(DISTINCT user_id) as unique_users,
        COUNT(*) as total_referrals,...
❌ Query error: ER_NO_SUCH_TABLE: Table 'appzetoa_daily_hisab.referral_master' doesn't exist
Query: 
      SELECT 
        COUNT(DISTINCT user_id) as unique_users,
        COUNT(*) as total_referrals,...
❌ Query error: ER_NO_SUCH_TABLE: Table 'appzetoa_daily_hisab.referral_master' doesn't exist
Query: 
      SELECT 
        COUNT(DISTINCT user_id) as unique_users,
        COUNT(*) as total_referrals,...
❌ Query error: ER_NO_SUCH_TABLE: Table 'appzetoa_daily_hisab.referral_master' doesn't exist
Query: 
      SELECT 
        COUNT(DISTINCT user_id) as unique_users,
        COUNT(*) as total_referrals,...
❌ Query error: ER_NO_SUCH_TABLE: Table 'appzetoa_daily_hisab.referral_master' doesn't exist
Query: 
      SELECT 
        COUNT(DISTINCT user_id) as unique_users,
        COUNT(*) as total_referrals,...
❌ Query error: ER_NO_SUCH_TABLE: Table 'appzetoa_daily_hisab.referral_master' doesn't exist
Query: 
      SELECT 
        COUNT(DISTINCT user_id) as unique_users,
        COUNT(*) as total_referrals,...
❌ Query error: ER_NO_SUCH_TABLE: Table 'appzetoa_daily_hisab.referral_master' doesn't exist
Query: 
      SELECT 
        COUNT(DISTINCT user_id) as unique_users,
        COUNT(*) as total_referrals,...
❌ Query error: ER_NO_SUCH_TABLE: Table 'appzetoa_daily_hisab.referral_master' doesn't exist
Query: 
      SELECT 
        COUNT(DISTINCT user_id) as unique_users,
        COUNT(*) as total_referrals,...
❌ Query error: ER_NO_SUCH_TABLE: Table 'appzetoa_daily_hisab.referral_master' doesn't exist
Query: 
      SELECT 
        COUNT(DISTINCT user_id) as unique_users,
        COUNT(*) as total_referrals,...
❌ Query error: ER_NO_SUCH_TABLE: Table 'appzetoa_daily_hisab.referral_master' doesn't exist
Query: 
      SELECT 
        COUNT(DISTINCT user_id) as unique_users,
        COUNT(*) as total_referrals,...
❌ Query error: ER_NO_SUCH_TABLE: Table 'appzetoa_daily_hisab.referral_master' doesn't exist
Query: 
      SELECT 
        COUNT(DISTINCT user_id) as unique_users,
        COUNT(*) as total_referrals,...
❌ Query error: ER_NO_SUCH_TABLE: Table 'appzetoa_daily_hisab.referral_master' doesn't exist
Query: 
      SELECT 
        COUNT(DISTINCT user_id) as unique_users,
        COUNT(*) as total_referrals,...
❌ Query error: ER_NO_SUCH_TABLE: Table 'appzetoa_daily_hisab.referral_master' doesn't exist
Query: 
      SELECT 
        COUNT(DISTINCT user_id) as unique_users,
        COUNT(*) as total_referrals,...
❌ Query error: ER_NO_SUCH_TABLE: Table 'appzetoa_daily_hisab.referral_master' doesn't exist
Query: 
      SELECT 
        COUNT(DISTINCT user_id) as unique_users,
        COUNT(*) as total_referrals,...
❌ Query error: ER_NO_SUCH_TABLE: Table 'appzetoa_daily_hisab.referral_master' doesn't exist
Query: 
      SELECT 
        COUNT(DISTINCT user_id) as unique_users,
        COUNT(*) as total_referrals,...
❌ Query error: ER_NO_SUCH_TABLE: Table 'appzetoa_daily_hisab.referral_master' doesn't exist
Query: 
      SELECT 
        COUNT(DISTINCT user_id) as unique_users,
        COUNT(*) as total_referrals,...
❌ Query error: ER_BAD_FIELD_ERROR: Unknown column 'createtime' in 'field list'
Query: INSERT INTO language_master (code, name, native_name, sort_order, is_active, createtime, updatetime)...
❌ Query error: ER_BAD_FIELD_ERROR: Unknown column 'createtime' in 'field list'
Query: INSERT INTO language_master (code, name, native_name, sort_order, is_active, createtime, updatetime)...
❌ Query error: ER_BAD_FIELD_ERROR: Unknown column 'createtime' in 'field list'
Query: INSERT INTO language_master (code, name, native_name, sort_order, is_active, createtime, updatetime)...
❌ Query error: ER_NO_SUCH_TABLE: Table 'appzetoa_daily_hisab.referral_master' doesn't exist
Query: 
      SELECT 
        COUNT(DISTINCT user_id) as unique_users,
        COUNT(*) as total_referrals,...
❌ Query error: ER_NO_SUCH_TABLE: Table 'appzetoa_daily_hisab.referral_master' doesn't exist
Query: 
      SELECT 
        COUNT(DISTINCT user_id) as unique_users,
        COUNT(*) as total_referrals,...
❌ Query error: ER_NO_SUCH_TABLE: Table 'appzetoa_daily_hisab.referral_master' doesn't exist
Query: 
      SELECT 
        COUNT(DISTINCT user_id) as unique_users,
        COUNT(*) as total_referrals,...
❌ Query error: ER_NO_SUCH_TABLE: Table 'appzetoa_daily_hisab.referral_master' doesn't exist
Query: 
      SELECT 
        COUNT(DISTINCT user_id) as unique_users,
        COUNT(*) as total_referrals,...
❌ Query error: ER_NO_SUCH_TABLE: Table 'appzetoa_daily_hisab.referral_master' doesn't exist
Query: 
      SELECT 
        COUNT(DISTINCT user_id) as unique_users,
        COUNT(*) as total_referrals,...
❌ Query error: ER_NO_SUCH_TABLE: Table 'appzetoa_daily_hisab.referral_master' doesn't exist
Query: 
      SELECT 
        COUNT(DISTINCT user_id) as unique_users,
        COUNT(*) as total_referrals,...
❌ Query error: ER_NO_SUCH_TABLE: Table 'appzetoa_daily_hisab.referral_master' doesn't exist
Query: 
      SELECT 
        COUNT(DISTINCT user_id) as unique_users,
        COUNT(*) as total_referrals,...
❌ Query error: ER_NO_SUCH_TABLE: Table 'appzetoa_daily_hisab.referral_master' doesn't exist
Query: 
      SELECT 
        COUNT(DISTINCT user_id) as unique_users,
        COUNT(*) as total_referrals,...
❌ Query error: ER_NO_SUCH_TABLE: Table 'appzetoa_daily_hisab.referral_master' doesn't exist
Query: 
      SELECT 
        COUNT(DISTINCT user_id) as unique_users,
        COUNT(*) as total_referrals,...
❌ Query error: ER_NO_SUCH_TABLE: Table 'appzetoa_daily_hisab.referral_master' doesn't exist
Query: 
      SELECT 
        COUNT(DISTINCT user_id) as unique_users,
        COUNT(*) as total_referrals,...
❌ Query error: ER_NO_SUCH_TABLE: Table 'appzetoa_daily_hisab.referral_master' doesn't exist
Query: 
      SELECT 
        COUNT(DISTINCT user_id) as unique_users,
        COUNT(*) as total_referrals,...
❌ Query error: ER_NO_SUCH_TABLE: Table 'appzetoa_daily_hisab.referral_master' doesn't exist
Query: 
      SELECT 
        COUNT(DISTINCT user_id) as unique_users,
        COUNT(*) as total_referrals,...
❌ Query error: ER_NO_SUCH_TABLE: Table 'appzetoa_daily_hisab.referral_master' doesn't exist
Query: 
      SELECT 
        COUNT(DISTINCT user_id) as unique_users,
        COUNT(*) as total_referrals,...
❌ Query error: ER_NO_SUCH_TABLE: Table 'appzetoa_daily_hisab.referral_master' doesn't exist
Query: 
      SELECT 
        COUNT(DISTINCT user_id) as unique_users,
        COUNT(*) as total_referrals,...
❌ Query error: ER_NO_SUCH_TABLE: Table 'appzetoa_daily_hisab.reminder_master' doesn't exist
Query: DELETE FROM reminder_master WHERE user_id = ?...
❌ Query error: ER_NO_SUCH_TABLE: Table 'appzetoa_daily_hisab.recurring_payment_master' doesn't exist
Query: DELETE FROM recurring_payment_master WHERE user_id = ?...
❌ Query error: ER_NO_SUCH_TABLE: Table 'appzetoa_daily_hisab.notification_master' doesn't exist
Query: DELETE FROM notification_master WHERE user_id = ?...
❌ Query error: ER_NO_SUCH_TABLE: Table 'appzetoa_daily_hisab.reminder_master' doesn't exist
Query: DELETE FROM reminder_master WHERE user_id = ?...
Error deleting reminders: Error: ER_NO_SUCH_TABLE: Table 'appzetoa_daily_hisab.reminder_master' doesn't exist
    at Sequence._packetToError (/home/appzetoa/public_html/daliyhisab/server/node_modules/mysql/lib/protocol/sequences/Sequence.js:47:14)
    at Query.ErrorPacket (/home/appzetoa/public_html/daliyhisab/server/node_modules/mysql/lib/protocol/sequences/Query.js:79:18)
    at Protocol._parsePacket (/home/appzetoa/public_html/daliyhisab/server/node_modules/mysql/lib/protocol/Protocol.js:291:23)
    at Parser._parsePacket (/home/appzetoa/public_html/daliyhisab/server/node_modules/mysql/lib/protocol/Parser.js:433:10)
    at Parser.write (/home/appzetoa/public_html/daliyhisab/server/node_modules/mysql/lib/protocol/Parser.js:43:10)
    at Protocol.write (/home/appzetoa/public_html/daliyhisab/server/node_modules/mysql/lib/protocol/Protocol.js:38:16)
    at Socket.<anonymous> (/home/appzetoa/public_html/daliyhisab/server/node_modules/mysql/lib/Connection.js:88:28)
    at Socket.<anonymous> (/home/appzetoa/public_html/daliyhisab/server/node_modules/mysql/lib/Connection.js:526:10)
    at Socket.emit (node:events:524:28)
    at addChunk (node:internal/streams/readable:561:12)
    --------------------
    at Protocol._enqueue (/home/appzetoa/public_html/daliyhisab/server/node_modules/mysql/lib/protocol/Protocol.js:144:48)
    at PoolConnection.query (/home/appzetoa/public_html/daliyhisab/server/node_modules/mysql/lib/Connection.js:198:25)
    at Query.<anonymous> (file:///home/appzetoa/public_html/daliyhisab/server/connection/dbConfig.js:138:22)
    at Query.<anonymous> (/home/appzetoa/public_html/daliyhisab/server/node_modules/mysql/lib/Connection.js:526:10)
    at Query._callback (/home/appzetoa/public_html/daliyhisab/server/node_modules/mysql/lib/Connection.js:488:16)
    at Sequence.end (/home/appzetoa/public_html/daliyhisab/server/node_modules/mysql/lib/protocol/sequences/Sequence.js:83:24)
    at Query._handleFinalResultPacket (/home/appzetoa/public_html/daliyhisab/server/node_modules/mysql/lib/protocol/sequences/Query.js:149:8)
    at Query.OkPacket (/home/appzetoa/public_html/daliyhisab/server/node_modules/mysql/lib/protocol/sequences/Query.js:74:10)
    at Protocol._parsePacket (/home/appzetoa/public_html/daliyhisab/server/node_modules/mysql/lib/protocol/Protocol.js:291:23)
    at Parser._parsePacket (/home/appzetoa/public_html/daliyhisab/server/node_modules/mysql/lib/protocol/Parser.js:433:10) {
  code: 'ER_NO_SUCH_TABLE',
  errno: 1146,
  sqlMessage: "Table 'appzetoa_daily_hisab.reminder_master' doesn't exist",
  sqlState: '42S02',
  index: 0,
  sql: 'DELETE FROM reminder_master WHERE user_id = 252'
}
❌ Query error: ER_NO_SUCH_TABLE: Table 'appzetoa_daily_hisab.recurring_payment_master' doesn't exist
Query: DELETE FROM recurring_payment_master WHERE user_id = ?...
Error deleting recurring payments: Error: ER_NO_SUCH_TABLE: Table 'appzetoa_daily_hisab.recurring_payment_master' doesn't exist
    at Sequence._packetToError (/home/appzetoa/public_html/daliyhisab/server/node_modules/mysql/lib/protocol/sequences/Sequence.js:47:14)
    at Query.ErrorPacket (/home/appzetoa/public_html/daliyhisab/server/node_modules/mysql/lib/protocol/sequences/Query.js:79:18)
    at Protocol._parsePacket (/home/appzetoa/public_html/daliyhisab/server/node_modules/mysql/lib/protocol/Protocol.js:291:23)
    at Parser._parsePacket (/home/appzetoa/public_html/daliyhisab/server/node_modules/mysql/lib/protocol/Parser.js:433:10)
    at Parser.write (/home/appzetoa/public_html/daliyhisab/server/node_modules/mysql/lib/protocol/Parser.js:43:10)
    at Protocol.write (/home/appzetoa/public_html/daliyhisab/server/node_modules/mysql/lib/protocol/Protocol.js:38:16)
    at Socket.<anonymous> (/home/appzetoa/public_html/daliyhisab/server/node_modules/mysql/lib/Connection.js:88:28)
    at Socket.<anonymous> (/home/appzetoa/public_html/daliyhisab/server/node_modules/mysql/lib/Connection.js:526:10)
    at Socket.emit (node:events:524:28)
    at addChunk (node:internal/streams/readable:561:12)
    --------------------
    at Protocol._enqueue (/home/appzetoa/public_html/daliyhisab/server/node_modules/mysql/lib/protocol/Protocol.js:144:48)
    at PoolConnection.query (/home/appzetoa/public_html/daliyhisab/server/node_modules/mysql/lib/Connection.js:198:25)
    at Query.<anonymous> (file:///home/appzetoa/public_html/daliyhisab/server/connection/dbConfig.js:138:22)
    at Query.<anonymous> (/home/appzetoa/public_html/daliyhisab/server/node_modules/mysql/lib/Connection.js:526:10)
    at Query._callback (/home/appzetoa/public_html/daliyhisab/server/node_modules/mysql/lib/Connection.js:488:16)
    at Sequence.end (/home/appzetoa/public_html/daliyhisab/server/node_modules/mysql/lib/protocol/sequences/Sequence.js:83:24)
    at Query._handleFinalResultPacket (/home/appzetoa/public_html/daliyhisab/server/node_modules/mysql/lib/protocol/sequences/Query.js:149:8)
    at Query.OkPacket (/home/appzetoa/public_html/daliyhisab/server/node_modules/mysql/lib/protocol/sequences/Query.js:74:10)
    at Protocol._parsePacket (/home/appzetoa/public_html/daliyhisab/server/node_modules/mysql/lib/protocol/Protocol.js:291:23)
    at Parser._parsePacket (/home/appzetoa/public_html/daliyhisab/server/node_modules/mysql/lib/protocol/Parser.js:433:10) {
  code: 'ER_NO_SUCH_TABLE',
  errno: 1146,
  sqlMessage: "Table 'appzetoa_daily_hisab.recurring_payment_master' doesn't exist",
  sqlState: '42S02',
  index: 0,
  sql: 'DELETE FROM recurring_payment_master WHERE user_id = 252'
}
❌ Query error: ER_NO_SUCH_TABLE: Table 'appzetoa_daily_hisab.notification_master' doesn't exist
Query: DELETE FROM notification_master WHERE user_id = ?...
Error deleting notifications: Error: ER_NO_SUCH_TABLE: Table 'appzetoa_daily_hisab.notification_master' doesn't exist
    at Sequence._packetToError (/home/appzetoa/public_html/daliyhisab/server/node_modules/mysql/lib/protocol/sequences/Sequence.js:47:14)
    at Query.ErrorPacket (/home/appzetoa/public_html/daliyhisab/server/node_modules/mysql/lib/protocol/sequences/Query.js:79:18)
    at Protocol._parsePacket (/home/appzetoa/public_html/daliyhisab/server/node_modules/mysql/lib/protocol/Protocol.js:291:23)
    at Parser._parsePacket (/home/appzetoa/public_html/daliyhisab/server/node_modules/mysql/lib/protocol/Parser.js:433:10)
    at Parser.write (/home/appzetoa/public_html/daliyhisab/server/node_modules/mysql/lib/protocol/Parser.js:43:10)
    at Protocol.write (/home/appzetoa/public_html/daliyhisab/server/node_modules/mysql/lib/protocol/Protocol.js:38:16)
    at Socket.<anonymous> (/home/appzetoa/public_html/daliyhisab/server/node_modules/mysql/lib/Connection.js:88:28)
    at Socket.<anonymous> (/home/appzetoa/public_html/daliyhisab/server/node_modules/mysql/lib/Connection.js:526:10)
    at Socket.emit (node:events:524:28)
    at addChunk (node:internal/streams/readable:561:12)
    --------------------
    at Protocol._enqueue (/home/appzetoa/public_html/daliyhisab/server/node_modules/mysql/lib/protocol/Protocol.js:144:48)
    at PoolConnection.query (/home/appzetoa/public_html/daliyhisab/server/node_modules/mysql/lib/Connection.js:198:25)
    at Query.<anonymous> (file:///home/appzetoa/public_html/daliyhisab/server/connection/dbConfig.js:138:22)
    at Query.<anonymous> (/home/appzetoa/public_html/daliyhisab/server/node_modules/mysql/lib/Connection.js:526:10)
    at Query._callback (/home/appzetoa/public_html/daliyhisab/server/node_modules/mysql/lib/Connection.js:488:16)
    at Sequence.end (/home/appzetoa/public_html/daliyhisab/server/node_modules/mysql/lib/protocol/sequences/Sequence.js:83:24)
    at Query._handleFinalResultPacket (/home/appzetoa/public_html/daliyhisab/server/node_modules/mysql/lib/protocol/sequences/Query.js:149:8)
    at Query.OkPacket (/home/appzetoa/public_html/daliyhisab/server/node_modules/mysql/lib/protocol/sequences/Query.js:74:10)
    at Protocol._parsePacket (/home/appzetoa/public_html/daliyhisab/server/node_modules/mysql/lib/protocol/Protocol.js:291:23)
    at Parser._parsePacket (/home/appzetoa/public_html/daliyhisab/server/node_modules/mysql/lib/protocol/Parser.js:433:10) {
  code: 'ER_NO_SUCH_TABLE',
  errno: 1146,
  sqlMessage: "Table 'appzetoa_daily_hisab.notification_master' doesn't exist",
  sqlState: '42S02',
  index: 0,
  sql: 'DELETE FROM notification_master WHERE user_id = 252'
}
❌ Query error: ER_BAD_FIELD_ERROR: Unknown column 'createtime' in 'field list'
Query: INSERT INTO language_master (code, name, native_name, sort_order, is_active, createtime, updatetime)...
Global error handler: TypeError: Cannot read properties of undefined (reading 'user_id')
    at updateUserLanguage (file:///home/appzetoa/public_html/daliyhisab/server/controller/languageController.js:88:29)
    at Layer.handleRequest (/home/appzetoa/public_html/daliyhisab/server/node_modules/router/lib/layer.js:152:17)
    at next (/home/appzetoa/public_html/daliyhisab/server/node_modules/router/lib/route.js:157:13)
    at multerMiddleware (/home/appzetoa/public_html/daliyhisab/server/node_modules/multer/lib/make-middleware.js:19:41)
    at Layer.handleRequest (/home/appzetoa/public_html/daliyhisab/server/node_modules/router/lib/layer.js:152:17)
    at next (/home/appzetoa/public_html/daliyhisab/server/node_modules/router/lib/route.js:157:13)
    at file:///home/appzetoa/public_html/daliyhisab/server/router/authentication.js:58:13
    at Query.<anonymous> (file:///home/appzetoa/public_html/daliyhisab/server/connection/dbConfig.js:155:25)
    at Query.<anonymous> (/home/appzetoa/public_html/daliyhisab/server/node_modules/mysql/lib/Connection.js:526:10)
    at Query._callback (/home/appzetoa/public_html/daliyhisab/server/node_modules/mysql/lib/Connection.js:488:16)
Global error handler: TypeError: Cannot read properties of undefined (reading 'user_id')
    at updateUserLanguage (file:///home/appzetoa/public_html/daliyhisab/server/controller/languageController.js:88:29)
    at Layer.handleRequest (/home/appzetoa/public_html/daliyhisab/server/node_modules/router/lib/layer.js:152:17)
    at next (/home/appzetoa/public_html/daliyhisab/server/node_modules/router/lib/route.js:157:13)
    at multerMiddleware (/home/appzetoa/public_html/daliyhisab/server/node_modules/multer/lib/make-middleware.js:19:41)
    at Layer.handleRequest (/home/appzetoa/public_html/daliyhisab/server/node_modules/router/lib/layer.js:152:17)
    at next (/home/appzetoa/public_html/daliyhisab/server/node_modules/router/lib/route.js:157:13)
    at file:///home/appzetoa/public_html/daliyhisab/server/router/authentication.js:58:13
    at Query.<anonymous> (file:///home/appzetoa/public_html/daliyhisab/server/connection/dbConfig.js:155:25)
    at Query.<anonymous> (/home/appzetoa/public_html/daliyhisab/server/node_modules/mysql/lib/Connection.js:526:10)
    at Query._callback (/home/appzetoa/public_html/daliyhisab/server/node_modules/mysql/lib/Connection.js:488:16)
❌ Query error: ER_BAD_FIELD_ERROR: Unknown column 'language_id' in 'where clause'
Query: DELETE FROM language_master WHERE language_id = ?...
❌ Query error: ER_BAD_FIELD_ERROR: Unknown column 'updatetime' in 'field list'
Query: INSERT INTO language_master (code, name, native_name, is_active, updatetime) VALUES (?, ?, ?, 1, NOW...
❌ Query error: ER_BAD_FIELD_ERROR: Unknown column 'language_id' in 'where clause'
Query: DELETE FROM language_master WHERE language_id = ?...
Global error handler: TypeError: Cannot read properties of undefined (reading 'user_id')
    at updateUserLanguage (file:///home/appzetoa/public_html/daliyhisab/server/controller/languageController.js:138:29)
    at Layer.handleRequest (/home/appzetoa/public_html/daliyhisab/server/node_modules/router/lib/layer.js:152:17)
    at next (/home/appzetoa/public_html/daliyhisab/server/node_modules/router/lib/route.js:157:13)
    at multerMiddleware (/home/appzetoa/public_html/daliyhisab/server/node_modules/multer/lib/make-middleware.js:19:41)
    at Layer.handleRequest (/home/appzetoa/public_html/daliyhisab/server/node_modules/router/lib/layer.js:152:17)
    at next (/home/appzetoa/public_html/daliyhisab/server/node_modules/router/lib/route.js:157:13)
    at file:///home/appzetoa/public_html/daliyhisab/server/router/authentication.js:58:13
    at Query.<anonymous> (file:///home/appzetoa/public_html/daliyhisab/server/connection/dbConfig.js:155:25)
    at Query.<anonymous> (/home/appzetoa/public_html/daliyhisab/server/node_modules/mysql/lib/Connection.js:526:10)
    at Query._callback (/home/appzetoa/public_html/daliyhisab/server/node_modules/mysql/lib/Connection.js:488:16)
Global error handler: TypeError: Cannot read properties of undefined (reading 'user_id')
    at updateUserLanguage (file:///home/appzetoa/public_html/daliyhisab/server/controller/languageController.js:138:29)
    at Layer.handleRequest (/home/appzetoa/public_html/daliyhisab/server/node_modules/router/lib/layer.js:152:17)
    at next (/home/appzetoa/public_html/daliyhisab/server/node_modules/router/lib/route.js:157:13)
    at multerMiddleware (/home/appzetoa/public_html/daliyhisab/server/node_modules/multer/lib/make-middleware.js:19:41)
    at Layer.handleRequest (/home/appzetoa/public_html/daliyhisab/server/node_modules/router/lib/layer.js:152:17)
    at next (/home/appzetoa/public_html/daliyhisab/server/node_modules/router/lib/route.js:157:13)
    at file:///home/appzetoa/public_html/daliyhisab/server/router/authentication.js:58:13
    at Query.<anonymous> (file:///home/appzetoa/public_html/daliyhisab/server/connection/dbConfig.js:155:25)
    at Query.<anonymous> (/home/appzetoa/public_html/daliyhisab/server/node_modules/mysql/lib/Connection.js:526:10)
    at Query._callback (/home/appzetoa/public_html/daliyhisab/server/node_modules/mysql/lib/Connection.js:488:16)
Global error handler: TypeError: Cannot read properties of undefined (reading 'user_id')
    at updateUserLanguage (file:///home/appzetoa/public_html/daliyhisab/server/controller/languageController.js:138:29)
    at Layer.handleRequest (/home/appzetoa/public_html/daliyhisab/server/node_modules/router/lib/layer.js:152:17)
    at next (/home/appzetoa/public_html/daliyhisab/server/node_modules/router/lib/route.js:157:13)
    at multerMiddleware (/home/appzetoa/public_html/daliyhisab/server/node_modules/multer/lib/make-middleware.js:19:41)
    at Layer.handleRequest (/home/appzetoa/public_html/daliyhisab/server/node_modules/router/lib/layer.js:152:17)
    at next (/home/appzetoa/public_html/daliyhisab/server/node_modules/router/lib/route.js:157:13)
    at file:///home/appzetoa/public_html/daliyhisab/server/router/authentication.js:58:13
    at Query.<anonymous> (file:///home/appzetoa/public_html/daliyhisab/server/connection/dbConfig.js:155:25)
    at Query.<anonymous> (/home/appzetoa/public_html/daliyhisab/server/node_modules/mysql/lib/Connection.js:526:10)
    at Query._callback (/home/appzetoa/public_html/daliyhisab/server/node_modules/mysql/lib/Connection.js:488:16)
❌ Query error: ER_NO_SUCH_TABLE: Table 'appzetoa_daily_hisab.referral_master' doesn't exist
Query: 
      SELECT 
        COUNT(DISTINCT user_id) as unique_users,
        COUNT(*) as total_referrals,...
❌ Query error: ER_NO_SUCH_TABLE: Table 'appzetoa_daily_hisab.referral_master' doesn't exist
Query: 
      SELECT 
        COUNT(DISTINCT user_id) as unique_users,
        COUNT(*) as total_referrals,...
❌ Query error: ER_NO_SUCH_TABLE: Table 'appzetoa_daily_hisab.referral_master' doesn't exist
Query: 
      SELECT 
        COUNT(DISTINCT user_id) as unique_users,
        COUNT(*) as total_referrals,...
❌ Query error: ER_NO_SUCH_TABLE: Table 'appzetoa_daily_hisab.referral_master' doesn't exist
Query: 
      SELECT 
        COUNT(DISTINCT user_id) as unique_users,
        COUNT(*) as total_referrals,...
❌ Query error: ER_NO_SUCH_TABLE: Table 'appzetoa_daily_hisab.referral_master' doesn't exist
Query: 
      SELECT 
        COUNT(DISTINCT user_id) as unique_users,
        COUNT(*) as total_referrals,...
❌ Query error: ER_NO_SUCH_TABLE: Table 'appzetoa_daily_hisab.referral_master' doesn't exist
Query: 
      SELECT 
        COUNT(DISTINCT user_id) as unique_users,
        COUNT(*) as total_referrals,...
❌ Query error: ER_NO_SUCH_TABLE: Table 'appzetoa_daily_hisab.referral_master' doesn't exist
Query: 
      SELECT 
        COUNT(DISTINCT user_id) as unique_users,
        COUNT(*) as total_referrals,...
❌ Query error: ER_NO_SUCH_TABLE: Table 'appzetoa_daily_hisab.referral_master' doesn't exist
Query: 
      SELECT 
        COUNT(DISTINCT user_id) as unique_users,
        COUNT(*) as total_referrals,...
❌ Query error: ER_NO_SUCH_TABLE: Table 'appzetoa_daily_hisab.referral_master' doesn't exist
Query: 
      SELECT 
        COUNT(DISTINCT user_id) as unique_users,
        COUNT(*) as total_referrals,...
❌ Query error: ER_NO_SUCH_TABLE: Table 'appzetoa_daily_hisab.referral_master' doesn't exist
Query: 
      SELECT 
        COUNT(DISTINCT user_id) as unique_users,
        COUNT(*) as total_referrals,...
❌ Query error: ER_NO_SUCH_TABLE: Table 'appzetoa_daily_hisab.referral_master' doesn't exist
Query: 
      SELECT 
        COUNT(DISTINCT user_id) as unique_users,
        COUNT(*) as total_referrals,...
❌ Query error: ER_NO_SUCH_TABLE: Table 'appzetoa_daily_hisab.referral_master' doesn't exist
Query: 
      SELECT 
        COUNT(DISTINCT user_id) as unique_users,
        COUNT(*) as total_referrals,...
❌ Query error: ER_NO_SUCH_TABLE: Table 'appzetoa_daily_hisab.referral_master' doesn't exist
Query: 
      SELECT 
        COUNT(DISTINCT user_id) as unique_users,
        COUNT(*) as total_referrals,...
❌ Query error: ER_NO_SUCH_TABLE: Table 'appzetoa_daily_hisab.referral_master' doesn't exist
Query: 
      SELECT 
        COUNT(DISTINCT user_id) as unique_users,
        COUNT(*) as total_referrals,...
❌ Query error: ER_NO_SUCH_TABLE: Table 'appzetoa_daily_hisab.reminder_master' doesn't exist
Query: DELETE FROM reminder_master WHERE user_id = ?...
Error deleting reminders: Error: ER_NO_SUCH_TABLE: Table 'appzetoa_daily_hisab.reminder_master' doesn't exist
    at Sequence._packetToError (/home/appzetoa/public_html/daliyhisab/server/node_modules/mysql/lib/protocol/sequences/Sequence.js:47:14)
    at Query.ErrorPacket (/home/appzetoa/public_html/daliyhisab/server/node_modules/mysql/lib/protocol/sequences/Query.js:79:18)
    at Protocol._parsePacket (/home/appzetoa/public_html/daliyhisab/server/node_modules/mysql/lib/protocol/Protocol.js:291:23)
    at Parser._parsePacket (/home/appzetoa/public_html/daliyhisab/server/node_modules/mysql/lib/protocol/Parser.js:433:10)
    at Parser.write (/home/appzetoa/public_html/daliyhisab/server/node_modules/mysql/lib/protocol/Parser.js:43:10)
    at Protocol.write (/home/appzetoa/public_html/daliyhisab/server/node_modules/mysql/lib/protocol/Protocol.js:38:16)
    at Socket.<anonymous> (/home/appzetoa/public_html/daliyhisab/server/node_modules/mysql/lib/Connection.js:88:28)
    at Socket.<anonymous> (/home/appzetoa/public_html/daliyhisab/server/node_modules/mysql/lib/Connection.js:526:10)
    at Socket.emit (node:events:524:28)
    at addChunk (node:internal/streams/readable:561:12)
    --------------------
    at Protocol._enqueue (/home/appzetoa/public_html/daliyhisab/server/node_modules/mysql/lib/protocol/Protocol.js:144:48)
    at PoolConnection.query (/home/appzetoa/public_html/daliyhisab/server/node_modules/mysql/lib/Connection.js:198:25)
    at Query.<anonymous> (file:///home/appzetoa/public_html/daliyhisab/server/connection/dbConfig.js:138:22)
    at Query.<anonymous> (/home/appzetoa/public_html/daliyhisab/server/node_modules/mysql/lib/Connection.js:526:10)
    at Query._callback (/home/appzetoa/public_html/daliyhisab/server/node_modules/mysql/lib/Connection.js:488:16)
    at Sequence.end (/home/appzetoa/public_html/daliyhisab/server/node_modules/mysql/lib/protocol/sequences/Sequence.js:83:24)
    at Query._handleFinalResultPacket (/home/appzetoa/public_html/daliyhisab/server/node_modules/mysql/lib/protocol/sequences/Query.js:149:8)
    at Query.OkPacket (/home/appzetoa/public_html/daliyhisab/server/node_modules/mysql/lib/protocol/sequences/Query.js:74:10)
    at Protocol._parsePacket (/home/appzetoa/public_html/daliyhisab/server/node_modules/mysql/lib/protocol/Protocol.js:291:23)
    at Parser._parsePacket (/home/appzetoa/public_html/daliyhisab/server/node_modules/mysql/lib/protocol/Parser.js:433:10) {
  code: 'ER_NO_SUCH_TABLE',
  errno: 1146,
  sqlMessage: "Table 'appzetoa_daily_hisab.reminder_master' doesn't exist",
  sqlState: '42S02',
  index: 0,
  sql: 'DELETE FROM reminder_master WHERE user_id = 254'
}
❌ Query error: ER_NO_SUCH_TABLE: Table 'appzetoa_daily_hisab.recurring_payment_master' doesn't exist
Query: DELETE FROM recurring_payment_master WHERE user_id = ?...
Error deleting recurring payments: Error: ER_NO_SUCH_TABLE: Table 'appzetoa_daily_hisab.recurring_payment_master' doesn't exist
    at Sequence._packetToError (/home/appzetoa/public_html/daliyhisab/server/node_modules/mysql/lib/protocol/sequences/Sequence.js:47:14)
    at Query.ErrorPacket (/home/appzetoa/public_html/daliyhisab/server/node_modules/mysql/lib/protocol/sequences/Query.js:79:18)
    at Protocol._parsePacket (/home/appzetoa/public_html/daliyhisab/server/node_modules/mysql/lib/protocol/Protocol.js:291:23)
    at Parser._parsePacket (/home/appzetoa/public_html/daliyhisab/server/node_modules/mysql/lib/protocol/Parser.js:433:10)
    at Parser.write (/home/appzetoa/public_html/daliyhisab/server/node_modules/mysql/lib/protocol/Parser.js:43:10)
    at Protocol.write (/home/appzetoa/public_html/daliyhisab/server/node_modules/mysql/lib/protocol/Protocol.js:38:16)
    at Socket.<anonymous> (/home/appzetoa/public_html/daliyhisab/server/node_modules/mysql/lib/Connection.js:88:28)
    at Socket.<anonymous> (/home/appzetoa/public_html/daliyhisab/server/node_modules/mysql/lib/Connection.js:526:10)
    at Socket.emit (node:events:524:28)
    at addChunk (node:internal/streams/readable:561:12)
    --------------------
    at Protocol._enqueue (/home/appzetoa/public_html/daliyhisab/server/node_modules/mysql/lib/protocol/Protocol.js:144:48)
    at PoolConnection.query (/home/appzetoa/public_html/daliyhisab/server/node_modules/mysql/lib/Connection.js:198:25)
    at Query.<anonymous> (file:///home/appzetoa/public_html/daliyhisab/server/connection/dbConfig.js:138:22)
    at Query.<anonymous> (/home/appzetoa/public_html/daliyhisab/server/node_modules/mysql/lib/Connection.js:526:10)
    at Query._callback (/home/appzetoa/public_html/daliyhisab/server/node_modules/mysql/lib/Connection.js:488:16)
    at Sequence.end (/home/appzetoa/public_html/daliyhisab/server/node_modules/mysql/lib/protocol/sequences/Sequence.js:83:24)
    at Query._handleFinalResultPacket (/home/appzetoa/public_html/daliyhisab/server/node_modules/mysql/lib/protocol/sequences/Query.js:149:8)
    at Query.OkPacket (/home/appzetoa/public_html/daliyhisab/server/node_modules/mysql/lib/protocol/sequences/Query.js:74:10)
    at Protocol._parsePacket (/home/appzetoa/public_html/daliyhisab/server/node_modules/mysql/lib/protocol/Protocol.js:291:23)
    at Parser._parsePacket (/home/appzetoa/public_html/daliyhisab/server/node_modules/mysql/lib/protocol/Parser.js:433:10) {
  code: 'ER_NO_SUCH_TABLE',
  errno: 1146,
  sqlMessage: "Table 'appzetoa_daily_hisab.recurring_payment_master' doesn't exist",
  sqlState: '42S02',
  index: 0,
  sql: 'DELETE FROM recurring_payment_master WHERE user_id = 254'
}
❌ Query error: ER_NO_SUCH_TABLE: Table 'appzetoa_daily_hisab.notification_master' doesn't exist
Query: DELETE FROM notification_master WHERE user_id = ?...
Error deleting notifications: Error: ER_NO_SUCH_TABLE: Table 'appzetoa_daily_hisab.notification_master' doesn't exist
    at Sequence._packetToError (/home/appzetoa/public_html/daliyhisab/server/node_modules/mysql/lib/protocol/sequences/Sequence.js:47:14)
    at Query.ErrorPacket (/home/appzetoa/public_html/daliyhisab/server/node_modules/mysql/lib/protocol/sequences/Query.js:79:18)
    at Protocol._parsePacket (/home/appzetoa/public_html/daliyhisab/server/node_modules/mysql/lib/protocol/Protocol.js:291:23)
    at Parser._parsePacket (/home/appzetoa/public_html/daliyhisab/server/node_modules/mysql/lib/protocol/Parser.js:433:10)
    at Parser.write (/home/appzetoa/public_html/daliyhisab/server/node_modules/mysql/lib/protocol/Parser.js:43:10)
    at Protocol.write (/home/appzetoa/public_html/daliyhisab/server/node_modules/mysql/lib/protocol/Protocol.js:38:16)
    at Socket.<anonymous> (/home/appzetoa/public_html/daliyhisab/server/node_modules/mysql/lib/Connection.js:88:28)
    at Socket.<anonymous> (/home/appzetoa/public_html/daliyhisab/server/node_modules/mysql/lib/Connection.js:526:10)
    at Socket.emit (node:events:524:28)
    at addChunk (node:internal/streams/readable:561:12)
    --------------------
    at Protocol._enqueue (/home/appzetoa/public_html/daliyhisab/server/node_modules/mysql/lib/protocol/Protocol.js:144:48)
    at PoolConnection.query (/home/appzetoa/public_html/daliyhisab/server/node_modules/mysql/lib/Connection.js:198:25)
    at Query.<anonymous> (file:///home/appzetoa/public_html/daliyhisab/server/connection/dbConfig.js:138:22)
    at Query.<anonymous> (/home/appzetoa/public_html/daliyhisab/server/node_modules/mysql/lib/Connection.js:526:10)
    at Query._callback (/home/appzetoa/public_html/daliyhisab/server/node_modules/mysql/lib/Connection.js:488:16)
    at Sequence.end (/home/appzetoa/public_html/daliyhisab/server/node_modules/mysql/lib/protocol/sequences/Sequence.js:83:24)
    at Query._handleFinalResultPacket (/home/appzetoa/public_html/daliyhisab/server/node_modules/mysql/lib/protocol/sequences/Query.js:149:8)
    at Query.OkPacket (/home/appzetoa/public_html/daliyhisab/server/node_modules/mysql/lib/protocol/sequences/Query.js:74:10)
    at Protocol._parsePacket (/home/appzetoa/public_html/daliyhisab/server/node_modules/mysql/lib/protocol/Protocol.js:291:23)
    at Parser._parsePacket (/home/appzetoa/public_html/daliyhisab/server/node_modules/mysql/lib/protocol/Parser.js:433:10) {
  code: 'ER_NO_SUCH_TABLE',
  errno: 1146,
  sqlMessage: "Table 'appzetoa_daily_hisab.notification_master' doesn't exist",
  sqlState: '42S02',
  index: 0,
  sql: 'DELETE FROM notification_master WHERE user_id = 254'
}
Failed token 5: messaging/registration-token-not-registered Requested entity was not found.
Token: fGHDchKHQbefS4dnbIdVtq:APA91bF...
❌ Query error: ER_NO_SUCH_TABLE: Table 'appzetoa_daily_hisab.referral_master' doesn't exist
Query: 
      SELECT 
        COUNT(DISTINCT user_id) as unique_users,
        COUNT(*) as total_referrals,...
❌ Query error: ER_NO_SUCH_TABLE: Table 'appzetoa_daily_hisab.referral_master' doesn't exist
Query: 
      SELECT 
        COUNT(DISTINCT user_id) as unique_users,
        COUNT(*) as total_referrals,...
❌ Query error: ER_NO_SUCH_TABLE: Table 'appzetoa_daily_hisab.referral_master' doesn't exist
Query: 
      SELECT 
        COUNT(DISTINCT user_id) as unique_users,
        COUNT(*) as total_referrals,...
❌ Query error: ER_NO_SUCH_TABLE: Table 'appzetoa_daily_hisab.referral_master' doesn't exist
Query: 
      SELECT 
        COUNT(DISTINCT user_id) as unique_users,
        COUNT(*) as total_referrals,...
❌ Query error: ER_NO_SUCH_TABLE: Table 'appzetoa_daily_hisab.referral_master' doesn't exist
Query: 
      SELECT 
        COUNT(DISTINCT user_id) as unique_users,
        COUNT(*) as total_referrals,...
❌ Query error: ER_NO_SUCH_TABLE: Table 'appzetoa_daily_hisab.referral_master' doesn't exist
Query: 
      SELECT 
        COUNT(DISTINCT user_id) as unique_users,
        COUNT(*) as total_referrals,...
❌ Query error: ER_NO_SUCH_TABLE: Table 'appzetoa_daily_hisab.referral_master' doesn't exist
Query: 
      SELECT 
        COUNT(DISTINCT user_id) as unique_users,
        COUNT(*) as total_referrals,...
❌ Query error: ER_NO_SUCH_TABLE: Table 'appzetoa_daily_hisab.referral_master' doesn't exist
Query: 
      SELECT 
        COUNT(DISTINCT user_id) as unique_users,
        COUNT(*) as total_referrals,...
❌ Query error: ER_NO_SUCH_TABLE: Table 'appzetoa_daily_hisab.referral_master' doesn't exist
Query: 
      SELECT 
        COUNT(DISTINCT user_id) as unique_users,
        COUNT(*) as total_referrals,...
❌ Query error: ER_NO_SUCH_TABLE: Table 'appzetoa_daily_hisab.referral_master' doesn't exist
Query: 
      SELECT 
        COUNT(DISTINCT user_id) as unique_users,
        COUNT(*) as total_referrals,...
❌ Query error: ER_NO_SUCH_TABLE: Table 'appzetoa_daily_hisab.referral_master' doesn't exist
Query: 
      SELECT 
        COUNT(DISTINCT user_id) as unique_users,
        COUNT(*) as total_referrals,...
❌ Query error: ER_NO_SUCH_TABLE: Table 'appzetoa_daily_hisab.referral_master' doesn't exist
Query: 
      SELECT 
        COUNT(DISTINCT user_id) as unique_users,
        COUNT(*) as total_referrals,...
❌ Query error: ER_NO_SUCH_TABLE: Table 'appzetoa_daily_hisab.referral_master' doesn't exist
Query: 
      SELECT 
        COUNT(DISTINCT user_id) as unique_users,
        COUNT(*) as total_referrals,...
❌ Query error: ER_NO_SUCH_TABLE: Table 'appzetoa_daily_hisab.referral_master' doesn't exist
Query: 
      SELECT 
        COUNT(DISTINCT user_id) as unique_users,
        COUNT(*) as total_referrals,...
❌ Query error: ER_NO_SUCH_TABLE: Table 'appzetoa_daily_hisab.referral_master' doesn't exist
Query: 
      SELECT 
        COUNT(DISTINCT user_id) as unique_users,
        COUNT(*) as total_referrals,...
❌ Query error: ER_NO_SUCH_TABLE: Table 'appzetoa_daily_hisab.referral_master' doesn't exist
Query: 
      SELECT 
        COUNT(DISTINCT user_id) as unique_users,
        COUNT(*) as total_referrals,...
❌ Query error: ER_NO_SUCH_TABLE: Table 'appzetoa_daily_hisab.referral_master' doesn't exist
Query: 
      SELECT 
        COUNT(DISTINCT user_id) as unique_users,
        COUNT(*) as total_referrals,...
❌ Query error: ER_NO_SUCH_TABLE: Table 'appzetoa_daily_hisab.referral_master' doesn't exist
Query: 
      SELECT 
        COUNT(DISTINCT user_id) as unique_users,
        COUNT(*) as total_referrals,...
❌ Query error: ER_NO_SUCH_TABLE: Table 'appzetoa_daily_hisab.referral_master' doesn't exist
Query: 
      SELECT 
        COUNT(DISTINCT user_id) as unique_users,
        COUNT(*) as total_referrals,...
❌ Query error: ER_NO_SUCH_TABLE: Table 'appzetoa_daily_hisab.referral_master' doesn't exist
Query: 
      SELECT 
        COUNT(DISTINCT user_id) as unique_users,
        COUNT(*) as total_referrals,...
❌ Query error: ER_NO_SUCH_TABLE: Table 'appzetoa_daily_hisab.referral_master' doesn't exist
Query: 
      SELECT 
        COUNT(DISTINCT user_id) as unique_users,
        COUNT(*) as total_referrals,...
❌ Query error: ER_NO_SUCH_TABLE: Table 'appzetoa_daily_hisab.referral_master' doesn't exist
Query: 
      SELECT 
        COUNT(DISTINCT user_id) as unique_users,
        COUNT(*) as total_referrals,...
❌ Query error: ER_NO_SUCH_TABLE: Table 'appzetoa_daily_hisab.referral_master' doesn't exist
Query: 
      SELECT 
        COUNT(DISTINCT user_id) as unique_users,
        COUNT(*) as total_referrals,...
❌ Query error: ER_NO_SUCH_TABLE: Table 'appzetoa_daily_hisab.referral_master' doesn't exist
Query: 
      SELECT 
        COUNT(DISTINCT user_id) as unique_users,
        COUNT(*) as total_referrals,...
❌ Query error: ER_NO_SUCH_TABLE: Table 'appzetoa_daily_hisab.referral_master' doesn't exist
Query: 
      SELECT 
        COUNT(DISTINCT user_id) as unique_users,
        COUNT(*) as total_referrals,...
❌ Query error: ER_NO_SUCH_TABLE: Table 'appzetoa_daily_hisab.referral_master' doesn't exist
Query: 
      SELECT 
        COUNT(DISTINCT user_id) as unique_users,
        COUNT(*) as total_referrals,...
❌ Query error: ER_NO_SUCH_TABLE: Table 'appzetoa_daily_hisab.referral_master' doesn't exist
Query: 
      SELECT 
        COUNT(DISTINCT user_id) as unique_users,
        COUNT(*) as total_referrals,...
❌ Query error: ER_NO_SUCH_TABLE: Table 'appzetoa_daily_hisab.referral_master' doesn't exist
Query: 
      SELECT 
        COUNT(DISTINCT user_id) as unique_users,
        COUNT(*) as total_referrals,...
❌ Query error: ER_NO_SUCH_TABLE: Table 'appzetoa_daily_hisab.referral_master' doesn't exist
Query: 
      SELECT 
        COUNT(DISTINCT user_id) as unique_users,
        COUNT(*) as total_referrals,...
❌ Query error: ER_NO_SUCH_TABLE: Table 'appzetoa_daily_hisab.referral_master' doesn't exist
Query: 
      SELECT 
        COUNT(DISTINCT user_id) as unique_users,
        COUNT(*) as total_referrals,...
❌ Query error: ER_NO_SUCH_TABLE: Table 'appzetoa_daily_hisab.referral_master' doesn't exist
Query: 
      SELECT 
        COUNT(DISTINCT user_id) as unique_users,
        COUNT(*) as total_referrals,...
❌ Query error: ER_NO_SUCH_TABLE: Table 'appzetoa_daily_hisab.referral_master' doesn't exist
Query: 
      SELECT 
        COUNT(DISTINCT user_id) as unique_users,
        COUNT(*) as total_referrals,...
❌ Query error: ER_NO_SUCH_TABLE: Table 'appzetoa_daily_hisab.referral_master' doesn't exist
Query: 
      SELECT 
        COUNT(DISTINCT user_id) as unique_users,
        COUNT(*) as total_referrals,...
❌ Query error: ER_NO_SUCH_TABLE: Table 'appzetoa_daily_hisab.referral_master' doesn't exist
Query: 
      SELECT 
        COUNT(DISTINCT user_id) as unique_users,
        COUNT(*) as total_referrals,...
❌ Query error: ER_NO_SUCH_TABLE: Table 'appzetoa_daily_hisab.referral_master' doesn't exist
Query: 
      SELECT 
        COUNT(DISTINCT user_id) as unique_users,
        COUNT(*) as total_referrals,...
❌ Query error: ER_NO_SUCH_TABLE: Table 'appzetoa_daily_hisab.referral_master' doesn't exist
Query: 
      SELECT 
        COUNT(DISTINCT user_id) as unique_users,
        COUNT(*) as total_referrals,...
❌ Query error: ER_NO_SUCH_TABLE: Table 'appzetoa_daily_hisab.referral_master' doesn't exist
Query: 
      SELECT 
        COUNT(DISTINCT user_id) as unique_users,
        COUNT(*) as total_referrals,...
❌ Query error: ER_NO_SUCH_TABLE: Table 'appzetoa_daily_hisab.referral_master' doesn't exist
Query: 
      SELECT 
        COUNT(DISTINCT user_id) as unique_users,
        COUNT(*) as total_referrals,...
❌ Query error: ER_NO_SUCH_TABLE: Table 'appzetoa_daily_hisab.referral_master' doesn't exist
Query: 
      SELECT 
        COUNT(DISTINCT user_id) as unique_users,
        COUNT(*) as total_referrals,...
❌ Query error: ER_NO_SUCH_TABLE: Table 'appzetoa_daily_hisab.referral_master' doesn't exist
Query: 
      SELECT 
        COUNT(DISTINCT user_id) as unique_users,
        COUNT(*) as total_referrals,...
❌ Query error: ER_NO_SUCH_TABLE: Table 'appzetoa_daily_hisab.referral_master' doesn't exist
Query: 
      SELECT 
        COUNT(DISTINCT user_id) as unique_users,
        COUNT(*) as total_referrals,...
❌ Query error: ER_NO_SUCH_TABLE: Table 'appzetoa_daily_hisab.referral_master' doesn't exist
Query: 
      SELECT 
        COUNT(DISTINCT user_id) as unique_users,
        COUNT(*) as total_referrals,...
❌ Query error: ER_NO_SUCH_TABLE: Table 'appzetoa_daily_hisab.referral_master' doesn't exist
Query: 
      SELECT 
        COUNT(DISTINCT user_id) as unique_users,
        COUNT(*) as total_referrals,...
❌ Query error: ER_NO_SUCH_TABLE: Table 'appzetoa_daily_hisab.referral_master' doesn't exist
Query: 
      SELECT 
        COUNT(DISTINCT user_id) as unique_users,
        COUNT(*) as total_referrals,...
❌ Query error: ER_NO_SUCH_TABLE: Table 'appzetoa_daily_hisab.referral_master' doesn't exist
Query: 
      SELECT 
        COUNT(DISTINCT user_id) as unique_users,
        COUNT(*) as total_referrals,...
❌ Query error: ER_NO_SUCH_TABLE: Table 'appzetoa_daily_hisab.referral_master' doesn't exist
Query: 
      SELECT 
        COUNT(DISTINCT user_id) as unique_users,
        COUNT(*) as total_referrals,...
❌ Query error: ER_NO_SUCH_TABLE: Table 'appzetoa_daily_hisab.referral_master' doesn't exist
Query: 
      SELECT 
        COUNT(DISTINCT user_id) as unique_users,
        COUNT(*) as total_referrals,...
❌ Query error: ER_NO_SUCH_TABLE: Table 'appzetoa_daily_hisab.referral_master' doesn't exist
Query: 
      SELECT 
        COUNT(DISTINCT user_id) as unique_users,
        COUNT(*) as total_referrals,...
❌ Query error: ER_NO_SUCH_TABLE: Table 'appzetoa_daily_hisab.referral_master' doesn't exist
Query: 
      SELECT 
        COUNT(DISTINCT user_id) as unique_users,
        COUNT(*) as total_referrals,...
❌ Query error: ER_NO_SUCH_TABLE: Table 'appzetoa_daily_hisab.referral_master' doesn't exist
Query: 
      SELECT 
        COUNT(DISTINCT user_id) as unique_users,
        COUNT(*) as total_referrals,...
❌ Query error: ER_NO_SUCH_TABLE: Table 'appzetoa_daily_hisab.referral_master' doesn't exist
Query: 
      SELECT 
        COUNT(DISTINCT user_id) as unique_users,
        COUNT(*) as total_referrals,...
❌ Query error: ER_NO_SUCH_TABLE: Table 'appzetoa_daily_hisab.referral_master' doesn't exist
Query: 
      SELECT 
        COUNT(DISTINCT user_id) as unique_users,
        COUNT(*) as total_referrals,...
❌ Query error: ER_NO_SUCH_TABLE: Table 'appzetoa_daily_hisab.referral_master' doesn't exist
Query: 
      SELECT 
        COUNT(DISTINCT user_id) as unique_users,
        COUNT(*) as total_referrals,...
❌ Query error: ER_NO_SUCH_TABLE: Table 'appzetoa_daily_hisab.referral_master' doesn't exist
Query: 
      SELECT 
        COUNT(DISTINCT user_id) as unique_users,
        COUNT(*) as total_referrals,...
❌ Query error: ER_NO_SUCH_TABLE: Table 'appzetoa_daily_hisab.referral_master' doesn't exist
Query: 
      SELECT 
        COUNT(DISTINCT user_id) as unique_users,
        COUNT(*) as total_referrals,...
❌ Query error: ER_NO_SUCH_TABLE: Table 'appzetoa_daily_hisab.referral_master' doesn't exist
Query: 
      SELECT 
        COUNT(DISTINCT user_id) as unique_users,
        COUNT(*) as total_referrals,...
❌ Query error: ER_NO_SUCH_TABLE: Table 'appzetoa_daily_hisab.referral_master' doesn't exist
Query: 
      SELECT 
        COUNT(DISTINCT user_id) as unique_users,
        COUNT(*) as total_referrals,...
❌ Query error: ER_NO_SUCH_TABLE: Table 'appzetoa_daily_hisab.referral_master' doesn't exist
Query: 
      SELECT 
        COUNT(DISTINCT user_id) as unique_users,
        COUNT(*) as total_referrals,...
❌ Query error: ER_NO_SUCH_TABLE: Table 'appzetoa_daily_hisab.referral_master' doesn't exist
Query: 
      SELECT 
        COUNT(DISTINCT user_id) as unique_users,
        COUNT(*) as total_referrals,...
❌ Query error: ER_NO_SUCH_TABLE: Table 'appzetoa_daily_hisab.referral_master' doesn't exist
Query: 
      SELECT 
        COUNT(DISTINCT user_id) as unique_users,
        COUNT(*) as total_referrals,...
❌ Query error: ER_NO_SUCH_TABLE: Table 'appzetoa_daily_hisab.referral_master' doesn't exist
Query: 
      SELECT 
        COUNT(DISTINCT user_id) as unique_users,
        COUNT(*) as total_referrals,...
❌ Query error: ER_NO_SUCH_TABLE: Table 'appzetoa_daily_hisab.referral_master' doesn't exist
Query: 
      SELECT 
        COUNT(DISTINCT user_id) as unique_users,
        COUNT(*) as total_referrals,...
❌ Query error: ER_NO_SUCH_TABLE: Table 'appzetoa_daily_hisab.referral_master' doesn't exist
Query: 
      SELECT 
        COUNT(DISTINCT user_id) as unique_users,
        COUNT(*) as total_referrals,...
❌ Query error: ER_NO_SUCH_TABLE: Table 'appzetoa_daily_hisab.referral_master' doesn't exist
Query: 
      SELECT 
        COUNT(DISTINCT user_id) as unique_users,
        COUNT(*) as total_referrals,...
❌ Query error: ER_NO_SUCH_TABLE: Table 'appzetoa_daily_hisab.referral_master' doesn't exist
Query: 
      SELECT 
        COUNT(DISTINCT user_id) as unique_users,
        COUNT(*) as total_referrals,...
❌ Query error: ER_NO_SUCH_TABLE: Table 'appzetoa_daily_hisab.referral_master' doesn't exist
Query: 
      SELECT 
        COUNT(DISTINCT user_id) as unique_users,
        COUNT(*) as total_referrals,...
❌ Query error: ER_NO_SUCH_TABLE: Table 'appzetoa_daily_hisab.referral_master' doesn't exist
Query: 
      SELECT 
        COUNT(DISTINCT user_id) as unique_users,
        COUNT(*) as total_referrals,...
❌ Query error: ER_NO_SUCH_TABLE: Table 'appzetoa_daily_hisab.referral_master' doesn't exist
Query: 
      SELECT 
        COUNT(DISTINCT user_id) as unique_users,
        COUNT(*) as total_referrals,...
❌ Query error: ER_NO_SUCH_TABLE: Table 'appzetoa_daily_hisab.referral_master' doesn't exist
Query: 
      SELECT 
        COUNT(DISTINCT user_id) as unique_users,
        COUNT(*) as total_referrals,...
❌ Query error: ER_NO_SUCH_TABLE: Table 'appzetoa_daily_hisab.referral_master' doesn't exist
Query: 
      SELECT 
        COUNT(DISTINCT user_id) as unique_users,
        COUNT(*) as total_referrals,...
❌ Query error: ER_NO_SUCH_TABLE: Table 'appzetoa_daily_hisab.referral_master' doesn't exist
Query: 
      SELECT 
        COUNT(DISTINCT user_id) as unique_users,
        COUNT(*) as total_referrals,...
❌ Query error: ER_NO_SUCH_TABLE: Table 'appzetoa_daily_hisab.referral_master' doesn't exist
Query: 
      SELECT 
        COUNT(DISTINCT user_id) as unique_users,
        COUNT(*) as total_referrals,...
❌ Query error: ER_NO_SUCH_TABLE: Table 'appzetoa_daily_hisab.referral_master' doesn't exist
Query: 
      SELECT 
        COUNT(DISTINCT user_id) as unique_users,
        COUNT(*) as total_referrals,...
❌ Query error: ER_NO_SUCH_TABLE: Table 'appzetoa_daily_hisab.referral_master' doesn't exist
Query: 
      SELECT 
        COUNT(DISTINCT user_id) as unique_users,
        COUNT(*) as total_referrals,...
❌ Query error: ER_NO_SUCH_TABLE: Table 'appzetoa_daily_hisab.referral_master' doesn't exist
Query: 
      SELECT 
        COUNT(DISTINCT user_id) as unique_users,
        COUNT(*) as total_referrals,...
❌ Query error: ER_NO_SUCH_TABLE: Table 'appzetoa_daily_hisab.referral_master' doesn't exist
Query: 
      SELECT 
        COUNT(DISTINCT user_id) as unique_users,
        COUNT(*) as total_referrals,...
❌ Query error: ER_NO_SUCH_TABLE: Table 'appzetoa_daily_hisab.referral_master' doesn't exist
Query: 
      SELECT 
        COUNT(DISTINCT user_id) as unique_users,
        COUNT(*) as total_referrals,...
❌ Query error: ER_NO_SUCH_TABLE: Table 'appzetoa_daily_hisab.referral_master' doesn't exist
Query: 
      SELECT 
        COUNT(DISTINCT user_id) as unique_users,
        COUNT(*) as total_referrals,...
❌ Query error: ER_NO_SUCH_TABLE: Table 'appzetoa_daily_hisab.referral_master' doesn't exist
Query: 
      SELECT 
        COUNT(DISTINCT user_id) as unique_users,
        COUNT(*) as total_referrals,...
❌ Query error: ER_NO_SUCH_TABLE: Table 'appzetoa_daily_hisab.referral_master' doesn't exist
Query: 
      SELECT 
        COUNT(DISTINCT user_id) as unique_users,
        COUNT(*) as total_referrals,...
❌ Query error: ER_NO_SUCH_TABLE: Table 'appzetoa_daily_hisab.referral_master' doesn't exist
Query: 
      SELECT 
        COUNT(DISTINCT user_id) as unique_users,
        COUNT(*) as total_referrals,...
❌ Query error: ER_NO_SUCH_TABLE: Table 'appzetoa_daily_hisab.referral_master' doesn't exist
Query: 
      SELECT 
        COUNT(DISTINCT user_id) as unique_users,
        COUNT(*) as total_referrals,...
❌ Query error: ER_NO_SUCH_TABLE: Table 'appzetoa_daily_hisab.referral_master' doesn't exist
Query: 
      SELECT 
        COUNT(DISTINCT user_id) as unique_users,
        COUNT(*) as total_referrals,...
❌ Query error: ER_NO_SUCH_TABLE: Table 'appzetoa_daily_hisab.referral_master' doesn't exist
Query: 
      SELECT 
        COUNT(DISTINCT user_id) as unique_users,
        COUNT(*) as total_referrals,...
❌ Query error: ER_NO_SUCH_TABLE: Table 'appzetoa_daily_hisab.referral_master' doesn't exist
Query: 
      SELECT 
        COUNT(DISTINCT user_id) as unique_users,
        COUNT(*) as total_referrals,...
❌ Query error: ER_NO_SUCH_TABLE: Table 'appzetoa_daily_hisab.referral_master' doesn't exist
Query: 
      SELECT 
        COUNT(DISTINCT user_id) as unique_users,
        COUNT(*) as total_referrals,...
❌ Query error: ER_NO_SUCH_TABLE: Table 'appzetoa_daily_hisab.referral_master' doesn't exist
Query: 
      SELECT 
        COUNT(DISTINCT user_id) as unique_users,
        COUNT(*) as total_referrals,...
❌ Query error: ER_NO_SUCH_TABLE: Table 'appzetoa_daily_hisab.referral_master' doesn't exist
Query: 
      SELECT 
        COUNT(DISTINCT user_id) as unique_users,
        COUNT(*) as total_referrals,...
❌ Query error: ER_NO_SUCH_TABLE: Table 'appzetoa_daily_hisab.referral_master' doesn't exist
Query: 
      SELECT 
        COUNT(DISTINCT user_id) as unique_users,
        COUNT(*) as total_referrals,...
❌ Query error: ER_NO_SUCH_TABLE: Table 'appzetoa_daily_hisab.referral_master' doesn't exist
Query: 
      SELECT 
        COUNT(DISTINCT user_id) as unique_users,
        COUNT(*) as total_referrals,...
❌ Query error: ER_NO_SUCH_TABLE: Table 'appzetoa_daily_hisab.referral_master' doesn't exist
Query: 
      SELECT 
        COUNT(DISTINCT user_id) as unique_users,
        COUNT(*) as total_referrals,...
❌ Query error: ER_NO_SUCH_TABLE: Table 'appzetoa_daily_hisab.referral_master' doesn't exist
Query: 
      SELECT 
        COUNT(DISTINCT user_id) as unique_users,
        COUNT(*) as total_referrals,...
❌ Query error: ER_NO_SUCH_TABLE: Table 'appzetoa_daily_hisab.referral_master' doesn't exist
Query: 
      SELECT 
        COUNT(DISTINCT user_id) as unique_users,
        COUNT(*) as total_referrals,...
❌ Query error: ER_NO_SUCH_TABLE: Table 'appzetoa_daily_hisab.referral_master' doesn't exist
Query: 
      SELECT 
        COUNT(DISTINCT user_id) as unique_users,
        COUNT(*) as total_referrals,...
❌ Query error: ER_NO_SUCH_TABLE: Table 'appzetoa_daily_hisab.referral_master' doesn't exist
Query: 
      SELECT 
        COUNT(DISTINCT user_id) as unique_users,
        COUNT(*) as total_referrals,...
❌ Query error: ER_NO_SUCH_TABLE: Table 'appzetoa_daily_hisab.referral_master' doesn't exist
Query: 
      SELECT 
        COUNT(DISTINCT user_id) as unique_users,
        COUNT(*) as total_referrals,...
❌ Query error: ER_NO_SUCH_TABLE: Table 'appzetoa_daily_hisab.referral_master' doesn't exist
Query: 
      SELECT 
        COUNT(DISTINCT user_id) as unique_users,
        COUNT(*) as total_referrals,...
❌ Query error: ER_NO_SUCH_TABLE: Table 'appzetoa_daily_hisab.referral_master' doesn't exist
Query: 
      SELECT 
        COUNT(DISTINCT user_id) as unique_users,
        COUNT(*) as total_referrals,...
❌ Query error: ER_NO_SUCH_TABLE: Table 'appzetoa_daily_hisab.referral_master' doesn't exist
Query: 
      SELECT 
        COUNT(DISTINCT user_id) as unique_users,
        COUNT(*) as total_referrals,...
❌ Query error: ER_NO_SUCH_TABLE: Table 'appzetoa_daily_hisab.referral_master' doesn't exist
Query: 
      SELECT 
        COUNT(DISTINCT user_id) as unique_users,
        COUNT(*) as total_referrals,...
❌ Query error: ER_NO_SUCH_TABLE: Table 'appzetoa_daily_hisab.referral_master' doesn't exist
Query: 
      SELECT 
        COUNT(DISTINCT user_id) as unique_users,
        COUNT(*) as total_referrals,...
❌ Query error: ER_NO_SUCH_TABLE: Table 'appzetoa_daily_hisab.referral_master' doesn't exist
Query: 
      SELECT 
        COUNT(DISTINCT user_id) as unique_users,
        COUNT(*) as total_referrals,...
❌ Query error: ER_NO_SUCH_TABLE: Table 'appzetoa_daily_hisab.referral_master' doesn't exist
Query: 
      SELECT 
        COUNT(DISTINCT user_id) as unique_users,
        COUNT(*) as total_referrals,...
❌ Query error: ER_NO_SUCH_TABLE: Table 'appzetoa_daily_hisab.referral_master' doesn't exist
Query: 
      SELECT 
        COUNT(DISTINCT user_id) as unique_users,
        COUNT(*) as total_referrals,...
❌ Query error: ER_NO_SUCH_TABLE: Table 'appzetoa_daily_hisab.referral_master' doesn't exist
Query: 
      SELECT 
        COUNT(DISTINCT user_id) as unique_users,
        COUNT(*) as total_referrals,...
❌ Query error: ER_NO_SUCH_TABLE: Table 'appzetoa_daily_hisab.referral_master' doesn't exist
Query: 
      SELECT 
        COUNT(DISTINCT user_id) as unique_users,
        COUNT(*) as total_referrals,...
❌ Query error: ER_NO_SUCH_TABLE: Table 'appzetoa_daily_hisab.referral_master' doesn't exist
Query: 
      SELECT 
        COUNT(DISTINCT user_id) as unique_users,
        COUNT(*) as total_referrals,...
❌ Query error: ER_NO_SUCH_TABLE: Table 'appzetoa_daily_hisab.referral_master' doesn't exist
Query: 
      SELECT 
        COUNT(DISTINCT user_id) as unique_users,
        COUNT(*) as total_referrals,...
❌ Query error: ER_NO_SUCH_TABLE: Table 'appzetoa_daily_hisab.referral_master' doesn't exist
Query: 
      SELECT 
        COUNT(DISTINCT user_id) as unique_users,
        COUNT(*) as total_referrals,...
❌ Query error: ER_NO_SUCH_TABLE: Table 'appzetoa_daily_hisab.referral_master' doesn't exist
Query: 
      SELECT 
        COUNT(DISTINCT user_id) as unique_users,
        COUNT(*) as total_referrals,...
❌ Query error: ER_NO_SUCH_TABLE: Table 'appzetoa_daily_hisab.referral_master' doesn't exist
Query: 
      SELECT 
        COUNT(DISTINCT user_id) as unique_users,
        COUNT(*) as total_referrals,...
❌ Query error: ER_NO_SUCH_TABLE: Table 'appzetoa_daily_hisab.referral_master' doesn't exist
Query: 
      SELECT 
        COUNT(DISTINCT user_id) as unique_users,
        COUNT(*) as total_referrals,...
❌ Query error: ER_NO_SUCH_TABLE: Table 'appzetoa_daily_hisab.referral_master' doesn't exist
Query: 
      SELECT 
        COUNT(DISTINCT user_id) as unique_users,
        COUNT(*) as total_referrals,...
❌ Query error: ER_NO_SUCH_TABLE: Table 'appzetoa_daily_hisab.referral_master' doesn't exist
Query: 
      SELECT 
        COUNT(DISTINCT user_id) as unique_users,
        COUNT(*) as total_referrals,...
❌ Query error: ER_NO_SUCH_TABLE: Table 'appzetoa_daily_hisab.referral_master' doesn't exist
Query: 
      SELECT 
        COUNT(DISTINCT user_id) as unique_users,
        COUNT(*) as total_referrals,...
❌ Query error: ER_NO_SUCH_TABLE: Table 'appzetoa_daily_hisab.referral_master' doesn't exist
Query: 
      SELECT 
        COUNT(DISTINCT user_id) as unique_users,
        COUNT(*) as total_referrals,...
❌ Query error: ER_NO_SUCH_TABLE: Table 'appzetoa_daily_hisab.referral_master' doesn't exist
Query: 
      SELECT 
        COUNT(DISTINCT user_id) as unique_users,
        COUNT(*) as total_referrals,...
❌ Query error: ER_NO_SUCH_TABLE: Table 'appzetoa_daily_hisab.referral_master' doesn't exist
Query: 
      SELECT 
        COUNT(DISTINCT user_id) as unique_users,
        COUNT(*) as total_referrals,...
❌ Query error: ER_NO_SUCH_TABLE: Table 'appzetoa_daily_hisab.referral_master' doesn't exist
Query: 
      SELECT 
        COUNT(DISTINCT user_id) as unique_users,
        COUNT(*) as total_referrals,...
❌ Query error: ER_NO_SUCH_TABLE: Table 'appzetoa_daily_hisab.referral_master' doesn't exist
Query: 
      SELECT 
        COUNT(DISTINCT user_id) as unique_users,
        COUNT(*) as total_referrals,...
❌ Query error: ER_NO_SUCH_TABLE: Table 'appzetoa_daily_hisab.referral_master' doesn't exist
Query: 
      SELECT 
        COUNT(DISTINCT user_id) as unique_users,
        COUNT(*) as total_referrals,...
❌ Query error: ER_NO_SUCH_TABLE: Table 'appzetoa_daily_hisab.referral_master' doesn't exist
Query: 
      SELECT 
        COUNT(DISTINCT user_id) as unique_users,
        COUNT(*) as total_referrals,...
❌ Query error: ER_NO_SUCH_TABLE: Table 'appzetoa_daily_hisab.referral_master' doesn't exist
Query: 
      SELECT 
        COUNT(DISTINCT user_id) as unique_users,
        COUNT(*) as total_referrals,...
❌ Query error: ER_NO_SUCH_TABLE: Table 'appzetoa_daily_hisab.referral_master' doesn't exist
Query: 
      SELECT 
        COUNT(DISTINCT user_id) as unique_users,
        COUNT(*) as total_referrals,...
❌ Query error: ER_NO_SUCH_TABLE: Table 'appzetoa_daily_hisab.referral_master' doesn't exist
Query: 
      SELECT 
        COUNT(DISTINCT user_id) as unique_users,
        COUNT(*) as total_referrals,...
❌ Query error: ER_NO_SUCH_TABLE: Table 'appzetoa_daily_hisab.referral_master' doesn't exist
Query: 
      SELECT 
        COUNT(DISTINCT user_id) as unique_users,
        COUNT(*) as total_referrals,...
❌ Query error: ER_NO_SUCH_TABLE: Table 'appzetoa_daily_hisab.referral_master' doesn't exist
Query: 
      SELECT 
        COUNT(DISTINCT user_id) as unique_users,
        COUNT(*) as total_referrals,...
❌ Query error: ER_NO_SUCH_TABLE: Table 'appzetoa_daily_hisab.referral_master' doesn't exist
Query: 
      SELECT 
        COUNT(DISTINCT user_id) as unique_users,
        COUNT(*) as total_referrals,...
❌ Query error: ER_NO_SUCH_TABLE: Table 'appzetoa_daily_hisab.referral_master' doesn't exist
Query: 
      SELECT 
        COUNT(DISTINCT user_id) as unique_users,
        COUNT(*) as total_referrals,...
❌ Query error: ER_NO_SUCH_TABLE: Table 'appzetoa_daily_hisab.referral_master' doesn't exist
Query: 
      SELECT 
        COUNT(DISTINCT user_id) as unique_users,
        COUNT(*) as total_referrals,...
❌ Query error: ER_NO_SUCH_TABLE: Table 'appzetoa_daily_hisab.referral_master' doesn't exist
Query: 
      SELECT 
        COUNT(DISTINCT user_id) as unique_users,
        COUNT(*) as total_referrals,...
❌ Query error: ER_NO_SUCH_TABLE: Table 'appzetoa_daily_hisab.referral_master' doesn't exist
Query: 
      SELECT 
        COUNT(DISTINCT user_id) as unique_users,
        COUNT(*) as total_referrals,...
❌ Query error: ER_NO_SUCH_TABLE: Table 'appzetoa_daily_hisab.referral_master' doesn't exist
Query: 
      SELECT 
        COUNT(DISTINCT user_id) as unique_users,
        COUNT(*) as total_referrals,...
❌ Query error: ER_NO_SUCH_TABLE: Table 'appzetoa_daily_hisab.referral_master' doesn't exist
Query: 
      SELECT 
        COUNT(DISTINCT user_id) as unique_users,
        COUNT(*) as total_referrals,...
❌ Query error: ER_NO_SUCH_TABLE: Table 'appzetoa_daily_hisab.referral_master' doesn't exist
Query: 
      SELECT 
        COUNT(DISTINCT user_id) as unique_users,
        COUNT(*) as total_referrals,...
❌ Query error: ER_NO_SUCH_TABLE: Table 'appzetoa_daily_hisab.referral_master' doesn't exist
Query: 
      SELECT 
        COUNT(DISTINCT user_id) as unique_users,
        COUNT(*) as total_referrals,...
❌ Query error: ER_NO_SUCH_TABLE: Table 'appzetoa_daily_hisab.referral_master' doesn't exist
Query: 
      SELECT 
        COUNT(DISTINCT user_id) as unique_users,
        COUNT(*) as total_referrals,...
❌ Query error: ER_NO_SUCH_TABLE: Table 'appzetoa_daily_hisab.referral_master' doesn't exist
Query: 
      SELECT 
        COUNT(DISTINCT user_id) as unique_users,
        COUNT(*) as total_referrals,...
❌ Query error: ER_NO_SUCH_TABLE: Table 'appzetoa_daily_hisab.referral_master' doesn't exist
Query: 
      SELECT 
        COUNT(DISTINCT user_id) as unique_users,
        COUNT(*) as total_referrals,...
❌ Query error: ER_NO_SUCH_TABLE: Table 'appzetoa_daily_hisab.referral_master' doesn't exist
Query: 
      SELECT 
        COUNT(DISTINCT user_id) as unique_users,
        COUNT(*) as total_referrals,...
❌ Query error: ER_NO_SUCH_TABLE: Table 'appzetoa_daily_hisab.referral_master' doesn't exist
Query: 
      SELECT 
        COUNT(DISTINCT user_id) as unique_users,
        COUNT(*) as total_referrals,...
❌ Query error: ER_NO_SUCH_TABLE: Table 'appzetoa_daily_hisab.referral_master' doesn't exist
Query: 
      SELECT 
        COUNT(DISTINCT user_id) as unique_users,
        COUNT(*) as total_referrals,...
❌ Query error: ER_NO_SUCH_TABLE: Table 'appzetoa_daily_hisab.referral_master' doesn't exist
Query: 
      SELECT 
        COUNT(DISTINCT user_id) as unique_users,
        COUNT(*) as total_referrals,...
❌ Query error: ER_NO_SUCH_TABLE: Table 'appzetoa_daily_hisab.referral_master' doesn't exist
Query: 
      SELECT 
        COUNT(DISTINCT user_id) as unique_users,
        COUNT(*) as total_referrals,...
❌ Query error: ER_NO_SUCH_TABLE: Table 'appzetoa_daily_hisab.referral_master' doesn't exist
Query: 
      SELECT 
        COUNT(DISTINCT user_id) as unique_users,
        COUNT(*) as total_referrals,...
❌ Query error: ER_NO_SUCH_TABLE: Table 'appzetoa_daily_hisab.referral_master' doesn't exist
Query: 
      SELECT 
        COUNT(DISTINCT user_id) as unique_users,
        COUNT(*) as total_referrals,...
❌ Query error: ER_NO_SUCH_TABLE: Table 'appzetoa_daily_hisab.referral_master' doesn't exist
Query: 
      SELECT 
        COUNT(DISTINCT user_id) as unique_users,
        COUNT(*) as total_referrals,...
❌ Query error: ER_NO_SUCH_TABLE: Table 'appzetoa_daily_hisab.referral_master' doesn't exist
Query: 
      SELECT 
        COUNT(DISTINCT user_id) as unique_users,
        COUNT(*) as total_referrals,...
❌ Query error: ER_NO_SUCH_TABLE: Table 'appzetoa_daily_hisab.referral_master' doesn't exist
Query: 
      SELECT 
        COUNT(DISTINCT user_id) as unique_users,
        COUNT(*) as total_referrals,...
❌ Query error: ER_NO_SUCH_TABLE: Table 'appzetoa_daily_hisab.referral_master' doesn't exist
Query: 
      SELECT 
        COUNT(DISTINCT user_id) as unique_users,
        COUNT(*) as total_referrals,...
❌ Query error: ER_NO_SUCH_TABLE: Table 'appzetoa_daily_hisab.referral_master' doesn't exist
Query: 
      SELECT 
        COUNT(DISTINCT user_id) as unique_users,
        COUNT(*) as total_referrals,...
❌ Query error: ER_NO_SUCH_TABLE: Table 'appzetoa_daily_hisab.referral_master' doesn't exist
Query: 
      SELECT 
        COUNT(DISTINCT user_id) as unique_users,
        COUNT(*) as total_referrals,...
❌ Query error: ER_NO_SUCH_TABLE: Table 'appzetoa_daily_hisab.referral_master' doesn't exist
Query: 
      SELECT 
        COUNT(DISTINCT user_id) as unique_users,
        COUNT(*) as total_referrals,...
❌ Query error: ER_NO_SUCH_TABLE: Table 'appzetoa_daily_hisab.referral_master' doesn't exist
Query: 
      SELECT 
        COUNT(DISTINCT user_id) as unique_users,
        COUNT(*) as total_referrals,...
❌ Query error: ER_NO_SUCH_TABLE: Table 'appzetoa_daily_hisab.referral_master' doesn't exist
Query: 
      SELECT 
        COUNT(DISTINCT user_id) as unique_users,
        COUNT(*) as total_referrals,...
❌ Query error: ER_NO_SUCH_TABLE: Table 'appzetoa_daily_hisab.referral_master' doesn't exist
Query: 
      SELECT 
        COUNT(DISTINCT user_id) as unique_users,
        COUNT(*) as total_referrals,...
❌ Query error: ER_NO_SUCH_TABLE: Table 'appzetoa_daily_hisab.referral_master' doesn't exist
Query: 
      SELECT 
        COUNT(DISTINCT user_id) as unique_users,
        COUNT(*) as total_referrals,...
❌ Query error: ER_NO_SUCH_TABLE: Table 'appzetoa_daily_hisab.referral_master' doesn't exist
Query: 
      SELECT 
        COUNT(DISTINCT user_id) as unique_users,
        COUNT(*) as total_referrals,...
❌ Query error: ER_NO_SUCH_TABLE: Table 'appzetoa_daily_hisab.referral_master' doesn't exist
Query: 
      SELECT 
        COUNT(DISTINCT user_id) as unique_users,
        COUNT(*) as total_referrals,...
❌ Query error: ER_NO_SUCH_TABLE: Table 'appzetoa_daily_hisab.referral_master' doesn't exist
Query: 
      SELECT 
        COUNT(DISTINCT user_id) as unique_users,
        COUNT(*) as total_referrals,...
❌ Query error: ER_NO_SUCH_TABLE: Table 'appzetoa_daily_hisab.referral_master' doesn't exist
Query: 
      SELECT 
        COUNT(DISTINCT user_id) as unique_users,
        COUNT(*) as total_referrals,...
❌ Query error: ER_NO_SUCH_TABLE: Table 'appzetoa_daily_hisab.referral_master' doesn't exist
Query: 
      SELECT 
        COUNT(DISTINCT user_id) as unique_users,
        COUNT(*) as total_referrals,...
❌ Query error: ER_NO_SUCH_TABLE: Table 'appzetoa_daily_hisab.referral_master' doesn't exist
Query: 
      SELECT 
        COUNT(DISTINCT user_id) as unique_users,
        COUNT(*) as total_referrals,...
❌ Query error: ER_NO_SUCH_TABLE: Table 'appzetoa_daily_hisab.referral_master' doesn't exist
Query: 
      SELECT 
        COUNT(DISTINCT user_id) as unique_users,
        COUNT(*) as total_referrals,...
❌ Query error: ER_NO_SUCH_TABLE: Table 'appzetoa_daily_hisab.referral_master' doesn't exist
Query: 
      SELECT 
        COUNT(DISTINCT user_id) as unique_users,
        COUNT(*) as total_referrals,...
❌ Query error: ER_NO_SUCH_TABLE: Table 'appzetoa_daily_hisab.referral_master' doesn't exist
Query: 
      SELECT 
        COUNT(DISTINCT user_id) as unique_users,
        COUNT(*) as total_referrals,...
❌ Query error: ER_NO_SUCH_TABLE: Table 'appzetoa_daily_hisab.referral_master' doesn't exist
Query: 
      SELECT 
        COUNT(DISTINCT user_id) as unique_users,
        COUNT(*) as total_referrals,...
❌ Query error: ER_NO_SUCH_TABLE: Table 'appzetoa_daily_hisab.referral_master' doesn't exist
Query: 
      SELECT 
        COUNT(DISTINCT user_id) as unique_users,
        COUNT(*) as total_referrals,...
❌ Query error: ER_NO_SUCH_TABLE: Table 'appzetoa_daily_hisab.referral_master' doesn't exist
Query: 
      SELECT 
        COUNT(DISTINCT user_id) as unique_users,
        COUNT(*) as total_referrals,...
❌ Query error: ER_NO_SUCH_TABLE: Table 'appzetoa_daily_hisab.referral_master' doesn't exist
Query: 
      SELECT 
        COUNT(DISTINCT user_id) as unique_users,
        COUNT(*) as total_referrals,...
❌ Query error: ER_NO_SUCH_TABLE: Table 'appzetoa_daily_hisab.referral_master' doesn't exist
Query: 
      SELECT 
        COUNT(DISTINCT user_id) as unique_users,
        COUNT(*) as total_referrals,...
❌ Query error: ER_NO_SUCH_TABLE: Table 'appzetoa_daily_hisab.referral_master' doesn't exist
Query: 
      SELECT 
        COUNT(DISTINCT user_id) as unique_users,
        COUNT(*) as total_referrals,...
❌ Query error: ER_NO_SUCH_TABLE: Table 'appzetoa_daily_hisab.referral_master' doesn't exist
Query: 
      SELECT 
        COUNT(DISTINCT user_id) as unique_users,
        COUNT(*) as total_referrals,...
❌ Query error: ER_NO_SUCH_TABLE: Table 'appzetoa_daily_hisab.referral_master' doesn't exist
Query: 
      SELECT 
        COUNT(DISTINCT user_id) as unique_users,
        COUNT(*) as total_referrals,...
❌ Query error: ER_NO_SUCH_TABLE: Table 'appzetoa_daily_hisab.referral_master' doesn't exist
Query: 
      SELECT 
        COUNT(DISTINCT user_id) as unique_users,
        COUNT(*) as total_referrals,...
❌ Query error: ER_NO_SUCH_TABLE: Table 'appzetoa_daily_hisab.referral_master' doesn't exist
Query: 
      SELECT 
        COUNT(DISTINCT user_id) as unique_users,
        COUNT(*) as total_referrals,...
❌ Query error: ER_NO_SUCH_TABLE: Table 'appzetoa_daily_hisab.referral_master' doesn't exist
Query: 
      SELECT 
        COUNT(DISTINCT user_id) as unique_users,
        COUNT(*) as total_referrals,...
❌ Query error: ER_NO_SUCH_TABLE: Table 'appzetoa_daily_hisab.referral_master' doesn't exist
Query: 
      SELECT 
        COUNT(DISTINCT user_id) as unique_users,
        COUNT(*) as total_referrals,...
❌ Query error: ER_NO_SUCH_TABLE: Table 'appzetoa_daily_hisab.referral_master' doesn't exist
Query: 
      SELECT 
        COUNT(DISTINCT user_id) as unique_users,
        COUNT(*) as total_referrals,...
❌ Query error: ER_NO_SUCH_TABLE: Table 'appzetoa_daily_hisab.referral_master' doesn't exist
Query: 
      SELECT 
        COUNT(DISTINCT user_id) as unique_users,
        COUNT(*) as total_referrals,...
❌ Query error: ER_NO_SUCH_TABLE: Table 'appzetoa_daily_hisab.referral_master' doesn't exist
Query: 
      SELECT 
        COUNT(DISTINCT user_id) as unique_users,
        COUNT(*) as total_referrals,...
❌ Query error: ER_NO_SUCH_TABLE: Table 'appzetoa_daily_hisab.referral_master' doesn't exist
Query: 
      SELECT 
        COUNT(DISTINCT user_id) as unique_users,
        COUNT(*) as total_referrals,...
❌ Query error: ER_NO_SUCH_TABLE: Table 'appzetoa_daily_hisab.referral_master' doesn't exist
Query: 
      SELECT 
        COUNT(DISTINCT user_id) as unique_users,
        COUNT(*) as total_referrals,...
❌ Query error: ER_NO_SUCH_TABLE: Table 'appzetoa_daily_hisab.referral_master' doesn't exist
Query: 
      SELECT 
        COUNT(DISTINCT user_id) as unique_users,
        COUNT(*) as total_referrals,...
❌ Query error: ER_NO_SUCH_TABLE: Table 'appzetoa_daily_hisab.referral_master' doesn't exist
Query: 
      SELECT 
        COUNT(DISTINCT user_id) as unique_users,
        COUNT(*) as total_referrals,...
❌ Query error: ER_NO_SUCH_TABLE: Table 'appzetoa_daily_hisab.referral_master' doesn't exist
Query: 
      SELECT 
        COUNT(DISTINCT user_id) as unique_users,
        COUNT(*) as total_referrals,...
❌ Query error: ER_NO_SUCH_TABLE: Table 'appzetoa_daily_hisab.referral_master' doesn't exist
Query: 
      SELECT 
        COUNT(DISTINCT user_id) as unique_users,
        COUNT(*) as total_referrals,...
❌ Query error: ER_NO_SUCH_TABLE: Table 'appzetoa_daily_hisab.referral_master' doesn't exist
Query: 
      SELECT 
        COUNT(DISTINCT user_id) as unique_users,
        COUNT(*) as total_referrals,...
❌ Query error: ER_NO_SUCH_TABLE: Table 'appzetoa_daily_hisab.referral_master' doesn't exist
Query: 
      SELECT 
        COUNT(DISTINCT user_id) as unique_users,
        COUNT(*) as total_referrals,...
❌ Query error: ER_NO_SUCH_TABLE: Table 'appzetoa_daily_hisab.referral_master' doesn't exist
Query: 
      SELECT 
        COUNT(DISTINCT user_id) as unique_users,
        COUNT(*) as total_referrals,...
❌ Query error: ER_NO_SUCH_TABLE: Table 'appzetoa_daily_hisab.referral_master' doesn't exist
Query: 
      SELECT 
        COUNT(DISTINCT user_id) as unique_users,
        COUNT(*) as total_referrals,...
❌ Query error: ER_NO_SUCH_TABLE: Table 'appzetoa_daily_hisab.referral_master' doesn't exist
Query: 
      SELECT 
        COUNT(DISTINCT user_id) as unique_users,
        COUNT(*) as total_referrals,...
❌ Query error: ER_NO_SUCH_TABLE: Table 'appzetoa_daily_hisab.referral_master' doesn't exist
Query: 
      SELECT 
        COUNT(DISTINCT user_id) as unique_users,
        COUNT(*) as total_referrals,...
❌ Query error: ER_NO_SUCH_TABLE: Table 'appzetoa_daily_hisab.referral_master' doesn't exist
Query: 
      SELECT 
        COUNT(DISTINCT user_id) as unique_users,
        COUNT(*) as total_referrals,...
❌ Query error: ER_NO_SUCH_TABLE: Table 'appzetoa_daily_hisab.referral_master' doesn't exist
Query: 
      SELECT 
        COUNT(DISTINCT user_id) as unique_users,
        COUNT(*) as total_referrals,...
❌ Query error: ER_NO_SUCH_TABLE: Table 'appzetoa_daily_hisab.referral_master' doesn't exist
Query: 
      SELECT 
        COUNT(DISTINCT user_id) as unique_users,
        COUNT(*) as total_referrals,...
❌ Query error: ER_NO_SUCH_TABLE: Table 'appzetoa_daily_hisab.referral_master' doesn't exist
Query: 
      SELECT 
        COUNT(DISTINCT user_id) as unique_users,
        COUNT(*) as total_referrals,...
❌ Query error: ER_NO_SUCH_TABLE: Table 'appzetoa_daily_hisab.referral_master' doesn't exist
Query: 
      SELECT 
        COUNT(DISTINCT user_id) as unique_users,
        COUNT(*) as total_referrals,...
❌ Query error: ER_NO_SUCH_TABLE: Table 'appzetoa_daily_hisab.referral_master' doesn't exist
Query: 
      SELECT 
        COUNT(DISTINCT user_id) as unique_users,
        COUNT(*) as total_referrals,...
❌ Query error: ER_NO_SUCH_TABLE: Table 'appzetoa_daily_hisab.referral_master' doesn't exist
Query: 
      SELECT 
        COUNT(DISTINCT user_id) as unique_users,
        COUNT(*) as total_referrals,...
❌ Query error: ER_NO_SUCH_TABLE: Table 'appzetoa_daily_hisab.referral_master' doesn't exist
Query: 
      SELECT 
        COUNT(DISTINCT user_id) as unique_users,
        COUNT(*) as total_referrals,...
❌ Query error: ER_NO_SUCH_TABLE: Table 'appzetoa_daily_hisab.referral_master' doesn't exist
Query: 
      SELECT 
        COUNT(DISTINCT user_id) as unique_users,
        COUNT(*) as total_referrals,...
❌ Query error: ER_NO_SUCH_TABLE: Table 'appzetoa_daily_hisab.referral_master' doesn't exist
Query: 
      SELECT 
        COUNT(DISTINCT user_id) as unique_users,
        COUNT(*) as total_referrals,...
❌ Query error: ER_NO_SUCH_TABLE: Table 'appzetoa_daily_hisab.referral_master' doesn't exist
Query: 
      SELECT 
        COUNT(DISTINCT user_id) as unique_users,
        COUNT(*) as total_referrals,...
❌ Query error: ER_NO_SUCH_TABLE: Table 'appzetoa_daily_hisab.referral_master' doesn't exist
Query: 
      SELECT 
        COUNT(DISTINCT user_id) as unique_users,
        COUNT(*) as total_referrals,...
❌ Query error: ER_NO_SUCH_TABLE: Table 'appzetoa_daily_hisab.referral_master' doesn't exist
Query: 
      SELECT 
        COUNT(DISTINCT user_id) as unique_users,
        COUNT(*) as total_referrals,...
❌ Query error: ER_NO_SUCH_TABLE: Table 'appzetoa_daily_hisab.referral_master' doesn't exist
Query: 
      SELECT 
        COUNT(DISTINCT user_id) as unique_users,
        COUNT(*) as total_referrals,...
❌ Query error: ER_NO_SUCH_TABLE: Table 'appzetoa_daily_hisab.referral_master' doesn't exist
Query: 
      SELECT 
        COUNT(DISTINCT user_id) as unique_users,
        COUNT(*) as total_referrals,...
❌ Query error: ER_NO_SUCH_TABLE: Table 'appzetoa_daily_hisab.referral_master' doesn't exist
Query: 
      SELECT 
        COUNT(DISTINCT user_id) as unique_users,
        COUNT(*) as total_referrals,...
❌ Query error: ER_NO_SUCH_TABLE: Table 'appzetoa_daily_hisab.referral_master' doesn't exist
Query: 
      SELECT 
        COUNT(DISTINCT user_id) as unique_users,
        COUNT(*) as total_referrals,...
❌ Query error: ER_NO_SUCH_TABLE: Table 'appzetoa_daily_hisab.referral_master' doesn't exist
Query: 
      SELECT 
        COUNT(DISTINCT user_id) as unique_users,
        COUNT(*) as total_referrals,...
❌ Query error: ER_NO_SUCH_TABLE: Table 'appzetoa_daily_hisab.referral_master' doesn't exist
Query: 
      SELECT 
        COUNT(DISTINCT user_id) as unique_users,
        COUNT(*) as total_referrals,...
❌ Query error: ER_NO_SUCH_TABLE: Table 'appzetoa_daily_hisab.referral_master' doesn't exist
Query: 
      SELECT 
        COUNT(DISTINCT user_id) as unique_users,
        COUNT(*) as total_referrals,...
❌ Query error: ER_NO_SUCH_TABLE: Table 'appzetoa_daily_hisab.referral_master' doesn't exist
Query: 
      SELECT 
        COUNT(DISTINCT user_id) as unique_users,
        COUNT(*) as total_referrals,...
❌ Query error: ER_NO_SUCH_TABLE: Table 'appzetoa_daily_hisab.referral_master' doesn't exist
Query: 
      SELECT 
        COUNT(DISTINCT user_id) as unique_users,
        COUNT(*) as total_referrals,...
❌ Query error: ER_NO_SUCH_TABLE: Table 'appzetoa_daily_hisab.referral_master' doesn't exist
Query: 
      SELECT 
        COUNT(DISTINCT user_id) as unique_users,
        COUNT(*) as total_referrals,...
❌ Query error: ER_NO_SUCH_TABLE: Table 'appzetoa_daily_hisab.referral_master' doesn't exist
Query: 
      SELECT 
        COUNT(DISTINCT user_id) as unique_users,
        COUNT(*) as total_referrals,...
❌ Query error: ER_NO_SUCH_TABLE: Table 'appzetoa_daily_hisab.referral_master' doesn't exist
Query: 
      SELECT 
        COUNT(DISTINCT user_id) as unique_users,
        COUNT(*) as total_referrals,...
❌ Query error: ER_NO_SUCH_TABLE: Table 'appzetoa_daily_hisab.referral_master' doesn't exist
Query: 
      SELECT 
        COUNT(DISTINCT user_id) as unique_users,
        COUNT(*) as total_referrals,...
❌ Query error: ER_NO_SUCH_TABLE: Table 'appzetoa_daily_hisab.referral_master' doesn't exist
Query: 
      SELECT 
        COUNT(DISTINCT user_id) as unique_users,
        COUNT(*) as total_referrals,...
❌ Query error: ER_NO_SUCH_TABLE: Table 'appzetoa_daily_hisab.referral_master' doesn't exist
Query: 
      SELECT 
        COUNT(DISTINCT user_id) as unique_users,
        COUNT(*) as total_referrals,...
❌ Query error: ER_NO_SUCH_TABLE: Table 'appzetoa_daily_hisab.referral_master' doesn't exist
Query: 
      SELECT 
        COUNT(DISTINCT user_id) as unique_users,
        COUNT(*) as total_referrals,...
❌ Query error: ER_NO_SUCH_TABLE: Table 'appzetoa_daily_hisab.referral_master' doesn't exist
Query: 
      SELECT 
        COUNT(DISTINCT user_id) as unique_users,
        COUNT(*) as total_referrals,...
❌ Query error: ER_NO_SUCH_TABLE: Table 'appzetoa_daily_hisab.referral_master' doesn't exist
Query: 
      SELECT 
        COUNT(DISTINCT user_id) as unique_users,
        COUNT(*) as total_referrals,...
❌ Query error: ER_NO_SUCH_TABLE: Table 'appzetoa_daily_hisab.referral_master' doesn't exist
Query: 
      SELECT 
        COUNT(DISTINCT user_id) as unique_users,
        COUNT(*) as total_referrals,...
❌ Query error: ER_NO_SUCH_TABLE: Table 'appzetoa_daily_hisab.referral_master' doesn't exist
Query: 
      SELECT 
        COUNT(DISTINCT user_id) as unique_users,
        COUNT(*) as total_referrals,...
❌ Query error: ER_NO_SUCH_TABLE: Table 'appzetoa_daily_hisab.referral_master' doesn't exist
Query: 
      SELECT 
        COUNT(DISTINCT user_id) as unique_users,
        COUNT(*) as total_referrals,...
❌ Query error: ER_NO_SUCH_TABLE: Table 'appzetoa_daily_hisab.referral_master' doesn't exist
Query: 
      SELECT 
        COUNT(DISTINCT user_id) as unique_users,
        COUNT(*) as total_referrals,...
❌ Query error: ER_NO_SUCH_TABLE: Table 'appzetoa_daily_hisab.referral_master' doesn't exist
Query: 
      SELECT 
        COUNT(DISTINCT user_id) as unique_users,
        COUNT(*) as total_referrals,...
❌ Query error: ER_NO_SUCH_TABLE: Table 'appzetoa_daily_hisab.referral_master' doesn't exist
Query: 
      SELECT 
        COUNT(DISTINCT user_id) as unique_users,
        COUNT(*) as total_referrals,...
❌ Query error: ER_NO_SUCH_TABLE: Table 'appzetoa_daily_hisab.referral_master' doesn't exist
Query: 
      SELECT 
        COUNT(DISTINCT user_id) as unique_users,
        COUNT(*) as total_referrals,...
❌ Query error: ER_NO_SUCH_TABLE: Table 'appzetoa_daily_hisab.referral_master' doesn't exist
Query: 
      SELECT 
        COUNT(DISTINCT user_id) as unique_users,
        COUNT(*) as total_referrals,...
❌ Query error: ER_NO_SUCH_TABLE: Table 'appzetoa_daily_hisab.referral_master' doesn't exist
Query: 
      SELECT 
        COUNT(DISTINCT user_id) as unique_users,
        COUNT(*) as total_referrals,...
❌ Query error: ER_NO_SUCH_TABLE: Table 'appzetoa_daily_hisab.referral_master' doesn't exist
Query: 
      SELECT 
        COUNT(DISTINCT user_id) as unique_users,
        COUNT(*) as total_referrals,...
❌ Query error: ER_NO_SUCH_TABLE: Table 'appzetoa_daily_hisab.referral_master' doesn't exist
Query: 
      SELECT 
        COUNT(DISTINCT user_id) as unique_users,
        COUNT(*) as total_referrals,...
❌ Query error: ER_NO_SUCH_TABLE: Table 'appzetoa_daily_hisab.referral_master' doesn't exist
Query: 
      SELECT 
        COUNT(DISTINCT user_id) as unique_users,
        COUNT(*) as total_referrals,...
❌ Query error: ER_NO_SUCH_TABLE: Table 'appzetoa_daily_hisab.referral_master' doesn't exist
Query: 
      SELECT 
        COUNT(DISTINCT user_id) as unique_users,
        COUNT(*) as total_referrals,...
❌ Query error: ER_NO_SUCH_TABLE: Table 'appzetoa_daily_hisab.referral_master' doesn't exist
Query: 
      SELECT 
        COUNT(DISTINCT user_id) as unique_users,
        COUNT(*) as total_referrals,...
❌ Query error: ER_NO_SUCH_TABLE: Table 'appzetoa_daily_hisab.referral_master' doesn't exist
Query: 
      SELECT 
        COUNT(DISTINCT user_id) as unique_users,
        COUNT(*) as total_referrals,...
❌ Query error: ER_NO_SUCH_TABLE: Table 'appzetoa_daily_hisab.referral_master' doesn't exist
Query: 
      SELECT 
        COUNT(DISTINCT user_id) as unique_users,
        COUNT(*) as total_referrals,...
❌ Query error: ER_NO_SUCH_TABLE: Table 'appzetoa_daily_hisab.referral_master' doesn't exist
Query: 
      SELECT 
        COUNT(DISTINCT user_id) as unique_users,
        COUNT(*) as total_referrals,...
❌ Query error: ER_NO_SUCH_TABLE: Table 'appzetoa_daily_hisab.referral_master' doesn't exist
Query: 
      SELECT 
        COUNT(DISTINCT user_id) as unique_users,
        COUNT(*) as total_referrals,...
❌ Query error: ER_NO_SUCH_TABLE: Table 'appzetoa_daily_hisab.referral_master' doesn't exist
Query: 
      SELECT 
        COUNT(DISTINCT user_id) as unique_users,
        COUNT(*) as total_referrals,...
❌ Query error: ER_NO_SUCH_TABLE: Table 'appzetoa_daily_hisab.referral_master' doesn't exist
Query: 
      SELECT 
        COUNT(DISTINCT user_id) as unique_users,
        COUNT(*) as total_referrals,...
❌ Query error: ER_NO_SUCH_TABLE: Table 'appzetoa_daily_hisab.referral_master' doesn't exist
Query: 
      SELECT 
        COUNT(DISTINCT user_id) as unique_users,
        COUNT(*) as total_referrals,...
❌ Query error: ER_NO_SUCH_TABLE: Table 'appzetoa_daily_hisab.referral_master' doesn't exist
Query: 
      SELECT 
        COUNT(DISTINCT user_id) as unique_users,
        COUNT(*) as total_referrals,...
❌ Query error: ER_NO_SUCH_TABLE: Table 'appzetoa_daily_hisab.referral_master' doesn't exist
Query: 
      SELECT 
        COUNT(DISTINCT user_id) as unique_users,
        COUNT(*) as total_referrals,...
❌ Query error: ER_NO_SUCH_TABLE: Table 'appzetoa_daily_hisab.referral_master' doesn't exist
Query: 
      SELECT 
        COUNT(DISTINCT user_id) as unique_users,
        COUNT(*) as total_referrals,...
❌ Query error: ER_NO_SUCH_TABLE: Table 'appzetoa_daily_hisab.referral_master' doesn't exist
Query: 
      SELECT 
        COUNT(DISTINCT user_id) as unique_users,
        COUNT(*) as total_referrals,...
❌ Query error: ER_NO_SUCH_TABLE: Table 'appzetoa_daily_hisab.referral_master' doesn't exist
Query: 
      SELECT 
        COUNT(DISTINCT user_id) as unique_users,
        COUNT(*) as total_referrals,...
❌ Query error: ER_NO_SUCH_TABLE: Table 'appzetoa_daily_hisab.referral_master' doesn't exist
Query: 
      SELECT 
        COUNT(DISTINCT user_id) as unique_users,
        COUNT(*) as total_referrals,...
❌ Query error: ER_NO_SUCH_TABLE: Table 'appzetoa_daily_hisab.referral_master' doesn't exist
Query: 
      SELECT 
        COUNT(DISTINCT user_id) as unique_users,
        COUNT(*) as total_referrals,...
❌ Query error: ER_NO_SUCH_TABLE: Table 'appzetoa_daily_hisab.referral_master' doesn't exist
Query: 
      SELECT 
        COUNT(DISTINCT user_id) as unique_users,
        COUNT(*) as total_referrals,...
❌ Query error: ER_NO_SUCH_TABLE: Table 'appzetoa_daily_hisab.referral_master' doesn't exist
Query: 
      SELECT 
        COUNT(DISTINCT user_id) as unique_users,
        COUNT(*) as total_referrals,...
❌ Query error: ER_NO_SUCH_TABLE: Table 'appzetoa_daily_hisab.referral_master' doesn't exist
Query: 
      SELECT 
        COUNT(DISTINCT user_id) as unique_users,
        COUNT(*) as total_referrals,...
❌ Query error: ER_NO_SUCH_TABLE: Table 'appzetoa_daily_hisab.referral_master' doesn't exist
Query: 
      SELECT 
        COUNT(DISTINCT user_id) as unique_users,
        COUNT(*) as total_referrals,...
❌ Query error: ER_NO_SUCH_TABLE: Table 'appzetoa_daily_hisab.referral_master' doesn't exist
Query: 
      SELECT 
        COUNT(DISTINCT user_id) as unique_users,
        COUNT(*) as total_referrals,...
❌ Query error: ER_NO_SUCH_TABLE: Table 'appzetoa_daily_hisab.referral_master' doesn't exist
Query: 
      SELECT 
        COUNT(DISTINCT user_id) as unique_users,
        COUNT(*) as total_referrals,...
❌ Query error: ER_NO_SUCH_TABLE: Table 'appzetoa_daily_hisab.referral_master' doesn't exist
Query: 
      SELECT 
        COUNT(DISTINCT user_id) as unique_users,
        COUNT(*) as total_referrals,...
❌ Query error: ER_NO_SUCH_TABLE: Table 'appzetoa_daily_hisab.referral_master' doesn't exist
Query: 
      SELECT 
        COUNT(DISTINCT user_id) as unique_users,
        COUNT(*) as total_referrals,...
❌ Query error: ER_NO_SUCH_TABLE: Table 'appzetoa_daily_hisab.referral_master' doesn't exist
Query: 
      SELECT 
        COUNT(DISTINCT user_id) as unique_users,
        COUNT(*) as total_referrals,...
❌ Query error: ER_NO_SUCH_TABLE: Table 'appzetoa_daily_hisab.referral_master' doesn't exist
Query: 
      SELECT 
        COUNT(DISTINCT user_id) as unique_users,
        COUNT(*) as total_referrals,...
❌ Query error: ER_NO_SUCH_TABLE: Table 'appzetoa_daily_hisab.referral_master' doesn't exist
Query: 
      SELECT 
        COUNT(DISTINCT user_id) as unique_users,
        COUNT(*) as total_referrals,...
❌ Query error: ER_NO_SUCH_TABLE: Table 'appzetoa_daily_hisab.referral_master' doesn't exist
Query: 
      SELECT 
        COUNT(DISTINCT user_id) as unique_users,
        COUNT(*) as total_referrals,...
❌ Query error: ER_NO_SUCH_TABLE: Table 'appzetoa_daily_hisab.referral_master' doesn't exist
Query: 
      SELECT 
        COUNT(DISTINCT user_id) as unique_users,
        COUNT(*) as total_referrals,...
❌ Query error: ER_NO_SUCH_TABLE: Table 'appzetoa_daily_hisab.referral_master' doesn't exist
Query: 
      SELECT 
        COUNT(DISTINCT user_id) as unique_users,
        COUNT(*) as total_referrals,...
❌ Query error: ER_NO_SUCH_TABLE: Table 'appzetoa_daily_hisab.referral_master' doesn't exist
Query: 
      SELECT 
        COUNT(DISTINCT user_id) as unique_users,
        COUNT(*) as total_referrals,...
❌ Query error: ER_NO_SUCH_TABLE: Table 'appzetoa_daily_hisab.referral_master' doesn't exist
Query: 
      SELECT 
        COUNT(DISTINCT user_id) as unique_users,
        COUNT(*) as total_referrals,...
❌ Query error: ER_NO_SUCH_TABLE: Table 'appzetoa_daily_hisab.referral_master' doesn't exist
Query: 
      SELECT 
        COUNT(DISTINCT user_id) as unique_users,
        COUNT(*) as total_referrals,...
❌ Query error: ER_NO_SUCH_TABLE: Table 'appzetoa_daily_hisab.referral_master' doesn't exist
Query: 
      SELECT 
        COUNT(DISTINCT user_id) as unique_users,
        COUNT(*) as total_referrals,...
❌ Query error: ER_NO_SUCH_TABLE: Table 'appzetoa_daily_hisab.referral_master' doesn't exist
Query: 
      SELECT 
        COUNT(DISTINCT user_id) as unique_users,
        COUNT(*) as total_referrals,...
❌ Query error: ER_NO_SUCH_TABLE: Table 'appzetoa_daily_hisab.referral_master' doesn't exist
Query: 
      SELECT 
        COUNT(DISTINCT user_id) as unique_users,
        COUNT(*) as total_referrals,...
❌ Query error: ER_NO_SUCH_TABLE: Table 'appzetoa_daily_hisab.referral_master' doesn't exist
Query: 
      SELECT 
        COUNT(DISTINCT user_id) as unique_users,
        COUNT(*) as total_referrals,...
❌ Query error: ER_NO_SUCH_TABLE: Table 'appzetoa_daily_hisab.referral_master' doesn't exist
Query: 
      SELECT 
        COUNT(DISTINCT user_id) as unique_users,
        COUNT(*) as total_referrals,...
❌ Query error: ER_NO_SUCH_TABLE: Table 'appzetoa_daily_hisab.referral_master' doesn't exist
Query: 
      SELECT 
        COUNT(DISTINCT user_id) as unique_users,
        COUNT(*) as total_referrals,...
❌ Query error: ER_NO_SUCH_TABLE: Table 'appzetoa_daily_hisab.referral_master' doesn't exist
Query: 
      SELECT 
        COUNT(DISTINCT user_id) as unique_users,
        COUNT(*) as total_referrals,...
❌ Query error: ER_NO_SUCH_TABLE: Table 'appzetoa_daily_hisab.referral_master' doesn't exist
Query: 
      SELECT 
        COUNT(DISTINCT user_id) as unique_users,
        COUNT(*) as total_referrals,...
❌ Query error: ER_NO_SUCH_TABLE: Table 'appzetoa_daily_hisab.referral_master' doesn't exist
Query: 
      SELECT 
        COUNT(DISTINCT user_id) as unique_users,
        COUNT(*) as total_referrals,...
❌ Query error: ER_NO_SUCH_TABLE: Table 'appzetoa_daily_hisab.referral_master' doesn't exist
Query: 
      SELECT 
        COUNT(DISTINCT user_id) as unique_users,
        COUNT(*) as total_referrals,...
❌ Query error: ER_NO_SUCH_TABLE: Table 'appzetoa_daily_hisab.referral_master' doesn't exist
Query: 
      SELECT 
        COUNT(DISTINCT user_id) as unique_users,
        COUNT(*) as total_referrals,...
❌ Query error: ER_NO_SUCH_TABLE: Table 'appzetoa_daily_hisab.referral_master' doesn't exist
Query: 
      SELECT 
        COUNT(DISTINCT user_id) as unique_users,
        COUNT(*) as total_referrals,...
❌ Query error: ER_NO_SUCH_TABLE: Table 'appzetoa_daily_hisab.referral_master' doesn't exist
Query: 
      SELECT 
        COUNT(DISTINCT user_id) as unique_users,
        COUNT(*) as total_referrals,...
❌ Query error: ER_NO_SUCH_TABLE: Table 'appzetoa_daily_hisab.referral_master' doesn't exist
Query: 
      SELECT 
        COUNT(DISTINCT user_id) as unique_users,
        COUNT(*) as total_referrals,...
❌ Query error: ER_NO_SUCH_TABLE: Table 'appzetoa_daily_hisab.referral_master' doesn't exist
Query: 
      SELECT 
        COUNT(DISTINCT user_id) as unique_users,
        COUNT(*) as total_referrals,...
❌ Query error: ER_NO_SUCH_TABLE: Table 'appzetoa_daily_hisab.referral_master' doesn't exist
Query: 
      SELECT 
        COUNT(DISTINCT user_id) as unique_users,
        COUNT(*) as total_referrals,...
❌ Query error: ER_NO_SUCH_TABLE: Table 'appzetoa_daily_hisab.referral_master' doesn't exist
Query: 
      SELECT 
        COUNT(DISTINCT user_id) as unique_users,
        COUNT(*) as total_referrals,...
❌ Query error: ER_NO_SUCH_TABLE: Table 'appzetoa_daily_hisab.referral_master' doesn't exist
Query: 
      SELECT 
        COUNT(DISTINCT user_id) as unique_users,
        COUNT(*) as total_referrals,...
❌ Query error: ER_NO_SUCH_TABLE: Table 'appzetoa_daily_hisab.referral_master' doesn't exist
Query: 
      SELECT 
        COUNT(DISTINCT user_id) as unique_users,
        COUNT(*) as total_referrals,...
❌ Query error: ER_NO_SUCH_TABLE: Table 'appzetoa_daily_hisab.referral_master' doesn't exist
Query: 
      SELECT 
        COUNT(DISTINCT user_id) as unique_users,
        COUNT(*) as total_referrals,...
❌ Query error: ER_NO_SUCH_TABLE: Table 'appzetoa_daily_hisab.referral_master' doesn't exist
Query: 
      SELECT 
        COUNT(DISTINCT user_id) as unique_users,
        COUNT(*) as total_referrals,...
❌ Query error: ER_NO_SUCH_TABLE: Table 'appzetoa_daily_hisab.referral_master' doesn't exist
Query: 
      SELECT 
        COUNT(DISTINCT user_id) as unique_users,
        COUNT(*) as total_referrals,...
❌ Query error: ER_NO_SUCH_TABLE: Table 'appzetoa_daily_hisab.referral_master' doesn't exist
Query: 
      SELECT 
        COUNT(DISTINCT user_id) as unique_users,
        COUNT(*) as total_referrals,...
❌ Query error: ER_NO_SUCH_TABLE: Table 'appzetoa_daily_hisab.referral_master' doesn't exist
Query: 
      SELECT 
        COUNT(DISTINCT user_id) as unique_users,
        COUNT(*) as total_referrals,...
❌ Query error: ER_NO_SUCH_TABLE: Table 'appzetoa_daily_hisab.referral_master' doesn't exist
Query: 
      SELECT 
        COUNT(DISTINCT user_id) as unique_users,
        COUNT(*) as total_referrals,...
❌ Query error: ER_NO_SUCH_TABLE: Table 'appzetoa_daily_hisab.referral_master' doesn't exist
Query: 
      SELECT 
        COUNT(DISTINCT user_id) as unique_users,
        COUNT(*) as total_referrals,...
❌ Query error: ER_NO_SUCH_TABLE: Table 'appzetoa_daily_hisab.referral_master' doesn't exist
Query: 
      SELECT 
        COUNT(DISTINCT user_id) as unique_users,
        COUNT(*) as total_referrals,...
❌ Query error: ER_NO_SUCH_TABLE: Table 'appzetoa_daily_hisab.referral_master' doesn't exist
Query: 
      SELECT 
        COUNT(DISTINCT user_id) as unique_users,
        COUNT(*) as total_referrals,...
❌ Query error: ER_NO_SUCH_TABLE: Table 'appzetoa_daily_hisab.referral_master' doesn't exist
Query: 
      SELECT 
        COUNT(DISTINCT user_id) as unique_users,
        COUNT(*) as total_referrals,...
❌ Query error: ER_NO_SUCH_TABLE: Table 'appzetoa_daily_hisab.referral_master' doesn't exist
Query: 
      SELECT 
        COUNT(DISTINCT user_id) as unique_users,
        COUNT(*) as total_referrals,...
❌ Query error: ER_NO_SUCH_TABLE: Table 'appzetoa_daily_hisab.referral_master' doesn't exist
Query: 
      SELECT 
        COUNT(DISTINCT user_id) as unique_users,
        COUNT(*) as total_referrals,...
❌ Query error: ER_NO_SUCH_TABLE: Table 'appzetoa_daily_hisab.referral_master' doesn't exist
Query: 
      SELECT 
        COUNT(DISTINCT user_id) as unique_users,
        COUNT(*) as total_referrals,...
❌ Query error: ER_NO_SUCH_TABLE: Table 'appzetoa_daily_hisab.referral_master' doesn't exist
Query: 
      SELECT 
        COUNT(DISTINCT user_id) as unique_users,
        COUNT(*) as total_referrals,...
❌ Query error: ER_NO_SUCH_TABLE: Table 'appzetoa_daily_hisab.referral_master' doesn't exist
Query: 
      SELECT 
        COUNT(DISTINCT user_id) as unique_users,
        COUNT(*) as total_referrals,...
❌ Query error: ER_NO_SUCH_TABLE: Table 'appzetoa_daily_hisab.referral_master' doesn't exist
Query: 
      SELECT 
        COUNT(DISTINCT user_id) as unique_users,
        COUNT(*) as total_referrals,...
❌ Query error: ER_NO_SUCH_TABLE: Table 'appzetoa_daily_hisab.referral_master' doesn't exist
Query: 
      SELECT 
        COUNT(DISTINCT user_id) as unique_users,
        COUNT(*) as total_referrals,...
❌ Query error: ER_NO_SUCH_TABLE: Table 'appzetoa_daily_hisab.referral_master' doesn't exist
Query: 
      SELECT 
        COUNT(DISTINCT user_id) as unique_users,
        COUNT(*) as total_referrals,...
❌ Query error: ER_NO_SUCH_TABLE: Table 'appzetoa_daily_hisab.referral_master' doesn't exist
Query: 
      SELECT 
        COUNT(DISTINCT user_id) as unique_users,
        COUNT(*) as total_referrals,...
❌ Query error: ER_NO_SUCH_TABLE: Table 'appzetoa_daily_hisab.referral_master' doesn't exist
Query: 
      SELECT 
        COUNT(DISTINCT user_id) as unique_users,
        COUNT(*) as total_referrals,...
❌ Query error: ER_PARSE_ERROR: You have an error in your SQL syntax; check the manual that corresponds to your MySQL server version for the right syntax to use near 'low_priority,
        COUNT(CASE WHEN priority = 2 THEN 1 END) as medium_priorit' at line 9
Query: 
      SELECT 
        COUNT(*) as total_tickets,
        COUNT(CASE WHEN delete_flag = 0 THEN 1 END...
❌ Query error: ER_NO_SUCH_TABLE: Table 'appzetoa_daily_hisab.referral_master' doesn't exist
Query: 
      SELECT 
        COUNT(DISTINCT user_id) as unique_users,
        COUNT(*) as total_referrals,...
❌ Query error: ER_NO_SUCH_TABLE: Table 'appzetoa_daily_hisab.referral_master' doesn't exist
Query: 
      SELECT 
        COUNT(DISTINCT user_id) as unique_users,
        COUNT(*) as total_referrals,...
❌ Query error: ER_NO_SUCH_TABLE: Table 'appzetoa_daily_hisab.referral_master' doesn't exist
Query: 
      SELECT 
        COUNT(DISTINCT user_id) as unique_users,
        COUNT(*) as total_referrals,...
❌ Query error: ER_NO_SUCH_TABLE: Table 'appzetoa_daily_hisab.referral_master' doesn't exist
Query: 
      SELECT 
        COUNT(DISTINCT user_id) as unique_users,
        COUNT(*) as total_referrals,...
❌ Query error: ER_NO_SUCH_TABLE: Table 'appzetoa_daily_hisab.referral_master' doesn't exist
Query: 
      SELECT 
        COUNT(DISTINCT user_id) as unique_users,
        COUNT(*) as total_referrals,...
❌ Query error: ER_NO_SUCH_TABLE: Table 'appzetoa_daily_hisab.referral_master' doesn't exist
Query: 
      SELECT 
        COUNT(DISTINCT user_id) as unique_users,
        COUNT(*) as total_referrals,...
❌ Query error: ER_NO_SUCH_TABLE: Table 'appzetoa_daily_hisab.referral_master' doesn't exist
Query: 
      SELECT 
        COUNT(DISTINCT user_id) as unique_users,
        COUNT(*) as total_referrals,...
❌ Query error: ER_NO_SUCH_TABLE: Table 'appzetoa_daily_hisab.referral_master' doesn't exist
Query: 
      SELECT 
        COUNT(DISTINCT user_id) as unique_users,
        COUNT(*) as total_referrals,...
❌ Query error: ER_NO_SUCH_TABLE: Table 'appzetoa_daily_hisab.referral_master' doesn't exist
Query: 
      SELECT 
        COUNT(DISTINCT user_id) as unique_users,
        COUNT(*) as total_referrals,...
❌ Query error: ER_NO_SUCH_TABLE: Table 'appzetoa_daily_hisab.referral_master' doesn't exist
Query: 
      SELECT 
        COUNT(DISTINCT user_id) as unique_users,
        COUNT(*) as total_referrals,...
❌ Query error: ER_NO_SUCH_TABLE: Table 'appzetoa_daily_hisab.referral_master' doesn't exist
Query: 
      SELECT 
        COUNT(DISTINCT user_id) as unique_users,
        COUNT(*) as total_referrals,...
❌ Query error: ER_NO_SUCH_TABLE: Table 'appzetoa_daily_hisab.referral_master' doesn't exist
Query: 
      SELECT 
        COUNT(DISTINCT user_id) as unique_users,
        COUNT(*) as total_referrals,...
❌ Query error: ER_NO_SUCH_TABLE: Table 'appzetoa_daily_hisab.referral_master' doesn't exist
Query: 
      SELECT 
        COUNT(DISTINCT user_id) as unique_users,
        COUNT(*) as total_referrals,...
❌ Query error: ER_NO_SUCH_TABLE: Table 'appzetoa_daily_hisab.referral_master' doesn't exist
Query: 
      SELECT 
        COUNT(DISTINCT user_id) as unique_users,
        COUNT(*) as total_referrals,...
❌ Query error: ER_NO_SUCH_TABLE: Table 'appzetoa_daily_hisab.reminder_master' doesn't exist
Query: DELETE FROM reminder_master WHERE user_id = ?...
Error deleting reminders: Error: ER_NO_SUCH_TABLE: Table 'appzetoa_daily_hisab.reminder_master' doesn't exist
    at Sequence._packetToError (/home/appzetoa/public_html/daliyhisab/server/node_modules/mysql/lib/protocol/sequences/Sequence.js:47:14)
    at Query.ErrorPacket (/home/appzetoa/public_html/daliyhisab/server/node_modules/mysql/lib/protocol/sequences/Query.js:79:18)
    at Protocol._parsePacket (/home/appzetoa/public_html/daliyhisab/server/node_modules/mysql/lib/protocol/Protocol.js:291:23)
    at Parser._parsePacket (/home/appzetoa/public_html/daliyhisab/server/node_modules/mysql/lib/protocol/Parser.js:433:10)
    at Parser.write (/home/appzetoa/public_html/daliyhisab/server/node_modules/mysql/lib/protocol/Parser.js:43:10)
    at Protocol.write (/home/appzetoa/public_html/daliyhisab/server/node_modules/mysql/lib/protocol/Protocol.js:38:16)
    at Socket.<anonymous> (/home/appzetoa/public_html/daliyhisab/server/node_modules/mysql/lib/Connection.js:88:28)
    at Socket.<anonymous> (/home/appzetoa/public_html/daliyhisab/server/node_modules/mysql/lib/Connection.js:526:10)
    at Socket.emit (node:events:524:28)
    at addChunk (node:internal/streams/readable:561:12)
    --------------------
    at Protocol._enqueue (/home/appzetoa/public_html/daliyhisab/server/node_modules/mysql/lib/protocol/Protocol.js:144:48)
    at PoolConnection.query (/home/appzetoa/public_html/daliyhisab/server/node_modules/mysql/lib/Connection.js:198:25)
    at Query.<anonymous> (file:///home/appzetoa/public_html/daliyhisab/server/connection/dbConfig.js:138:22)
    at Query.<anonymous> (/home/appzetoa/public_html/daliyhisab/server/node_modules/mysql/lib/Connection.js:526:10)
    at Query._callback (/home/appzetoa/public_html/daliyhisab/server/node_modules/mysql/lib/Connection.js:488:16)
    at Sequence.end (/home/appzetoa/public_html/daliyhisab/server/node_modules/mysql/lib/protocol/sequences/Sequence.js:83:24)
    at Query._handleFinalResultPacket (/home/appzetoa/public_html/daliyhisab/server/node_modules/mysql/lib/protocol/sequences/Query.js:149:8)
    at Query.OkPacket (/home/appzetoa/public_html/daliyhisab/server/node_modules/mysql/lib/protocol/sequences/Query.js:74:10)
    at Protocol._parsePacket (/home/appzetoa/public_html/daliyhisab/server/node_modules/mysql/lib/protocol/Protocol.js:291:23)
    at Parser._parsePacket (/home/appzetoa/public_html/daliyhisab/server/node_modules/mysql/lib/protocol/Parser.js:433:10) {
  code: 'ER_NO_SUCH_TABLE',
  errno: 1146,
  sqlMessage: "Table 'appzetoa_daily_hisab.reminder_master' doesn't exist",
  sqlState: '42S02',
  index: 0,
  sql: 'DELETE FROM reminder_master WHERE user_id = 261'
}
❌ Query error: ER_NO_SUCH_TABLE: Table 'appzetoa_daily_hisab.recurring_payment_master' doesn't exist
Query: DELETE FROM recurring_payment_master WHERE user_id = ?...
Error deleting recurring payments: Error: ER_NO_SUCH_TABLE: Table 'appzetoa_daily_hisab.recurring_payment_master' doesn't exist
    at Sequence._packetToError (/home/appzetoa/public_html/daliyhisab/server/node_modules/mysql/lib/protocol/sequences/Sequence.js:47:14)
    at Query.ErrorPacket (/home/appzetoa/public_html/daliyhisab/server/node_modules/mysql/lib/protocol/sequences/Query.js:79:18)
    at Protocol._parsePacket (/home/appzetoa/public_html/daliyhisab/server/node_modules/mysql/lib/protocol/Protocol.js:291:23)
    at Parser._parsePacket (/home/appzetoa/public_html/daliyhisab/server/node_modules/mysql/lib/protocol/Parser.js:433:10)
    at Parser.write (/home/appzetoa/public_html/daliyhisab/server/node_modules/mysql/lib/protocol/Parser.js:43:10)
    at Protocol.write (/home/appzetoa/public_html/daliyhisab/server/node_modules/mysql/lib/protocol/Protocol.js:38:16)
    at Socket.<anonymous> (/home/appzetoa/public_html/daliyhisab/server/node_modules/mysql/lib/Connection.js:88:28)
    at Socket.<anonymous> (/home/appzetoa/public_html/daliyhisab/server/node_modules/mysql/lib/Connection.js:526:10)
    at Socket.emit (node:events:524:28)
    at addChunk (node:internal/streams/readable:561:12)
    --------------------
    at Protocol._enqueue (/home/appzetoa/public_html/daliyhisab/server/node_modules/mysql/lib/protocol/Protocol.js:144:48)
    at PoolConnection.query (/home/appzetoa/public_html/daliyhisab/server/node_modules/mysql/lib/Connection.js:198:25)
    at Query.<anonymous> (file:///home/appzetoa/public_html/daliyhisab/server/connection/dbConfig.js:138:22)
    at Query.<anonymous> (/home/appzetoa/public_html/daliyhisab/server/node_modules/mysql/lib/Connection.js:526:10)
    at Query._callback (/home/appzetoa/public_html/daliyhisab/server/node_modules/mysql/lib/Connection.js:488:16)
    at Sequence.end (/home/appzetoa/public_html/daliyhisab/server/node_modules/mysql/lib/protocol/sequences/Sequence.js:83:24)
    at Query._handleFinalResultPacket (/home/appzetoa/public_html/daliyhisab/server/node_modules/mysql/lib/protocol/sequences/Query.js:149:8)
    at Query.OkPacket (/home/appzetoa/public_html/daliyhisab/server/node_modules/mysql/lib/protocol/sequences/Query.js:74:10)
    at Protocol._parsePacket (/home/appzetoa/public_html/daliyhisab/server/node_modules/mysql/lib/protocol/Protocol.js:291:23)
    at Parser._parsePacket (/home/appzetoa/public_html/daliyhisab/server/node_modules/mysql/lib/protocol/Parser.js:433:10) {
  code: 'ER_NO_SUCH_TABLE',
  errno: 1146,
  sqlMessage: "Table 'appzetoa_daily_hisab.recurring_payment_master' doesn't exist",
  sqlState: '42S02',
  index: 0,
  sql: 'DELETE FROM recurring_payment_master WHERE user_id = 261'
}
❌ Query error: ER_NO_SUCH_TABLE: Table 'appzetoa_daily_hisab.notification_master' doesn't exist
Query: DELETE FROM notification_master WHERE user_id = ?...
Error deleting notifications: Error: ER_NO_SUCH_TABLE: Table 'appzetoa_daily_hisab.notification_master' doesn't exist
    at Sequence._packetToError (/home/appzetoa/public_html/daliyhisab/server/node_modules/mysql/lib/protocol/sequences/Sequence.js:47:14)
    at Query.ErrorPacket (/home/appzetoa/public_html/daliyhisab/server/node_modules/mysql/lib/protocol/sequences/Query.js:79:18)
    at Protocol._parsePacket (/home/appzetoa/public_html/daliyhisab/server/node_modules/mysql/lib/protocol/Protocol.js:291:23)
    at Parser._parsePacket (/home/appzetoa/public_html/daliyhisab/server/node_modules/mysql/lib/protocol/Parser.js:433:10)
    at Parser.write (/home/appzetoa/public_html/daliyhisab/server/node_modules/mysql/lib/protocol/Parser.js:43:10)
    at Protocol.write (/home/appzetoa/public_html/daliyhisab/server/node_modules/mysql/lib/protocol/Protocol.js:38:16)
    at Socket.<anonymous> (/home/appzetoa/public_html/daliyhisab/server/node_modules/mysql/lib/Connection.js:88:28)
    at Socket.<anonymous> (/home/appzetoa/public_html/daliyhisab/server/node_modules/mysql/lib/Connection.js:526:10)
    at Socket.emit (node:events:524:28)
    at addChunk (node:internal/streams/readable:561:12)
    --------------------
    at Protocol._enqueue (/home/appzetoa/public_html/daliyhisab/server/node_modules/mysql/lib/protocol/Protocol.js:144:48)
    at PoolConnection.query (/home/appzetoa/public_html/daliyhisab/server/node_modules/mysql/lib/Connection.js:198:25)
    at Query.<anonymous> (file:///home/appzetoa/public_html/daliyhisab/server/connection/dbConfig.js:138:22)
    at Query.<anonymous> (/home/appzetoa/public_html/daliyhisab/server/node_modules/mysql/lib/Connection.js:526:10)
    at Query._callback (/home/appzetoa/public_html/daliyhisab/server/node_modules/mysql/lib/Connection.js:488:16)
    at Sequence.end (/home/appzetoa/public_html/daliyhisab/server/node_modules/mysql/lib/protocol/sequences/Sequence.js:83:24)
    at Query._handleFinalResultPacket (/home/appzetoa/public_html/daliyhisab/server/node_modules/mysql/lib/protocol/sequences/Query.js:149:8)
    at Query.OkPacket (/home/appzetoa/public_html/daliyhisab/server/node_modules/mysql/lib/protocol/sequences/Query.js:74:10)
    at Protocol._parsePacket (/home/appzetoa/public_html/daliyhisab/server/node_modules/mysql/lib/protocol/Protocol.js:291:23)
    at Parser._parsePacket (/home/appzetoa/public_html/daliyhisab/server/node_modules/mysql/lib/protocol/Parser.js:433:10) {
  code: 'ER_NO_SUCH_TABLE',
  errno: 1146,
  sqlMessage: "Table 'appzetoa_daily_hisab.notification_master' doesn't exist",
  sqlState: '42S02',
  index: 0,
  sql: 'DELETE FROM notification_master WHERE user_id = 261'
}
❌ Query error: ER_NO_SUCH_TABLE: Table 'appzetoa_daily_hisab.referral_master' doesn't exist
Query: 
      SELECT 
        COUNT(DISTINCT user_id) as unique_users,
        COUNT(*) as total_referrals,...
❌ Query error: ER_NO_SUCH_TABLE: Table 'appzetoa_daily_hisab.referral_master' doesn't exist
Query: 
      SELECT 
        COUNT(DISTINCT user_id) as unique_users,
        COUNT(*) as total_referrals,...
❌ Query error: ER_NO_SUCH_TABLE: Table 'appzetoa_daily_hisab.referral_master' doesn't exist
Query: 
      SELECT 
        COUNT(DISTINCT user_id) as unique_users,
        COUNT(*) as total_referrals,...
❌ Query error: ER_NO_SUCH_TABLE: Table 'appzetoa_daily_hisab.referral_master' doesn't exist
Query: 
      SELECT 
        COUNT(DISTINCT user_id) as unique_users,
        COUNT(*) as total_referrals,...
❌ Query error: ER_NO_SUCH_TABLE: Table 'appzetoa_daily_hisab.referral_master' doesn't exist
Query: 
      SELECT 
        COUNT(DISTINCT user_id) as unique_users,
        COUNT(*) as total_referrals,...
❌ Query error: ER_NO_SUCH_TABLE: Table 'appzetoa_daily_hisab.referral_master' doesn't exist
Query: 
      SELECT 
        COUNT(DISTINCT user_id) as unique_users,
        COUNT(*) as total_referrals,...
❌ Query error: ER_NO_SUCH_TABLE: Table 'appzetoa_daily_hisab.referral_master' doesn't exist
Query: 
      SELECT 
        COUNT(DISTINCT user_id) as unique_users,
        COUNT(*) as total_referrals,...
❌ Query error: ER_NO_SUCH_TABLE: Table 'appzetoa_daily_hisab.referral_master' doesn't exist
Query: 
      SELECT 
        COUNT(DISTINCT user_id) as unique_users,
        COUNT(*) as total_referrals,...
❌ Query error: ER_NO_SUCH_TABLE: Table 'appzetoa_daily_hisab.referral_master' doesn't exist
Query: 
      SELECT 
        COUNT(DISTINCT user_id) as unique_users,
        COUNT(*) as total_referrals,...
❌ Query error: ER_NO_SUCH_TABLE: Table 'appzetoa_daily_hisab.referral_master' doesn't exist
Query: 
      SELECT 
        COUNT(DISTINCT user_id) as unique_users,
        COUNT(*) as total_referrals,...
❌ Query error: ER_NO_SUCH_TABLE: Table 'appzetoa_daily_hisab.referral_master' doesn't exist
Query: 
      SELECT 
        COUNT(DISTINCT user_id) as unique_users,
        COUNT(*) as total_referrals,...
❌ Query error: ER_NO_SUCH_TABLE: Table 'appzetoa_daily_hisab.referral_master' doesn't exist
Query: 
      SELECT 
        COUNT(DISTINCT user_id) as unique_users,
        COUNT(*) as total_referrals,...
❌ Query error: ER_NO_SUCH_TABLE: Table 'appzetoa_daily_hisab.referral_master' doesn't exist
Query: 
      SELECT 
        COUNT(DISTINCT user_id) as unique_users,
        COUNT(*) as total_referrals,...
❌ Query error: ER_NO_SUCH_TABLE: Table 'appzetoa_daily_hisab.referral_master' doesn't exist
Query: 
      SELECT 
        COUNT(DISTINCT user_id) as unique_users,
        COUNT(*) as total_referrals,...
❌ Query error: ER_NO_SUCH_TABLE: Table 'appzetoa_daily_hisab.referral_master' doesn't exist
Query: 
      SELECT 
        COUNT(DISTINCT user_id) as unique_users,
        COUNT(*) as total_referrals,...
❌ Query error: ER_NO_SUCH_TABLE: Table 'appzetoa_daily_hisab.referral_master' doesn't exist
Query: 
      SELECT 
        COUNT(DISTINCT user_id) as unique_users,
        COUNT(*) as total_referrals,...
❌ Query error: ER_NO_SUCH_TABLE: Table 'appzetoa_daily_hisab.referral_master' doesn't exist
Query: 
      SELECT 
        COUNT(DISTINCT user_id) as unique_users,
        COUNT(*) as total_referrals,...
❌ Query error: ER_NO_SUCH_TABLE: Table 'appzetoa_daily_hisab.referral_master' doesn't exist
Query: 
      SELECT 
        COUNT(DISTINCT user_id) as unique_users,
        COUNT(*) as total_referrals,...
❌ Query error: ER_NO_SUCH_TABLE: Table 'appzetoa_daily_hisab.referral_master' doesn't exist
Query: 
      SELECT 
        COUNT(DISTINCT user_id) as unique_users,
        COUNT(*) as total_referrals,...
❌ Query error: ER_NO_SUCH_TABLE: Table 'appzetoa_daily_hisab.referral_master' doesn't exist
Query: 
      SELECT 
        COUNT(DISTINCT user_id) as unique_users,
        COUNT(*) as total_referrals,...
❌ Query error: ER_NO_SUCH_TABLE: Table 'appzetoa_daily_hisab.referral_master' doesn't exist
Query: 
      SELECT 
        COUNT(DISTINCT user_id) as unique_users,
        COUNT(*) as total_referrals,...
❌ Query error: ER_NO_SUCH_TABLE: Table 'appzetoa_daily_hisab.referral_master' doesn't exist
Query: 
      SELECT 
        COUNT(DISTINCT user_id) as unique_users,
        COUNT(*) as total_referrals,...
❌ Query error: ER_NO_SUCH_TABLE: Table 'appzetoa_daily_hisab.referral_master' doesn't exist
Query: 
      SELECT 
        COUNT(DISTINCT user_id) as unique_users,
        COUNT(*) as total_referrals,...
❌ Query error: ER_NO_SUCH_TABLE: Table 'appzetoa_daily_hisab.referral_master' doesn't exist
Query: 
      SELECT 
        COUNT(DISTINCT user_id) as unique_users,
        COUNT(*) as total_referrals,...
❌ Query error: ER_NO_SUCH_TABLE: Table 'appzetoa_daily_hisab.referral_master' doesn't exist
Query: 
      SELECT 
        COUNT(DISTINCT user_id) as unique_users,
        COUNT(*) as total_referrals,...
❌ Query error: ER_NO_SUCH_TABLE: Table 'appzetoa_daily_hisab.referral_master' doesn't exist
Query: 
      SELECT 
        COUNT(DISTINCT user_id) as unique_users,
        COUNT(*) as total_referrals,...
❌ Query error: ER_NO_SUCH_TABLE: Table 'appzetoa_daily_hisab.referral_master' doesn't exist
Query: 
      SELECT 
        COUNT(DISTINCT user_id) as unique_users,
        COUNT(*) as total_referrals,...
❌ Query error: ER_NO_SUCH_TABLE: Table 'appzetoa_daily_hisab.referral_master' doesn't exist
Query: 
      SELECT 
        COUNT(DISTINCT user_id) as unique_users,
        COUNT(*) as total_referrals,...
❌ Query error: ER_NO_SUCH_TABLE: Table 'appzetoa_daily_hisab.referral_master' doesn't exist
Query: 
      SELECT 
        COUNT(DISTINCT user_id) as unique_users,
        COUNT(*) as total_referrals,...
❌ Query error: ER_NO_SUCH_TABLE: Table 'appzetoa_daily_hisab.referral_master' doesn't exist
Query: 
      SELECT 
        COUNT(DISTINCT user_id) as unique_users,
        COUNT(*) as total_referrals,...
❌ Query error: ER_NO_SUCH_TABLE: Table 'appzetoa_daily_hisab.referral_master' doesn't exist
Query: 
      SELECT 
        COUNT(DISTINCT user_id) as unique_users,
        COUNT(*) as total_referrals,...
❌ Query error: ER_NO_SUCH_TABLE: Table 'appzetoa_daily_hisab.referral_master' doesn't exist
Query: 
      SELECT 
        COUNT(DISTINCT user_id) as unique_users,
        COUNT(*) as total_referrals,...
❌ Query error: ER_NO_SUCH_TABLE: Table 'appzetoa_daily_hisab.referral_master' doesn't exist
Query: 
      SELECT 
        COUNT(DISTINCT user_id) as unique_users,
        COUNT(*) as total_referrals,...
❌ Query error: ER_NO_SUCH_TABLE: Table 'appzetoa_daily_hisab.referral_master' doesn't exist
Query: 
      SELECT 
        COUNT(DISTINCT user_id) as unique_users,
        COUNT(*) as total_referrals,...
❌ Query error: ER_NO_SUCH_TABLE: Table 'appzetoa_daily_hisab.referral_master' doesn't exist
Query: 
      SELECT 
        COUNT(DISTINCT user_id) as unique_users,
        COUNT(*) as total_referrals,...
❌ Query error: ER_NO_SUCH_TABLE: Table 'appzetoa_daily_hisab.referral_master' doesn't exist
Query: 
      SELECT 
        COUNT(DISTINCT user_id) as unique_users,
        COUNT(*) as total_referrals,...
❌ Query error: ER_NO_SUCH_TABLE: Table 'appzetoa_daily_hisab.referral_master' doesn't exist
Query: 
      SELECT 
        COUNT(DISTINCT user_id) as unique_users,
        COUNT(*) as total_referrals,...
❌ Query error: ER_NO_SUCH_TABLE: Table 'appzetoa_daily_hisab.referral_master' doesn't exist
Query: 
      SELECT 
        COUNT(DISTINCT user_id) as unique_users,
        COUNT(*) as total_referrals,...
❌ Query error: ER_NO_SUCH_TABLE: Table 'appzetoa_daily_hisab.referral_master' doesn't exist
Query: 
      SELECT 
        COUNT(DISTINCT user_id) as unique_users,
        COUNT(*) as total_referrals,...
❌ Query error: ER_NO_SUCH_TABLE: Table 'appzetoa_daily_hisab.referral_master' doesn't exist
Query: 
      SELECT 
        COUNT(DISTINCT user_id) as unique_users,
        COUNT(*) as total_referrals,...
Global error handler: TypeError: Cannot read properties of undefined (reading 'user_id')
    at updateUserLanguage (file:///home/appzetoa/public_html/daliyhisab/server/controller/languageController.js:138:29)
    at Layer.handleRequest (/home/appzetoa/public_html/daliyhisab/server/node_modules/router/lib/layer.js:152:17)
    at next (/home/appzetoa/public_html/daliyhisab/server/node_modules/router/lib/route.js:157:13)
    at multerMiddleware (/home/appzetoa/public_html/daliyhisab/server/node_modules/multer/lib/make-middleware.js:19:41)
    at Layer.handleRequest (/home/appzetoa/public_html/daliyhisab/server/node_modules/router/lib/layer.js:152:17)
    at next (/home/appzetoa/public_html/daliyhisab/server/node_modules/router/lib/route.js:157:13)
    at file:///home/appzetoa/public_html/daliyhisab/server/router/authentication.js:58:13
    at Query.<anonymous> (file:///home/appzetoa/public_html/daliyhisab/server/connection/dbConfig.js:155:25)
    at Query.<anonymous> (/home/appzetoa/public_html/daliyhisab/server/node_modules/mysql/lib/Connection.js:526:10)
    at Query._callback (/home/appzetoa/public_html/daliyhisab/server/node_modules/mysql/lib/Connection.js:488:16)
Global error handler: TypeError: Cannot read properties of undefined (reading 'user_id')
    at updateUserLanguage (file:///home/appzetoa/public_html/daliyhisab/server/controller/languageController.js:138:29)
    at Layer.handleRequest (/home/appzetoa/public_html/daliyhisab/server/node_modules/router/lib/layer.js:152:17)
    at next (/home/appzetoa/public_html/daliyhisab/server/node_modules/router/lib/route.js:157:13)
    at multerMiddleware (/home/appzetoa/public_html/daliyhisab/server/node_modules/multer/lib/make-middleware.js:19:41)
    at Layer.handleRequest (/home/appzetoa/public_html/daliyhisab/server/node_modules/router/lib/layer.js:152:17)
    at next (/home/appzetoa/public_html/daliyhisab/server/node_modules/router/lib/route.js:157:13)
    at file:///home/appzetoa/public_html/daliyhisab/server/router/authentication.js:58:13
    at Query.<anonymous> (file:///home/appzetoa/public_html/daliyhisab/server/connection/dbConfig.js:155:25)
    at Query.<anonymous> (/home/appzetoa/public_html/daliyhisab/server/node_modules/mysql/lib/Connection.js:526:10)
    at Query._callback (/home/appzetoa/public_html/daliyhisab/server/node_modules/mysql/lib/Connection.js:488:16)
Global error handler: TypeError: Cannot read properties of undefined (reading 'user_id')
    at updateUserLanguage (file:///home/appzetoa/public_html/daliyhisab/server/controller/languageController.js:138:29)
    at Layer.handleRequest (/home/appzetoa/public_html/daliyhisab/server/node_modules/router/lib/layer.js:152:17)
    at next (/home/appzetoa/public_html/daliyhisab/server/node_modules/router/lib/route.js:157:13)
    at multerMiddleware (/home/appzetoa/public_html/daliyhisab/server/node_modules/multer/lib/make-middleware.js:19:41)
    at Layer.handleRequest (/home/appzetoa/public_html/daliyhisab/server/node_modules/router/lib/layer.js:152:17)
    at next (/home/appzetoa/public_html/daliyhisab/server/node_modules/router/lib/route.js:157:13)
    at file:///home/appzetoa/public_html/daliyhisab/server/router/authentication.js:58:13
    at Query.<anonymous> (file:///home/appzetoa/public_html/daliyhisab/server/connection/dbConfig.js:155:25)
    at Query.<anonymous> (/home/appzetoa/public_html/daliyhisab/server/node_modules/mysql/lib/Connection.js:526:10)
    at Query._callback (/home/appzetoa/public_html/daliyhisab/server/node_modules/mysql/lib/Connection.js:488:16)
❌ Query error: ER_NO_SUCH_TABLE: Table 'appzetoa_daily_hisab.referral_master' doesn't exist
Query: 
      SELECT 
        COUNT(DISTINCT user_id) as unique_users,
        COUNT(*) as total_referrals,...
❌ Query error: ER_NO_SUCH_TABLE: Table 'appzetoa_daily_hisab.referral_master' doesn't exist
Query: 
      SELECT 
        COUNT(DISTINCT user_id) as unique_users,
        COUNT(*) as total_referrals,...
❌ Query error: ER_NO_SUCH_TABLE: Table 'appzetoa_daily_hisab.referral_master' doesn't exist
Query: 
      SELECT 
        COUNT(DISTINCT user_id) as unique_users,
        COUNT(*) as total_referrals,...
❌ Query error: ER_NO_SUCH_TABLE: Table 'appzetoa_daily_hisab.referral_master' doesn't exist
Query: 
      SELECT 
        COUNT(DISTINCT user_id) as unique_users,
        COUNT(*) as total_referrals,...
❌ Query error: ER_NO_SUCH_TABLE: Table 'appzetoa_daily_hisab.referral_master' doesn't exist
Query: 
      SELECT 
        COUNT(DISTINCT user_id) as unique_users,
        COUNT(*) as total_referrals,...
❌ Query error: ER_NO_SUCH_TABLE: Table 'appzetoa_daily_hisab.referral_master' doesn't exist
Query: 
      SELECT 
        COUNT(DISTINCT user_id) as unique_users,
        COUNT(*) as total_referrals,...
❌ Query error: ER_NO_SUCH_TABLE: Table 'appzetoa_daily_hisab.referral_master' doesn't exist
Query: 
      SELECT 
        COUNT(DISTINCT user_id) as unique_users,
        COUNT(*) as total_referrals,...
❌ Query error: ER_NO_SUCH_TABLE: Table 'appzetoa_daily_hisab.referral_master' doesn't exist
Query: 
      SELECT 
        COUNT(DISTINCT user_id) as unique_users,
        COUNT(*) as total_referrals,...
❌ Query error: ER_NO_SUCH_TABLE: Table 'appzetoa_daily_hisab.referral_master' doesn't exist
Query: 
      SELECT 
        COUNT(DISTINCT user_id) as unique_users,
        COUNT(*) as total_referrals,...
❌ Query error: ER_NO_SUCH_TABLE: Table 'appzetoa_daily_hisab.referral_master' doesn't exist
Query: 
      SELECT 
        COUNT(DISTINCT user_id) as unique_users,
        COUNT(*) as total_referrals,...
❌ Query error: ER_NO_SUCH_TABLE: Table 'appzetoa_daily_hisab.referral_master' doesn't exist
Query: 
      SELECT 
        COUNT(DISTINCT user_id) as unique_users,
        COUNT(*) as total_referrals,...
❌ Query error: ER_NO_SUCH_TABLE: Table 'appzetoa_daily_hisab.referral_master' doesn't exist
Query: 
      SELECT 
        COUNT(DISTINCT user_id) as unique_users,
        COUNT(*) as total_referrals,...
❌ Query error: ER_NO_SUCH_TABLE: Table 'appzetoa_daily_hisab.referral_master' doesn't exist
Query: 
      SELECT 
        COUNT(DISTINCT user_id) as unique_users,
        COUNT(*) as total_referrals,...
❌ Query error: ER_NO_SUCH_TABLE: Table 'appzetoa_daily_hisab.referral_master' doesn't exist
Query: 
      SELECT 
        COUNT(DISTINCT user_id) as unique_users,
        COUNT(*) as total_referrals,...
❌ Query error: ER_NO_SUCH_TABLE: Table 'appzetoa_daily_hisab.referral_master' doesn't exist
Query: 
      SELECT 
        COUNT(DISTINCT user_id) as unique_users,
        COUNT(*) as total_referrals,...
❌ Query error: ER_NO_SUCH_TABLE: Table 'appzetoa_daily_hisab.referral_master' doesn't exist
Query: 
      SELECT 
        COUNT(DISTINCT user_id) as unique_users,
        COUNT(*) as total_referrals,...
❌ Query error: ER_NO_SUCH_TABLE: Table 'appzetoa_daily_hisab.referral_master' doesn't exist
Query: 
      SELECT 
        COUNT(DISTINCT user_id) as unique_users,
        COUNT(*) as total_referrals,...
❌ Query error: ER_NO_SUCH_TABLE: Table 'appzetoa_daily_hisab.referral_master' doesn't exist
Query: 
      SELECT 
        COUNT(DISTINCT user_id) as unique_users,
        COUNT(*) as total_referrals,...
❌ Query error: ER_NO_SUCH_TABLE: Table 'appzetoa_daily_hisab.referral_master' doesn't exist
Query: 
      SELECT 
        COUNT(DISTINCT user_id) as unique_users,
        COUNT(*) as total_referrals,...
❌ Query error: ER_NO_SUCH_TABLE: Table 'appzetoa_daily_hisab.referral_master' doesn't exist
Query: 
      SELECT 
        COUNT(DISTINCT user_id) as unique_users,
        COUNT(*) as total_referrals,...
❌ Query error: ER_NO_SUCH_TABLE: Table 'appzetoa_daily_hisab.referral_master' doesn't exist
Query: 
      SELECT 
        COUNT(DISTINCT user_id) as unique_users,
        COUNT(*) as total_referrals,...
❌ Query error: ER_NO_SUCH_TABLE: Table 'appzetoa_daily_hisab.referral_master' doesn't exist
Query: 
      SELECT 
        COUNT(DISTINCT user_id) as unique_users,
        COUNT(*) as total_referrals,...
❌ Query error: ER_NO_SUCH_TABLE: Table 'appzetoa_daily_hisab.referral_master' doesn't exist
Query: 
      SELECT 
        COUNT(DISTINCT user_id) as unique_users,
        COUNT(*) as total_referrals,...
❌ Query error: ER_NO_SUCH_TABLE: Table 'appzetoa_daily_hisab.referral_master' doesn't exist
Query: 
      SELECT 
        COUNT(DISTINCT user_id) as unique_users,
        COUNT(*) as total_referrals,...
Error sending to single token: FirebaseMessagingError: Requested entity was not found.
    at FirebaseMessagingError.fromServerError (/home/appzetoa/public_html/daliyhisab/server/node_modules/firebase-admin/lib/utils/error.js:269:16)
    at createFirebaseError (/home/appzetoa/public_html/daliyhisab/server/node_modules/firebase-admin/lib/messaging/messaging-errors-internal.js:36:47)
    at /home/appzetoa/public_html/daliyhisab/server/node_modules/firebase-admin/lib/messaging/messaging-api-request-internal.js:74:75
    at process.processTicksAndRejections (node:internal/process/task_queues:95:5)
    at async Object.sendToUsers (file:///home/appzetoa/public_html/daliyhisab/server/controller/notificationController.js:103:28)
    at async file:///home/appzetoa/public_html/daliyhisab/server/controller/adminController.js:2262:42 {
  errorInfo: {
    code: 'messaging/registration-token-not-registered',
    message: 'Requested entity was not found.'
  },
  codePrefix: 'messaging'
}
⚠️ Failed to send notification to user 186: Requested entity was not found.
❌ Query error: ER_NO_SUCH_TABLE: Table 'appzetoa_daily_hisab.reminder_master' doesn't exist
Query: DELETE FROM reminder_master WHERE user_id = ?...
Error deleting reminders: Error: ER_NO_SUCH_TABLE: Table 'appzetoa_daily_hisab.reminder_master' doesn't exist
    at Sequence._packetToError (/home/appzetoa/public_html/daliyhisab/server/node_modules/mysql/lib/protocol/sequences/Sequence.js:47:14)
    at Query.ErrorPacket (/home/appzetoa/public_html/daliyhisab/server/node_modules/mysql/lib/protocol/sequences/Query.js:79:18)
    at Protocol._parsePacket (/home/appzetoa/public_html/daliyhisab/server/node_modules/mysql/lib/protocol/Protocol.js:291:23)
    at Parser._parsePacket (/home/appzetoa/public_html/daliyhisab/server/node_modules/mysql/lib/protocol/Parser.js:433:10)
    at Parser.write (/home/appzetoa/public_html/daliyhisab/server/node_modules/mysql/lib/protocol/Parser.js:43:10)
    at Protocol.write (/home/appzetoa/public_html/daliyhisab/server/node_modules/mysql/lib/protocol/Protocol.js:38:16)
    at Socket.<anonymous> (/home/appzetoa/public_html/daliyhisab/server/node_modules/mysql/lib/Connection.js:88:28)
    at Socket.<anonymous> (/home/appzetoa/public_html/daliyhisab/server/node_modules/mysql/lib/Connection.js:526:10)
    at Socket.emit (node:events:524:28)
    at addChunk (node:internal/streams/readable:561:12)
    --------------------
    at Protocol._enqueue (/home/appzetoa/public_html/daliyhisab/server/node_modules/mysql/lib/protocol/Protocol.js:144:48)
    at PoolConnection.query (/home/appzetoa/public_html/daliyhisab/server/node_modules/mysql/lib/Connection.js:198:25)
    at Query.<anonymous> (file:///home/appzetoa/public_html/daliyhisab/server/connection/dbConfig.js:138:22)
    at Query.<anonymous> (/home/appzetoa/public_html/daliyhisab/server/node_modules/mysql/lib/Connection.js:526:10)
    at Query._callback (/home/appzetoa/public_html/daliyhisab/server/node_modules/mysql/lib/Connection.js:488:16)
    at Sequence.end (/home/appzetoa/public_html/daliyhisab/server/node_modules/mysql/lib/protocol/sequences/Sequence.js:83:24)
    at Query._handleFinalResultPacket (/home/appzetoa/public_html/daliyhisab/server/node_modules/mysql/lib/protocol/sequences/Query.js:149:8)
    at Query.OkPacket (/home/appzetoa/public_html/daliyhisab/server/node_modules/mysql/lib/protocol/sequences/Query.js:74:10)
    at Protocol._parsePacket (/home/appzetoa/public_html/daliyhisab/server/node_modules/mysql/lib/protocol/Protocol.js:291:23)
    at Parser._parsePacket (/home/appzetoa/public_html/daliyhisab/server/node_modules/mysql/lib/protocol/Parser.js:433:10) {
  code: 'ER_NO_SUCH_TABLE',
  errno: 1146,
  sqlMessage: "Table 'appzetoa_daily_hisab.reminder_master' doesn't exist",
  sqlState: '42S02',
  index: 0,
  sql: 'DELETE FROM reminder_master WHERE user_id = 186'
}
❌ Query error: ER_NO_SUCH_TABLE: Table 'appzetoa_daily_hisab.recurring_payment_master' doesn't exist
Query: DELETE FROM recurring_payment_master WHERE user_id = ?...
Error deleting recurring payments: Error: ER_NO_SUCH_TABLE: Table 'appzetoa_daily_hisab.recurring_payment_master' doesn't exist
    at Sequence._packetToError (/home/appzetoa/public_html/daliyhisab/server/node_modules/mysql/lib/protocol/sequences/Sequence.js:47:14)
    at Query.ErrorPacket (/home/appzetoa/public_html/daliyhisab/server/node_modules/mysql/lib/protocol/sequences/Query.js:79:18)
    at Protocol._parsePacket (/home/appzetoa/public_html/daliyhisab/server/node_modules/mysql/lib/protocol/Protocol.js:291:23)
    at Parser._parsePacket (/home/appzetoa/public_html/daliyhisab/server/node_modules/mysql/lib/protocol/Parser.js:433:10)
    at Parser.write (/home/appzetoa/public_html/daliyhisab/server/node_modules/mysql/lib/protocol/Parser.js:43:10)
    at Protocol.write (/home/appzetoa/public_html/daliyhisab/server/node_modules/mysql/lib/protocol/Protocol.js:38:16)
    at Socket.<anonymous> (/home/appzetoa/public_html/daliyhisab/server/node_modules/mysql/lib/Connection.js:88:28)
    at Socket.<anonymous> (/home/appzetoa/public_html/daliyhisab/server/node_modules/mysql/lib/Connection.js:526:10)
    at Socket.emit (node:events:524:28)
    at addChunk (node:internal/streams/readable:561:12)
    --------------------
    at Protocol._enqueue (/home/appzetoa/public_html/daliyhisab/server/node_modules/mysql/lib/protocol/Protocol.js:144:48)
    at PoolConnection.query (/home/appzetoa/public_html/daliyhisab/server/node_modules/mysql/lib/Connection.js:198:25)
    at Query.<anonymous> (file:///home/appzetoa/public_html/daliyhisab/server/connection/dbConfig.js:138:22)
    at Query.<anonymous> (/home/appzetoa/public_html/daliyhisab/server/node_modules/mysql/lib/Connection.js:526:10)
    at Query._callback (/home/appzetoa/public_html/daliyhisab/server/node_modules/mysql/lib/Connection.js:488:16)
    at Sequence.end (/home/appzetoa/public_html/daliyhisab/server/node_modules/mysql/lib/protocol/sequences/Sequence.js:83:24)
    at Query._handleFinalResultPacket (/home/appzetoa/public_html/daliyhisab/server/node_modules/mysql/lib/protocol/sequences/Query.js:149:8)
    at Query.OkPacket (/home/appzetoa/public_html/daliyhisab/server/node_modules/mysql/lib/protocol/sequences/Query.js:74:10)
    at Protocol._parsePacket (/home/appzetoa/public_html/daliyhisab/server/node_modules/mysql/lib/protocol/Protocol.js:291:23)
    at Parser._parsePacket (/home/appzetoa/public_html/daliyhisab/server/node_modules/mysql/lib/protocol/Parser.js:433:10) {
  code: 'ER_NO_SUCH_TABLE',
  errno: 1146,
  sqlMessage: "Table 'appzetoa_daily_hisab.recurring_payment_master' doesn't exist",
  sqlState: '42S02',
  index: 0,
  sql: 'DELETE FROM recurring_payment_master WHERE user_id = 186'
}
❌ Query error: ER_NO_SUCH_TABLE: Table 'appzetoa_daily_hisab.notification_master' doesn't exist
Query: DELETE FROM notification_master WHERE user_id = ?...
Error deleting notifications: Error: ER_NO_SUCH_TABLE: Table 'appzetoa_daily_hisab.notification_master' doesn't exist
    at Sequence._packetToError (/home/appzetoa/public_html/daliyhisab/server/node_modules/mysql/lib/protocol/sequences/Sequence.js:47:14)
    at Query.ErrorPacket (/home/appzetoa/public_html/daliyhisab/server/node_modules/mysql/lib/protocol/sequences/Query.js:79:18)
    at Protocol._parsePacket (/home/appzetoa/public_html/daliyhisab/server/node_modules/mysql/lib/protocol/Protocol.js:291:23)
    at Parser._parsePacket (/home/appzetoa/public_html/daliyhisab/server/node_modules/mysql/lib/protocol/Parser.js:433:10)
    at Parser.write (/home/appzetoa/public_html/daliyhisab/server/node_modules/mysql/lib/protocol/Parser.js:43:10)
    at Protocol.write (/home/appzetoa/public_html/daliyhisab/server/node_modules/mysql/lib/protocol/Protocol.js:38:16)
    at Socket.<anonymous> (/home/appzetoa/public_html/daliyhisab/server/node_modules/mysql/lib/Connection.js:88:28)
    at Socket.<anonymous> (/home/appzetoa/public_html/daliyhisab/server/node_modules/mysql/lib/Connection.js:526:10)
    at Socket.emit (node:events:524:28)
    at addChunk (node:internal/streams/readable:561:12)
    --------------------
    at Protocol._enqueue (/home/appzetoa/public_html/daliyhisab/server/node_modules/mysql/lib/protocol/Protocol.js:144:48)
    at PoolConnection.query (/home/appzetoa/public_html/daliyhisab/server/node_modules/mysql/lib/Connection.js:198:25)
    at Query.<anonymous> (file:///home/appzetoa/public_html/daliyhisab/server/connection/dbConfig.js:138:22)
    at Query.<anonymous> (/home/appzetoa/public_html/daliyhisab/server/node_modules/mysql/lib/Connection.js:526:10)
    at Query._callback (/home/appzetoa/public_html/daliyhisab/server/node_modules/mysql/lib/Connection.js:488:16)
    at Sequence.end (/home/appzetoa/public_html/daliyhisab/server/node_modules/mysql/lib/protocol/sequences/Sequence.js:83:24)
    at Query._handleFinalResultPacket (/home/appzetoa/public_html/daliyhisab/server/node_modules/mysql/lib/protocol/sequences/Query.js:149:8)
    at Query.OkPacket (/home/appzetoa/public_html/daliyhisab/server/node_modules/mysql/lib/protocol/sequences/Query.js:74:10)
    at Protocol._parsePacket (/home/appzetoa/public_html/daliyhisab/server/node_modules/mysql/lib/protocol/Protocol.js:291:23)
    at Parser._parsePacket (/home/appzetoa/public_html/daliyhisab/server/node_modules/mysql/lib/protocol/Parser.js:433:10) {
  code: 'ER_NO_SUCH_TABLE',
  errno: 1146,
  sqlMessage: "Table 'appzetoa_daily_hisab.notification_master' doesn't exist",
  sqlState: '42S02',
  index: 0,
  sql: 'DELETE FROM notification_master WHERE user_id = 186'
}
❌ Query error: ER_NO_SUCH_TABLE: Table 'appzetoa_daily_hisab.referral_master' doesn't exist
Query: 
      SELECT 
        COUNT(DISTINCT user_id) as unique_users,
        COUNT(*) as total_referrals,...
❌ Query error: ER_NO_SUCH_TABLE: Table 'appzetoa_daily_hisab.referral_master' doesn't exist
Query: 
      SELECT 
        COUNT(DISTINCT user_id) as unique_users,
        COUNT(*) as total_referrals,...
❌ Query error: ER_NO_SUCH_TABLE: Table 'appzetoa_daily_hisab.referral_master' doesn't exist
Query: 
      SELECT 
        COUNT(DISTINCT user_id) as unique_users,
        COUNT(*) as total_referrals,...
❌ Query error: ER_NO_SUCH_TABLE: Table 'appzetoa_daily_hisab.referral_master' doesn't exist
Query: 
      SELECT 
        COUNT(DISTINCT user_id) as unique_users,
        COUNT(*) as total_referrals,...
❌ Query error: ER_NO_SUCH_TABLE: Table 'appzetoa_daily_hisab.referral_master' doesn't exist
Query: 
      SELECT 
        COUNT(DISTINCT user_id) as unique_users,
        COUNT(*) as total_referrals,...
❌ Query error: ER_NO_SUCH_TABLE: Table 'appzetoa_daily_hisab.referral_master' doesn't exist
Query: 
      SELECT 
        COUNT(DISTINCT user_id) as unique_users,
        COUNT(*) as total_referrals,...
❌ Query error: ER_NO_SUCH_TABLE: Table 'appzetoa_daily_hisab.referral_master' doesn't exist
Query: 
      SELECT 
        COUNT(DISTINCT user_id) as unique_users,
        COUNT(*) as total_referrals,...
❌ Query error: ER_NO_SUCH_TABLE: Table 'appzetoa_daily_hisab.referral_master' doesn't exist
Query: 
      SELECT 
        COUNT(DISTINCT user_id) as unique_users,
        COUNT(*) as total_referrals,...
❌ Query error: ER_NO_SUCH_TABLE: Table 'appzetoa_daily_hisab.referral_master' doesn't exist
Query: 
      SELECT 
        COUNT(DISTINCT user_id) as unique_users,
        COUNT(*) as total_referrals,...
❌ Query error: ER_NO_SUCH_TABLE: Table 'appzetoa_daily_hisab.referral_master' doesn't exist
Query: 
      SELECT 
        COUNT(DISTINCT user_id) as unique_users,
        COUNT(*) as total_referrals,...
❌ Query error: ER_NO_SUCH_TABLE: Table 'appzetoa_daily_hisab.referral_master' doesn't exist
Query: 
      SELECT 
        COUNT(DISTINCT user_id) as unique_users,
        COUNT(*) as total_referrals,...
❌ Query error: ER_NO_SUCH_TABLE: Table 'appzetoa_daily_hisab.referral_master' doesn't exist
Query: 
      SELECT 
        COUNT(DISTINCT user_id) as unique_users,
        COUNT(*) as total_referrals,...
❌ Query error: ER_NO_SUCH_TABLE: Table 'appzetoa_daily_hisab.reminder_master' doesn't exist
Query: DELETE FROM reminder_master WHERE user_id = ?...
Error deleting reminders: Error: ER_NO_SUCH_TABLE: Table 'appzetoa_daily_hisab.reminder_master' doesn't exist
    at Sequence._packetToError (/home/appzetoa/public_html/daliyhisab/server/node_modules/mysql/lib/protocol/sequences/Sequence.js:47:14)
    at Query.ErrorPacket (/home/appzetoa/public_html/daliyhisab/server/node_modules/mysql/lib/protocol/sequences/Query.js:79:18)
    at Protocol._parsePacket (/home/appzetoa/public_html/daliyhisab/server/node_modules/mysql/lib/protocol/Protocol.js:291:23)
    at Parser._parsePacket (/home/appzetoa/public_html/daliyhisab/server/node_modules/mysql/lib/protocol/Parser.js:433:10)
    at Parser.write (/home/appzetoa/public_html/daliyhisab/server/node_modules/mysql/lib/protocol/Parser.js:43:10)
    at Protocol.write (/home/appzetoa/public_html/daliyhisab/server/node_modules/mysql/lib/protocol/Protocol.js:38:16)
    at Socket.<anonymous> (/home/appzetoa/public_html/daliyhisab/server/node_modules/mysql/lib/Connection.js:88:28)
    at Socket.<anonymous> (/home/appzetoa/public_html/daliyhisab/server/node_modules/mysql/lib/Connection.js:526:10)
    at Socket.emit (node:events:524:28)
    at addChunk (node:internal/streams/readable:561:12)
    --------------------
    at Protocol._enqueue (/home/appzetoa/public_html/daliyhisab/server/node_modules/mysql/lib/protocol/Protocol.js:144:48)
    at PoolConnection.query (/home/appzetoa/public_html/daliyhisab/server/node_modules/mysql/lib/Connection.js:198:25)
    at Query.<anonymous> (file:///home/appzetoa/public_html/daliyhisab/server/connection/dbConfig.js:138:22)
    at Query.<anonymous> (/home/appzetoa/public_html/daliyhisab/server/node_modules/mysql/lib/Connection.js:526:10)
    at Query._callback (/home/appzetoa/public_html/daliyhisab/server/node_modules/mysql/lib/Connection.js:488:16)
    at Sequence.end (/home/appzetoa/public_html/daliyhisab/server/node_modules/mysql/lib/protocol/sequences/Sequence.js:83:24)
    at Query._handleFinalResultPacket (/home/appzetoa/public_html/daliyhisab/server/node_modules/mysql/lib/protocol/sequences/Query.js:149:8)
    at Query.OkPacket (/home/appzetoa/public_html/daliyhisab/server/node_modules/mysql/lib/protocol/sequences/Query.js:74:10)
    at Protocol._parsePacket (/home/appzetoa/public_html/daliyhisab/server/node_modules/mysql/lib/protocol/Protocol.js:291:23)
    at Parser._parsePacket (/home/appzetoa/public_html/daliyhisab/server/node_modules/mysql/lib/protocol/Parser.js:433:10) {
  code: 'ER_NO_SUCH_TABLE',
  errno: 1146,
  sqlMessage: "Table 'appzetoa_daily_hisab.reminder_master' doesn't exist",
  sqlState: '42S02',
  index: 0,
  sql: 'DELETE FROM reminder_master WHERE user_id = 50'
}
❌ Query error: ER_NO_SUCH_TABLE: Table 'appzetoa_daily_hisab.recurring_payment_master' doesn't exist
Query: DELETE FROM recurring_payment_master WHERE user_id = ?...
Error deleting recurring payments: Error: ER_NO_SUCH_TABLE: Table 'appzetoa_daily_hisab.recurring_payment_master' doesn't exist
    at Sequence._packetToError (/home/appzetoa/public_html/daliyhisab/server/node_modules/mysql/lib/protocol/sequences/Sequence.js:47:14)
    at Query.ErrorPacket (/home/appzetoa/public_html/daliyhisab/server/node_modules/mysql/lib/protocol/sequences/Query.js:79:18)
    at Protocol._parsePacket (/home/appzetoa/public_html/daliyhisab/server/node_modules/mysql/lib/protocol/Protocol.js:291:23)
    at Parser._parsePacket (/home/appzetoa/public_html/daliyhisab/server/node_modules/mysql/lib/protocol/Parser.js:433:10)
    at Parser.write (/home/appzetoa/public_html/daliyhisab/server/node_modules/mysql/lib/protocol/Parser.js:43:10)
    at Protocol.write (/home/appzetoa/public_html/daliyhisab/server/node_modules/mysql/lib/protocol/Protocol.js:38:16)
    at Socket.<anonymous> (/home/appzetoa/public_html/daliyhisab/server/node_modules/mysql/lib/Connection.js:88:28)
    at Socket.<anonymous> (/home/appzetoa/public_html/daliyhisab/server/node_modules/mysql/lib/Connection.js:526:10)
    at Socket.emit (node:events:524:28)
    at addChunk (node:internal/streams/readable:561:12)
    --------------------
    at Protocol._enqueue (/home/appzetoa/public_html/daliyhisab/server/node_modules/mysql/lib/protocol/Protocol.js:144:48)
    at PoolConnection.query (/home/appzetoa/public_html/daliyhisab/server/node_modules/mysql/lib/Connection.js:198:25)
    at Query.<anonymous> (file:///home/appzetoa/public_html/daliyhisab/server/connection/dbConfig.js:138:22)
    at Query.<anonymous> (/home/appzetoa/public_html/daliyhisab/server/node_modules/mysql/lib/Connection.js:526:10)
    at Query._callback (/home/appzetoa/public_html/daliyhisab/server/node_modules/mysql/lib/Connection.js:488:16)
    at Sequence.end (/home/appzetoa/public_html/daliyhisab/server/node_modules/mysql/lib/protocol/sequences/Sequence.js:83:24)
    at Query._handleFinalResultPacket (/home/appzetoa/public_html/daliyhisab/server/node_modules/mysql/lib/protocol/sequences/Query.js:149:8)
    at Query.OkPacket (/home/appzetoa/public_html/daliyhisab/server/node_modules/mysql/lib/protocol/sequences/Query.js:74:10)
    at Protocol._parsePacket (/home/appzetoa/public_html/daliyhisab/server/node_modules/mysql/lib/protocol/Protocol.js:291:23)
    at Parser._parsePacket (/home/appzetoa/public_html/daliyhisab/server/node_modules/mysql/lib/protocol/Parser.js:433:10) {
  code: 'ER_NO_SUCH_TABLE',
  errno: 1146,
  sqlMessage: "Table 'appzetoa_daily_hisab.recurring_payment_master' doesn't exist",
  sqlState: '42S02',
  index: 0,
  sql: 'DELETE FROM recurring_payment_master WHERE user_id = 50'
}
❌ Query error: ER_NO_SUCH_TABLE: Table 'appzetoa_daily_hisab.notification_master' doesn't exist
Query: DELETE FROM notification_master WHERE user_id = ?...
Error deleting notifications: Error: ER_NO_SUCH_TABLE: Table 'appzetoa_daily_hisab.notification_master' doesn't exist
    at Sequence._packetToError (/home/appzetoa/public_html/daliyhisab/server/node_modules/mysql/lib/protocol/sequences/Sequence.js:47:14)
    at Query.ErrorPacket (/home/appzetoa/public_html/daliyhisab/server/node_modules/mysql/lib/protocol/sequences/Query.js:79:18)
    at Protocol._parsePacket (/home/appzetoa/public_html/daliyhisab/server/node_modules/mysql/lib/protocol/Protocol.js:291:23)
    at Parser._parsePacket (/home/appzetoa/public_html/daliyhisab/server/node_modules/mysql/lib/protocol/Parser.js:433:10)
    at Parser.write (/home/appzetoa/public_html/daliyhisab/server/node_modules/mysql/lib/protocol/Parser.js:43:10)
    at Protocol.write (/home/appzetoa/public_html/daliyhisab/server/node_modules/mysql/lib/protocol/Protocol.js:38:16)
    at Socket.<anonymous> (/home/appzetoa/public_html/daliyhisab/server/node_modules/mysql/lib/Connection.js:88:28)
    at Socket.<anonymous> (/home/appzetoa/public_html/daliyhisab/server/node_modules/mysql/lib/Connection.js:526:10)
    at Socket.emit (node:events:524:28)
    at addChunk (node:internal/streams/readable:561:12)
    --------------------
    at Protocol._enqueue (/home/appzetoa/public_html/daliyhisab/server/node_modules/mysql/lib/protocol/Protocol.js:144:48)
    at PoolConnection.query (/home/appzetoa/public_html/daliyhisab/server/node_modules/mysql/lib/Connection.js:198:25)
    at Query.<anonymous> (file:///home/appzetoa/public_html/daliyhisab/server/connection/dbConfig.js:138:22)
    at Query.<anonymous> (/home/appzetoa/public_html/daliyhisab/server/node_modules/mysql/lib/Connection.js:526:10)
    at Query._callback (/home/appzetoa/public_html/daliyhisab/server/node_modules/mysql/lib/Connection.js:488:16)
    at Sequence.end (/home/appzetoa/public_html/daliyhisab/server/node_modules/mysql/lib/protocol/sequences/Sequence.js:83:24)
    at Query._handleFinalResultPacket (/home/appzetoa/public_html/daliyhisab/server/node_modules/mysql/lib/protocol/sequences/Query.js:149:8)
    at Query.OkPacket (/home/appzetoa/public_html/daliyhisab/server/node_modules/mysql/lib/protocol/sequences/Query.js:74:10)
    at Protocol._parsePacket (/home/appzetoa/public_html/daliyhisab/server/node_modules/mysql/lib/protocol/Protocol.js:291:23)
    at Parser._parsePacket (/home/appzetoa/public_html/daliyhisab/server/node_modules/mysql/lib/protocol/Parser.js:433:10) {
  code: 'ER_NO_SUCH_TABLE',
  errno: 1146,
  sqlMessage: "Table 'appzetoa_daily_hisab.notification_master' doesn't exist",
  sqlState: '42S02',
  index: 0,
  sql: 'DELETE FROM notification_master WHERE user_id = 50'
}
❌ Query error: ER_PARSE_ERROR: You have an error in your SQL syntax; check the manual that corresponds to your MySQL server version for the right syntax to use near 'low_priority,
        COUNT(CASE WHEN priority = 2 THEN 1 END) as medium_priorit' at line 9
Query: 
      SELECT 
        COUNT(*) as total_tickets,
        COUNT(CASE WHEN delete_flag = 0 THEN 1 END...
❌ Query error: ER_NO_SUCH_TABLE: Table 'appzetoa_daily_hisab.referral_master' doesn't exist
Query: 
      SELECT 
        COUNT(DISTINCT user_id) as unique_users,
        COUNT(*) as total_referrals,...
❌ Query error: ER_NO_SUCH_TABLE: Table 'appzetoa_daily_hisab.referral_master' doesn't exist
Query: 
      SELECT 
        COUNT(DISTINCT user_id) as unique_users,
        COUNT(*) as total_referrals,...
❌ Query error: ER_NO_SUCH_TABLE: Table 'appzetoa_daily_hisab.referral_master' doesn't exist
Query: 
      SELECT 
        COUNT(DISTINCT user_id) as unique_users,
        COUNT(*) as total_referrals,...
❌ Query error: ER_NO_SUCH_TABLE: Table 'appzetoa_daily_hisab.referral_master' doesn't exist
Query: 
      SELECT 
        COUNT(DISTINCT user_id) as unique_users,
        COUNT(*) as total_referrals,...
❌ Query error: ER_NO_SUCH_TABLE: Table 'appzetoa_daily_hisab.referral_master' doesn't exist
Query: 
      SELECT 
        COUNT(DISTINCT user_id) as unique_users,
        COUNT(*) as total_referrals,...
❌ Query error: ER_NO_SUCH_TABLE: Table 'appzetoa_daily_hisab.referral_master' doesn't exist
Query: 
      SELECT 
        COUNT(DISTINCT user_id) as unique_users,
        COUNT(*) as total_referrals,...
❌ Query error: ER_NO_SUCH_TABLE: Table 'appzetoa_daily_hisab.referral_master' doesn't exist
Query: 
      SELECT 
        COUNT(DISTINCT user_id) as unique_users,
        COUNT(*) as total_referrals,...
❌ Query error: ER_NO_SUCH_TABLE: Table 'appzetoa_daily_hisab.referral_master' doesn't exist
Query: 
      SELECT 
        COUNT(DISTINCT user_id) as unique_users,
        COUNT(*) as total_referrals,...
❌ Query error: ER_NO_SUCH_TABLE: Table 'appzetoa_daily_hisab.referral_master' doesn't exist
Query: 
      SELECT 
        COUNT(DISTINCT user_id) as unique_users,
        COUNT(*) as total_referrals,...
❌ Query error: ER_NO_SUCH_TABLE: Table 'appzetoa_daily_hisab.referral_master' doesn't exist
Query: 
      SELECT 
        COUNT(DISTINCT user_id) as unique_users,
        COUNT(*) as total_referrals,...
❌ Query error: ER_NO_SUCH_TABLE: Table 'appzetoa_daily_hisab.referral_master' doesn't exist
Query: 
      SELECT 
        COUNT(DISTINCT user_id) as unique_users,
        COUNT(*) as total_referrals,...
❌ Query error: ER_NO_SUCH_TABLE: Table 'appzetoa_daily_hisab.referral_master' doesn't exist
Query: 
      SELECT 
        COUNT(DISTINCT user_id) as unique_users,
        COUNT(*) as total_referrals,...
❌ Query error: ER_NO_SUCH_TABLE: Table 'appzetoa_daily_hisab.referral_master' doesn't exist
Query: 
      SELECT 
        COUNT(DISTINCT user_id) as unique_users,
        COUNT(*) as total_referrals,...
❌ Query error: ER_NO_SUCH_TABLE: Table 'appzetoa_daily_hisab.referral_master' doesn't exist
Query: 
      SELECT 
        COUNT(DISTINCT user_id) as unique_users,
        COUNT(*) as total_referrals,...
❌ Query error: ER_NO_SUCH_TABLE: Table 'appzetoa_daily_hisab.referral_master' doesn't exist
Query: 
      SELECT 
        COUNT(DISTINCT user_id) as unique_users,
        COUNT(*) as total_referrals,...
❌ Query error: ER_NO_SUCH_TABLE: Table 'appzetoa_daily_hisab.referral_master' doesn't exist
Query: 
      SELECT 
        COUNT(DISTINCT user_id) as unique_users,
        COUNT(*) as total_referrals,...
❌ Query error: ER_NO_SUCH_TABLE: Table 'appzetoa_daily_hisab.referral_master' doesn't exist
Query: 
      SELECT 
        COUNT(DISTINCT user_id) as unique_users,
        COUNT(*) as total_referrals,...
❌ Query error: ER_NO_SUCH_TABLE: Table 'appzetoa_daily_hisab.referral_master' doesn't exist
Query: 
      SELECT 
        COUNT(DISTINCT user_id) as unique_users,
        COUNT(*) as total_referrals,...
❌ Query error: ER_NO_SUCH_TABLE: Table 'appzetoa_daily_hisab.referral_master' doesn't exist
Query: 
      SELECT 
        COUNT(DISTINCT user_id) as unique_users,
        COUNT(*) as total_referrals,...
❌ Query error: ER_NO_SUCH_TABLE: Table 'appzetoa_daily_hisab.referral_master' doesn't exist
Query: 
      SELECT 
        COUNT(DISTINCT user_id) as unique_users,
        COUNT(*) as total_referrals,...
❌ Query error: ER_NO_SUCH_TABLE: Table 'appzetoa_daily_hisab.referral_master' doesn't exist
Query: 
      SELECT 
        COUNT(DISTINCT user_id) as unique_users,
        COUNT(*) as total_referrals,...
❌ Query error: ER_NO_SUCH_TABLE: Table 'appzetoa_daily_hisab.referral_master' doesn't exist
Query: 
      SELECT 
        COUNT(DISTINCT user_id) as unique_users,
        COUNT(*) as total_referrals,...
❌ Query error: ER_NO_SUCH_TABLE: Table 'appzetoa_daily_hisab.referral_master' doesn't exist
Query: 
      SELECT 
        COUNT(DISTINCT user_id) as unique_users,
        COUNT(*) as total_referrals,...
❌ Query error: ER_NO_SUCH_TABLE: Table 'appzetoa_daily_hisab.referral_master' doesn't exist
Query: 
      SELECT 
        COUNT(DISTINCT user_id) as unique_users,
        COUNT(*) as total_referrals,...
❌ Query error: ER_BAD_FIELD_ERROR: Unknown column 'account_id' in 'where clause'
Query: DELETE FROM team_member_master WHERE account_id = ? AND user_id = ?...
Error deleting team members: Error: ER_BAD_FIELD_ERROR: Unknown column 'account_id' in 'where clause'
    at Sequence._packetToError (/home/appzetoa/public_html/daliyhisab/server/node_modules/mysql/lib/protocol/sequences/Sequence.js:47:14)
    at Query.ErrorPacket (/home/appzetoa/public_html/daliyhisab/server/node_modules/mysql/lib/protocol/sequences/Query.js:79:18)
    at Protocol._parsePacket (/home/appzetoa/public_html/daliyhisab/server/node_modules/mysql/lib/protocol/Protocol.js:291:23)
    at Parser._parsePacket (/home/appzetoa/public_html/daliyhisab/server/node_modules/mysql/lib/protocol/Parser.js:433:10)
    at Parser.write (/home/appzetoa/public_html/daliyhisab/server/node_modules/mysql/lib/protocol/Parser.js:43:10)
    at Protocol.write (/home/appzetoa/public_html/daliyhisab/server/node_modules/mysql/lib/protocol/Protocol.js:38:16)
    at Socket.<anonymous> (/home/appzetoa/public_html/daliyhisab/server/node_modules/mysql/lib/Connection.js:88:28)
    at Socket.<anonymous> (/home/appzetoa/public_html/daliyhisab/server/node_modules/mysql/lib/Connection.js:526:10)
    at Socket.emit (node:events:524:28)
    at addChunk (node:internal/streams/readable:561:12)
    --------------------
    at Protocol._enqueue (/home/appzetoa/public_html/daliyhisab/server/node_modules/mysql/lib/protocol/Protocol.js:144:48)
    at PoolConnection.query (/home/appzetoa/public_html/daliyhisab/server/node_modules/mysql/lib/Connection.js:198:25)
    at Query.<anonymous> (file:///home/appzetoa/public_html/daliyhisab/server/connection/dbConfig.js:138:22)
    at Query.<anonymous> (/home/appzetoa/public_html/daliyhisab/server/node_modules/mysql/lib/Connection.js:526:10)
    at Query._callback (/home/appzetoa/public_html/daliyhisab/server/node_modules/mysql/lib/Connection.js:488:16)
    at Sequence.end (/home/appzetoa/public_html/daliyhisab/server/node_modules/mysql/lib/protocol/sequences/Sequence.js:83:24)
    at Query._handleFinalResultPacket (/home/appzetoa/public_html/daliyhisab/server/node_modules/mysql/lib/protocol/sequences/Query.js:149:8)
    at Query.OkPacket (/home/appzetoa/public_html/daliyhisab/server/node_modules/mysql/lib/protocol/sequences/Query.js:74:10)
    at Protocol._parsePacket (/home/appzetoa/public_html/daliyhisab/server/node_modules/mysql/lib/protocol/Protocol.js:291:23)
    at Parser._parsePacket (/home/appzetoa/public_html/daliyhisab/server/node_modules/mysql/lib/protocol/Parser.js:433:10) {
  code: 'ER_BAD_FIELD_ERROR',
  errno: 1054,
  sqlMessage: "Unknown column 'account_id' in 'where clause'",
  sqlState: '42S22',
  index: 0,
  sql: "DELETE FROM team_member_master WHERE account_id = '294' AND user_id = '272'"
}
❌ Query error: ER_BAD_FIELD_ERROR: Unknown column 'account_id' in 'where clause'
Query: DELETE FROM team_member_master WHERE account_id = ? AND user_id = ?...
Error deleting team members: Error: ER_BAD_FIELD_ERROR: Unknown column 'account_id' in 'where clause'
    at Sequence._packetToError (/home/appzetoa/public_html/daliyhisab/server/node_modules/mysql/lib/protocol/sequences/Sequence.js:47:14)
    at Query.ErrorPacket (/home/appzetoa/public_html/daliyhisab/server/node_modules/mysql/lib/protocol/sequences/Query.js:79:18)
    at Protocol._parsePacket (/home/appzetoa/public_html/daliyhisab/server/node_modules/mysql/lib/protocol/Protocol.js:291:23)
    at Parser._parsePacket (/home/appzetoa/public_html/daliyhisab/server/node_modules/mysql/lib/protocol/Parser.js:433:10)
    at Parser.write (/home/appzetoa/public_html/daliyhisab/server/node_modules/mysql/lib/protocol/Parser.js:43:10)
    at Protocol.write (/home/appzetoa/public_html/daliyhisab/server/node_modules/mysql/lib/protocol/Protocol.js:38:16)
    at Socket.<anonymous> (/home/appzetoa/public_html/daliyhisab/server/node_modules/mysql/lib/Connection.js:88:28)
    at Socket.<anonymous> (/home/appzetoa/public_html/daliyhisab/server/node_modules/mysql/lib/Connection.js:526:10)
    at Socket.emit (node:events:524:28)
    at addChunk (node:internal/streams/readable:561:12)
    --------------------
    at Protocol._enqueue (/home/appzetoa/public_html/daliyhisab/server/node_modules/mysql/lib/protocol/Protocol.js:144:48)
    at PoolConnection.query (/home/appzetoa/public_html/daliyhisab/server/node_modules/mysql/lib/Connection.js:198:25)
    at Query.<anonymous> (file:///home/appzetoa/public_html/daliyhisab/server/connection/dbConfig.js:138:22)
    at Query.<anonymous> (/home/appzetoa/public_html/daliyhisab/server/node_modules/mysql/lib/Connection.js:526:10)
    at Query._callback (/home/appzetoa/public_html/daliyhisab/server/node_modules/mysql/lib/Connection.js:488:16)
    at Sequence.end (/home/appzetoa/public_html/daliyhisab/server/node_modules/mysql/lib/protocol/sequences/Sequence.js:83:24)
    at Query._handleFinalResultPacket (/home/appzetoa/public_html/daliyhisab/server/node_modules/mysql/lib/protocol/sequences/Query.js:149:8)
    at Query.OkPacket (/home/appzetoa/public_html/daliyhisab/server/node_modules/mysql/lib/protocol/sequences/Query.js:74:10)
    at Protocol._parsePacket (/home/appzetoa/public_html/daliyhisab/server/node_modules/mysql/lib/protocol/Protocol.js:291:23)
    at Parser._parsePacket (/home/appzetoa/public_html/daliyhisab/server/node_modules/mysql/lib/protocol/Parser.js:433:10) {
  code: 'ER_BAD_FIELD_ERROR',
  errno: 1054,
  sqlMessage: "Unknown column 'account_id' in 'where clause'",
  sqlState: '42S22',
  index: 0,
  sql: "DELETE FROM team_member_master WHERE account_id = '293' AND user_id = '272'"
}
❌ Query error: ER_BAD_FIELD_ERROR: Unknown column 'account_id' in 'where clause'
Query: DELETE FROM team_member_master WHERE account_id = ? AND user_id = ?...
Error deleting team members: Error: ER_BAD_FIELD_ERROR: Unknown column 'account_id' in 'where clause'
    at Sequence._packetToError (/home/appzetoa/public_html/daliyhisab/server/node_modules/mysql/lib/protocol/sequences/Sequence.js:47:14)
    at Query.ErrorPacket (/home/appzetoa/public_html/daliyhisab/server/node_modules/mysql/lib/protocol/sequences/Query.js:79:18)
    at Protocol._parsePacket (/home/appzetoa/public_html/daliyhisab/server/node_modules/mysql/lib/protocol/Protocol.js:291:23)
    at Parser._parsePacket (/home/appzetoa/public_html/daliyhisab/server/node_modules/mysql/lib/protocol/Parser.js:433:10)
    at Parser.write (/home/appzetoa/public_html/daliyhisab/server/node_modules/mysql/lib/protocol/Parser.js:43:10)
    at Protocol.write (/home/appzetoa/public_html/daliyhisab/server/node_modules/mysql/lib/protocol/Protocol.js:38:16)
    at Socket.<anonymous> (/home/appzetoa/public_html/daliyhisab/server/node_modules/mysql/lib/Connection.js:88:28)
    at Socket.<anonymous> (/home/appzetoa/public_html/daliyhisab/server/node_modules/mysql/lib/Connection.js:526:10)
    at Socket.emit (node:events:524:28)
    at addChunk (node:internal/streams/readable:561:12)
    --------------------
    at Protocol._enqueue (/home/appzetoa/public_html/daliyhisab/server/node_modules/mysql/lib/protocol/Protocol.js:144:48)
    at PoolConnection.query (/home/appzetoa/public_html/daliyhisab/server/node_modules/mysql/lib/Connection.js:198:25)
    at Query.<anonymous> (file:///home/appzetoa/public_html/daliyhisab/server/connection/dbConfig.js:138:22)
    at Query.<anonymous> (/home/appzetoa/public_html/daliyhisab/server/node_modules/mysql/lib/Connection.js:526:10)
    at Query._callback (/home/appzetoa/public_html/daliyhisab/server/node_modules/mysql/lib/Connection.js:488:16)
    at Sequence.end (/home/appzetoa/public_html/daliyhisab/server/node_modules/mysql/lib/protocol/sequences/Sequence.js:83:24)
    at Query._handleFinalResultPacket (/home/appzetoa/public_html/daliyhisab/server/node_modules/mysql/lib/protocol/sequences/Query.js:149:8)
    at Query.OkPacket (/home/appzetoa/public_html/daliyhisab/server/node_modules/mysql/lib/protocol/sequences/Query.js:74:10)
    at Protocol._parsePacket (/home/appzetoa/public_html/daliyhisab/server/node_modules/mysql/lib/protocol/Protocol.js:291:23)
    at Parser._parsePacket (/home/appzetoa/public_html/daliyhisab/server/node_modules/mysql/lib/protocol/Parser.js:433:10) {
  code: 'ER_BAD_FIELD_ERROR',
  errno: 1054,
  sqlMessage: "Unknown column 'account_id' in 'where clause'",
  sqlState: '42S22',
  index: 0,
  sql: "DELETE FROM team_member_master WHERE account_id = '296' AND user_id = '272'"
}
❌ Query error: ER_BAD_FIELD_ERROR: Unknown column 'account_id' in 'where clause'
Query: DELETE FROM team_member_master WHERE account_id = ? AND user_id = ?...
Error deleting team members: Error: ER_BAD_FIELD_ERROR: Unknown column 'account_id' in 'where clause'
    at Sequence._packetToError (/home/appzetoa/public_html/daliyhisab/server/node_modules/mysql/lib/protocol/sequences/Sequence.js:47:14)
    at Query.ErrorPacket (/home/appzetoa/public_html/daliyhisab/server/node_modules/mysql/lib/protocol/sequences/Query.js:79:18)
    at Protocol._parsePacket (/home/appzetoa/public_html/daliyhisab/server/node_modules/mysql/lib/protocol/Protocol.js:291:23)
    at Parser._parsePacket (/home/appzetoa/public_html/daliyhisab/server/node_modules/mysql/lib/protocol/Parser.js:433:10)
    at Parser.write (/home/appzetoa/public_html/daliyhisab/server/node_modules/mysql/lib/protocol/Parser.js:43:10)
    at Protocol.write (/home/appzetoa/public_html/daliyhisab/server/node_modules/mysql/lib/protocol/Protocol.js:38:16)
    at Socket.<anonymous> (/home/appzetoa/public_html/daliyhisab/server/node_modules/mysql/lib/Connection.js:88:28)
    at Socket.<anonymous> (/home/appzetoa/public_html/daliyhisab/server/node_modules/mysql/lib/Connection.js:526:10)
    at Socket.emit (node:events:524:28)
    at addChunk (node:internal/streams/readable:561:12)
    --------------------
    at Protocol._enqueue (/home/appzetoa/public_html/daliyhisab/server/node_modules/mysql/lib/protocol/Protocol.js:144:48)
    at PoolConnection.query (/home/appzetoa/public_html/daliyhisab/server/node_modules/mysql/lib/Connection.js:198:25)
    at Query.<anonymous> (file:///home/appzetoa/public_html/daliyhisab/server/connection/dbConfig.js:138:22)
    at Query.<anonymous> (/home/appzetoa/public_html/daliyhisab/server/node_modules/mysql/lib/Connection.js:526:10)
    at Query._callback (/home/appzetoa/public_html/daliyhisab/server/node_modules/mysql/lib/Connection.js:488:16)
    at Sequence.end (/home/appzetoa/public_html/daliyhisab/server/node_modules/mysql/lib/protocol/sequences/Sequence.js:83:24)
    at Query._handleFinalResultPacket (/home/appzetoa/public_html/daliyhisab/server/node_modules/mysql/lib/protocol/sequences/Query.js:149:8)
    at Query.OkPacket (/home/appzetoa/public_html/daliyhisab/server/node_modules/mysql/lib/protocol/sequences/Query.js:74:10)
    at Protocol._parsePacket (/home/appzetoa/public_html/daliyhisab/server/node_modules/mysql/lib/protocol/Protocol.js:291:23)
    at Parser._parsePacket (/home/appzetoa/public_html/daliyhisab/server/node_modules/mysql/lib/protocol/Parser.js:433:10) {
  code: 'ER_BAD_FIELD_ERROR',
  errno: 1054,
  sqlMessage: "Unknown column 'account_id' in 'where clause'",
  sqlState: '42S22',
  index: 0,
  sql: "DELETE FROM team_member_master WHERE account_id = '295' AND user_id = '272'"
}
❌ Query error: ER_NO_SUCH_TABLE: Table 'appzetoa_daily_hisab.referral_master' doesn't exist
Query: 
      SELECT 
        COUNT(DISTINCT user_id) as unique_users,
        COUNT(*) as total_referrals,...
❌ Query error: ER_NO_SUCH_TABLE: Table 'appzetoa_daily_hisab.referral_master' doesn't exist
Query: 
      SELECT 
        COUNT(DISTINCT user_id) as unique_users,
        COUNT(*) as total_referrals,...
❌ Query error: ER_NO_SUCH_TABLE: Table 'appzetoa_daily_hisab.referral_master' doesn't exist
Query: 
      SELECT 
        COUNT(DISTINCT user_id) as unique_users,
        COUNT(*) as total_referrals,...
❌ Query error: ER_NO_SUCH_TABLE: Table 'appzetoa_daily_hisab.referral_master' doesn't exist
Query: 
      SELECT 
        COUNT(DISTINCT user_id) as unique_users,
        COUNT(*) as total_referrals,...
❌ Query error: ER_NO_SUCH_TABLE: Table 'appzetoa_daily_hisab.referral_master' doesn't exist
Query: 
      SELECT 
        COUNT(DISTINCT user_id) as unique_users,
        COUNT(*) as total_referrals,...
❌ Query error: ER_NO_SUCH_TABLE: Table 'appzetoa_daily_hisab.referral_master' doesn't exist
Query: 
      SELECT 
        COUNT(DISTINCT user_id) as unique_users,
        COUNT(*) as total_referrals,...
❌ Query error: ER_NO_SUCH_TABLE: Table 'appzetoa_daily_hisab.referral_master' doesn't exist
Query: 
      SELECT 
        COUNT(DISTINCT user_id) as unique_users,
        COUNT(*) as total_referrals,...
❌ Query error: ER_NO_SUCH_TABLE: Table 'appzetoa_daily_hisab.referral_master' doesn't exist
Query: 
      SELECT 
        COUNT(DISTINCT user_id) as unique_users,
        COUNT(*) as total_referrals,...
❌ Query error: ER_NO_SUCH_TABLE: Table 'appzetoa_daily_hisab.referral_master' doesn't exist
Query: 
      SELECT 
        COUNT(DISTINCT user_id) as unique_users,
        COUNT(*) as total_referrals,...
❌ Query error: ER_NO_SUCH_TABLE: Table 'appzetoa_daily_hisab.referral_master' doesn't exist
Query: 
      SELECT 
        COUNT(DISTINCT user_id) as unique_users,
        COUNT(*) as total_referrals,...
❌ Query error: ER_NO_SUCH_TABLE: Table 'appzetoa_daily_hisab.referral_master' doesn't exist
Query: 
      SELECT 
        COUNT(DISTINCT user_id) as unique_users,
        COUNT(*) as total_referrals,...
❌ Query error: ER_NO_SUCH_TABLE: Table 'appzetoa_daily_hisab.referral_master' doesn't exist
Query: 
      SELECT 
        COUNT(DISTINCT user_id) as unique_users,
        COUNT(*) as total_referrals,...
Failed token 3: messaging/registration-token-not-registered Requested entity was not found.
Token: cQ04wSxnSdGCjsq9Cry8dm:APA91bG...
Failed token 4: messaging/registration-token-not-registered Requested entity was not found.
Token: cEkWCBruQTGSdv6L9RrNgH:APA91bF...
Failed token 5: messaging/registration-token-not-registered Requested entity was not found.
Token: cuSXESXJRaOwDiIx0uUk4v:APA91bF...
Failed token 6: messaging/registration-token-not-registered Requested entity was not found.
Token: c1kWHjswSLKeABWks_Qnvz:APA91bF...
Failed token 8: messaging/registration-token-not-registered Requested entity was not found.
Token: fwdPlrroSweTHV_l4kXTdO:APA91bH...
Failed token 19: messaging/registration-token-not-registered Requested entity was not found.
Token: dOYmR64gRXWDTrB6xDlFkV:APA91bH...
Failed token 30: messaging/registration-token-not-registered Requested entity was not found.
Token: fNCO5CUES7ahIm17Rlsx_W:APA91bH...
Failed token 34: messaging/registration-token-not-registered Requested entity was not found.
Token: cmSBuwmbRvyO5KVSYsA67j:APA91bF...
Failed token 40: messaging/registration-token-not-registered Requested entity was not found.
Token: cOf8_06KQJipJMBvO6QJEi:APA91bG...
Failed token 41: messaging/registration-token-not-registered Requested entity was not found.
Token: ccP07e8JTju_QO2lN6WDKR:APA91bG...
Failed token 43: messaging/registration-token-not-registered Requested entity was not found.
Token: fmyrXtGoQyCOSIMi4Dltwy:APA91bE...
Failed token 45: messaging/registration-token-not-registered Requested entity was not found.
Token: dL0eIISVSsqlDU-K5ZeCQI:APA91bG...
Failed token 51: messaging/registration-token-not-registered Requested entity was not found.
Token: cNe5h59cSmiKpucxLqNWJa:APA91bG...
Failed token 53: messaging/registration-token-not-registered Requested entity was not found.
Token: ctxoFBCPRY-L2ogU2UlZ0C:APA91bE...
Failed token 55: messaging/registration-token-not-registered Requested entity was not found.
Token: ce9gMwMyTfWGzVSoPbOY7D:APA91bE...
Failed token 56: messaging/registration-token-not-registered Requested entity was not found.
Token: fhkAoEhXQ9i389s9S5QBKH:APA91bH...
Failed token 65: messaging/registration-token-not-registered Requested entity was not found.
Token: c8nPOBScTXmVc5S4Rwqn6E:APA91bE...
Failed token 66: messaging/registration-token-not-registered Requested entity was not found.
Token: e05-pV5rTBijHBc2r0YdX3:APA91bH...
Failed token 67: messaging/registration-token-not-registered Requested entity was not found.
Token: egRL80JqSJuRhE0rlZ0xS3:APA91bH...
Failed token 69: messaging/registration-token-not-registered NotRegistered
Token: cIKohbSzTPKN2YIxIpnMVr:APA91bG...
Failed token 70: messaging/registration-token-not-registered Requested entity was not found.
Token: c_32TSkcTkassa7suSLZc2:APA91bF...
Failed token 72: messaging/registration-token-not-registered Requested entity was not found.
Token: fuA318wqSQqI74xQ-oZgz1:APA91bG...
Global error handler: TypeError: Cannot read properties of undefined (reading 'user_id')
    at updateUserLanguage (file:///home/appzetoa/public_html/daliyhisab/server/controller/languageController.js:138:29)
    at Layer.handleRequest (/home/appzetoa/public_html/daliyhisab/server/node_modules/router/lib/layer.js:152:17)
    at next (/home/appzetoa/public_html/daliyhisab/server/node_modules/router/lib/route.js:157:13)
    at multerMiddleware (/home/appzetoa/public_html/daliyhisab/server/node_modules/multer/lib/make-middleware.js:19:41)
    at Layer.handleRequest (/home/appzetoa/public_html/daliyhisab/server/node_modules/router/lib/layer.js:152:17)
    at next (/home/appzetoa/public_html/daliyhisab/server/node_modules/router/lib/route.js:157:13)
    at file:///home/appzetoa/public_html/daliyhisab/server/router/authentication.js:58:13
    at Query.<anonymous> (file:///home/appzetoa/public_html/daliyhisab/server/connection/dbConfig.js:155:25)
    at Query.<anonymous> (/home/appzetoa/public_html/daliyhisab/server/node_modules/mysql/lib/Connection.js:526:10)
    at Query._callback (/home/appzetoa/public_html/daliyhisab/server/node_modules/mysql/lib/Connection.js:488:16)
Global error handler: TypeError: Cannot read properties of undefined (reading 'user_id')
    at updateUserLanguage (file:///home/appzetoa/public_html/daliyhisab/server/controller/languageController.js:138:29)
    at Layer.handleRequest (/home/appzetoa/public_html/daliyhisab/server/node_modules/router/lib/layer.js:152:17)
    at next (/home/appzetoa/public_html/daliyhisab/server/node_modules/router/lib/route.js:157:13)
    at multerMiddleware (/home/appzetoa/public_html/daliyhisab/server/node_modules/multer/lib/make-middleware.js:19:41)
    at Layer.handleRequest (/home/appzetoa/public_html/daliyhisab/server/node_modules/router/lib/layer.js:152:17)
    at next (/home/appzetoa/public_html/daliyhisab/server/node_modules/router/lib/route.js:157:13)
    at file:///home/appzetoa/public_html/daliyhisab/server/router/authentication.js:58:13
    at Query.<anonymous> (file:///home/appzetoa/public_html/daliyhisab/server/connection/dbConfig.js:155:25)
    at Query.<anonymous> (/home/appzetoa/public_html/daliyhisab/server/node_modules/mysql/lib/Connection.js:526:10)
    at Query._callback (/home/appzetoa/public_html/daliyhisab/server/node_modules/mysql/lib/Connection.js:488:16)
❌ Query error: ER_BAD_FIELD_ERROR: Unknown column 'account_id' in 'where clause'
Query: DELETE FROM team_member_master WHERE account_id = ? AND user_id = ?...
Error deleting team members: Error: ER_BAD_FIELD_ERROR: Unknown column 'account_id' in 'where clause'
    at Sequence._packetToError (/home/appzetoa/public_html/daliyhisab/server/node_modules/mysql/lib/protocol/sequences/Sequence.js:47:14)
    at Query.ErrorPacket (/home/appzetoa/public_html/daliyhisab/server/node_modules/mysql/lib/protocol/sequences/Query.js:79:18)
    at Protocol._parsePacket (/home/appzetoa/public_html/daliyhisab/server/node_modules/mysql/lib/protocol/Protocol.js:291:23)
    at Parser._parsePacket (/home/appzetoa/public_html/daliyhisab/server/node_modules/mysql/lib/protocol/Parser.js:433:10)
    at Parser.write (/home/appzetoa/public_html/daliyhisab/server/node_modules/mysql/lib/protocol/Parser.js:43:10)
    at Protocol.write (/home/appzetoa/public_html/daliyhisab/server/node_modules/mysql/lib/protocol/Protocol.js:38:16)
    at Socket.<anonymous> (/home/appzetoa/public_html/daliyhisab/server/node_modules/mysql/lib/Connection.js:88:28)
    at Socket.<anonymous> (/home/appzetoa/public_html/daliyhisab/server/node_modules/mysql/lib/Connection.js:526:10)
    at Socket.emit (node:events:524:28)
    at addChunk (node:internal/streams/readable:561:12)
    --------------------
    at Protocol._enqueue (/home/appzetoa/public_html/daliyhisab/server/node_modules/mysql/lib/protocol/Protocol.js:144:48)
    at PoolConnection.query (/home/appzetoa/public_html/daliyhisab/server/node_modules/mysql/lib/Connection.js:198:25)
    at Query.<anonymous> (file:///home/appzetoa/public_html/daliyhisab/server/connection/dbConfig.js:138:22)
    at Query.<anonymous> (/home/appzetoa/public_html/daliyhisab/server/node_modules/mysql/lib/Connection.js:526:10)
    at Query._callback (/home/appzetoa/public_html/daliyhisab/server/node_modules/mysql/lib/Connection.js:488:16)
    at Sequence.end (/home/appzetoa/public_html/daliyhisab/server/node_modules/mysql/lib/protocol/sequences/Sequence.js:83:24)
    at Query._handleFinalResultPacket (/home/appzetoa/public_html/daliyhisab/server/node_modules/mysql/lib/protocol/sequences/Query.js:149:8)
    at Query.OkPacket (/home/appzetoa/public_html/daliyhisab/server/node_modules/mysql/lib/protocol/sequences/Query.js:74:10)
    at Protocol._parsePacket (/home/appzetoa/public_html/daliyhisab/server/node_modules/mysql/lib/protocol/Protocol.js:291:23)
    at Parser._parsePacket (/home/appzetoa/public_html/daliyhisab/server/node_modules/mysql/lib/protocol/Parser.js:433:10) {
  code: 'ER_BAD_FIELD_ERROR',
  errno: 1054,
  sqlMessage: "Unknown column 'account_id' in 'where clause'",
  sqlState: '42S22',
  index: 0,
  sql: "DELETE FROM team_member_master WHERE account_id = '337' AND user_id = '314'"
}
❌ Query error: ER_BAD_FIELD_ERROR: Unknown column 'account_id' in 'where clause'
Query: DELETE FROM team_member_master WHERE account_id = ? AND user_id = ?...
Error deleting team members: Error: ER_BAD_FIELD_ERROR: Unknown column 'account_id' in 'where clause'
    at Sequence._packetToError (/home/appzetoa/public_html/daliyhisab/server/node_modules/mysql/lib/protocol/sequences/Sequence.js:47:14)
    at Query.ErrorPacket (/home/appzetoa/public_html/daliyhisab/server/node_modules/mysql/lib/protocol/sequences/Query.js:79:18)
    at Protocol._parsePacket (/home/appzetoa/public_html/daliyhisab/server/node_modules/mysql/lib/protocol/Protocol.js:291:23)
    at Parser._parsePacket (/home/appzetoa/public_html/daliyhisab/server/node_modules/mysql/lib/protocol/Parser.js:433:10)
    at Parser.write (/home/appzetoa/public_html/daliyhisab/server/node_modules/mysql/lib/protocol/Parser.js:43:10)
    at Protocol.write (/home/appzetoa/public_html/daliyhisab/server/node_modules/mysql/lib/protocol/Protocol.js:38:16)
    at Socket.<anonymous> (/home/appzetoa/public_html/daliyhisab/server/node_modules/mysql/lib/Connection.js:88:28)
    at Socket.<anonymous> (/home/appzetoa/public_html/daliyhisab/server/node_modules/mysql/lib/Connection.js:526:10)
    at Socket.emit (node:events:524:28)
    at addChunk (node:internal/streams/readable:561:12)
    --------------------
    at Protocol._enqueue (/home/appzetoa/public_html/daliyhisab/server/node_modules/mysql/lib/protocol/Protocol.js:144:48)
    at PoolConnection.query (/home/appzetoa/public_html/daliyhisab/server/node_modules/mysql/lib/Connection.js:198:25)
    at Query.<anonymous> (file:///home/appzetoa/public_html/daliyhisab/server/connection/dbConfig.js:138:22)
    at Query.<anonymous> (/home/appzetoa/public_html/daliyhisab/server/node_modules/mysql/lib/Connection.js:526:10)
    at Query._callback (/home/appzetoa/public_html/daliyhisab/server/node_modules/mysql/lib/Connection.js:488:16)
    at Sequence.end (/home/appzetoa/public_html/daliyhisab/server/node_modules/mysql/lib/protocol/sequences/Sequence.js:83:24)
    at Query._handleFinalResultPacket (/home/appzetoa/public_html/daliyhisab/server/node_modules/mysql/lib/protocol/sequences/Query.js:149:8)
    at Query.OkPacket (/home/appzetoa/public_html/daliyhisab/server/node_modules/mysql/lib/protocol/sequences/Query.js:74:10)
    at Protocol._parsePacket (/home/appzetoa/public_html/daliyhisab/server/node_modules/mysql/lib/protocol/Protocol.js:291:23)
    at Parser._parsePacket (/home/appzetoa/public_html/daliyhisab/server/node_modules/mysql/lib/protocol/Parser.js:433:10) {
  code: 'ER_BAD_FIELD_ERROR',
  errno: 1054,
  sqlMessage: "Unknown column 'account_id' in 'where clause'",
  sqlState: '42S22',
  index: 0,
  sql: "DELETE FROM team_member_master WHERE account_id = '337' AND user_id = '314'"
}
Global error handler: TypeError: Cannot read properties of undefined (reading 'user_id')
    at updateUserLanguage (file:///home/appzetoa/public_html/daliyhisab/server/controller/languageController.js:138:29)
    at Layer.handleRequest (/home/appzetoa/public_html/daliyhisab/server/node_modules/router/lib/layer.js:152:17)
    at next (/home/appzetoa/public_html/daliyhisab/server/node_modules/router/lib/route.js:157:13)
    at multerMiddleware (/home/appzetoa/public_html/daliyhisab/server/node_modules/multer/lib/make-middleware.js:19:41)
    at Layer.handleRequest (/home/appzetoa/public_html/daliyhisab/server/node_modules/router/lib/layer.js:152:17)
    at next (/home/appzetoa/public_html/daliyhisab/server/node_modules/router/lib/route.js:157:13)
    at file:///home/appzetoa/public_html/daliyhisab/server/router/authentication.js:58:13
    at Query.<anonymous> (file:///home/appzetoa/public_html/daliyhisab/server/connection/dbConfig.js:155:25)
    at Query.<anonymous> (/home/appzetoa/public_html/daliyhisab/server/node_modules/mysql/lib/Connection.js:526:10)
    at Query._callback (/home/appzetoa/public_html/daliyhisab/server/node_modules/mysql/lib/Connection.js:488:16)
Global error handler: TypeError: Cannot read properties of undefined (reading 'user_id')
    at updateUserLanguage (file:///home/appzetoa/public_html/daliyhisab/server/controller/languageController.js:138:29)
    at Layer.handleRequest (/home/appzetoa/public_html/daliyhisab/server/node_modules/router/lib/layer.js:152:17)
    at next (/home/appzetoa/public_html/daliyhisab/server/node_modules/router/lib/route.js:157:13)
    at multerMiddleware (/home/appzetoa/public_html/daliyhisab/server/node_modules/multer/lib/make-middleware.js:19:41)
    at Layer.handleRequest (/home/appzetoa/public_html/daliyhisab/server/node_modules/router/lib/layer.js:152:17)
    at next (/home/appzetoa/public_html/daliyhisab/server/node_modules/router/lib/route.js:157:13)
    at file:///home/appzetoa/public_html/daliyhisab/server/router/authentication.js:58:13
    at Query.<anonymous> (file:///home/appzetoa/public_html/daliyhisab/server/connection/dbConfig.js:155:25)
    at Query.<anonymous> (/home/appzetoa/public_html/daliyhisab/server/node_modules/mysql/lib/Connection.js:526:10)
    at Query._callback (/home/appzetoa/public_html/daliyhisab/server/node_modules/mysql/lib/Connection.js:488:16)
❌ Query error: ER_BAD_FIELD_ERROR: Unknown column 'account_id' in 'where clause'
Query: DELETE FROM team_member_master WHERE account_id = ? AND user_id = ?...
Error deleting team members: Error: ER_BAD_FIELD_ERROR: Unknown column 'account_id' in 'where clause'
    at Sequence._packetToError (/home/appzetoa/public_html/daliyhisab/server/node_modules/mysql/lib/protocol/sequences/Sequence.js:47:14)
    at Query.ErrorPacket (/home/appzetoa/public_html/daliyhisab/server/node_modules/mysql/lib/protocol/sequences/Query.js:79:18)
    at Protocol._parsePacket (/home/appzetoa/public_html/daliyhisab/server/node_modules/mysql/lib/protocol/Protocol.js:291:23)
    at Parser._parsePacket (/home/appzetoa/public_html/daliyhisab/server/node_modules/mysql/lib/protocol/Parser.js:433:10)
    at Parser.write (/home/appzetoa/public_html/daliyhisab/server/node_modules/mysql/lib/protocol/Parser.js:43:10)
    at Protocol.write (/home/appzetoa/public_html/daliyhisab/server/node_modules/mysql/lib/protocol/Protocol.js:38:16)
    at Socket.<anonymous> (/home/appzetoa/public_html/daliyhisab/server/node_modules/mysql/lib/Connection.js:88:28)
    at Socket.<anonymous> (/home/appzetoa/public_html/daliyhisab/server/node_modules/mysql/lib/Connection.js:526:10)
    at Socket.emit (node:events:524:28)
    at addChunk (node:internal/streams/readable:561:12)
    --------------------
    at Protocol._enqueue (/home/appzetoa/public_html/daliyhisab/server/node_modules/mysql/lib/protocol/Protocol.js:144:48)
    at PoolConnection.query (/home/appzetoa/public_html/daliyhisab/server/node_modules/mysql/lib/Connection.js:198:25)
    at Query.<anonymous> (file:///home/appzetoa/public_html/daliyhisab/server/connection/dbConfig.js:138:22)
    at Query.<anonymous> (/home/appzetoa/public_html/daliyhisab/server/node_modules/mysql/lib/Connection.js:526:10)
    at Query._callback (/home/appzetoa/public_html/daliyhisab/server/node_modules/mysql/lib/Connection.js:488:16)
    at Sequence.end (/home/appzetoa/public_html/daliyhisab/server/node_modules/mysql/lib/protocol/sequences/Sequence.js:83:24)
    at Query._handleFinalResultPacket (/home/appzetoa/public_html/daliyhisab/server/node_modules/mysql/lib/protocol/sequences/Query.js:149:8)
    at Query.OkPacket (/home/appzetoa/public_html/daliyhisab/server/node_modules/mysql/lib/protocol/sequences/Query.js:74:10)
    at Protocol._parsePacket (/home/appzetoa/public_html/daliyhisab/server/node_modules/mysql/lib/protocol/Protocol.js:291:23)
    at Parser._parsePacket (/home/appzetoa/public_html/daliyhisab/server/node_modules/mysql/lib/protocol/Parser.js:433:10) {
  code: 'ER_BAD_FIELD_ERROR',
  errno: 1054,
  sqlMessage: "Unknown column 'account_id' in 'where clause'",
  sqlState: '42S22',
  index: 0,
  sql: "DELETE FROM team_member_master WHERE account_id = '357' AND user_id = '337'"
}
❌ Query error: ER_NO_SUCH_TABLE: Table 'appzetoa_daily_hisab.referral_master' doesn't exist
Query: 
      SELECT 
        COUNT(DISTINCT user_id) as unique_users,
        COUNT(*) as total_referrals,...
❌ Query error: ER_NO_SUCH_TABLE: Table 'appzetoa_daily_hisab.referral_master' doesn't exist
Query: 
      SELECT 
        COUNT(DISTINCT user_id) as unique_users,
        COUNT(*) as total_referrals,...
❌ Query error: ER_NO_SUCH_TABLE: Table 'appzetoa_daily_hisab.referral_master' doesn't exist
Query: 
      SELECT 
        COUNT(DISTINCT user_id) as unique_users,
        COUNT(*) as total_referrals,...
❌ Query error: ER_NO_SUCH_TABLE: Table 'appzetoa_daily_hisab.referral_master' doesn't exist
Query: 
      SELECT 
        COUNT(DISTINCT user_id) as unique_users,
        COUNT(*) as total_referrals,...
❌ Query error: ER_NO_SUCH_TABLE: Table 'appzetoa_daily_hisab.referral_master' doesn't exist
Query: 
      SELECT 
        COUNT(DISTINCT user_id) as unique_users,
        COUNT(*) as total_referrals,...
❌ Query error: ER_NO_SUCH_TABLE: Table 'appzetoa_daily_hisab.referral_master' doesn't exist
Query: 
      SELECT 
        COUNT(DISTINCT user_id) as unique_users,
        COUNT(*) as total_referrals,...
❌ Query error: ER_NO_SUCH_TABLE: Table 'appzetoa_daily_hisab.referral_master' doesn't exist
Query: 
      SELECT 
        COUNT(DISTINCT user_id) as unique_users,
        COUNT(*) as total_referrals,...
❌ Query error: ER_NO_SUCH_TABLE: Table 'appzetoa_daily_hisab.referral_master' doesn't exist
Query: 
      SELECT 
        COUNT(DISTINCT user_id) as unique_users,
        COUNT(*) as total_referrals,...
❌ Query error: ER_NO_SUCH_TABLE: Table 'appzetoa_daily_hisab.referral_master' doesn't exist
Query: 
      SELECT 
        COUNT(DISTINCT user_id) as unique_users,
        COUNT(*) as total_referrals,...
❌ Query error: ER_NO_SUCH_TABLE: Table 'appzetoa_daily_hisab.referral_master' doesn't exist
Query: 
      SELECT 
        COUNT(DISTINCT user_id) as unique_users,
        COUNT(*) as total_referrals,...
❌ Query error: ER_NO_SUCH_TABLE: Table 'appzetoa_daily_hisab.referral_master' doesn't exist
Query: 
      SELECT 
        COUNT(DISTINCT user_id) as unique_users,
        COUNT(*) as total_referrals,...
❌ Query error: ER_NO_SUCH_TABLE: Table 'appzetoa_daily_hisab.referral_master' doesn't exist
Query: 
      SELECT 
        COUNT(DISTINCT user_id) as unique_users,
        COUNT(*) as total_referrals,...
❌ Query error: ER_PARSE_ERROR: You have an error in your SQL syntax; check the manual that corresponds to your MySQL server version for the right syntax to use near 'low_priority,
        COUNT(CASE WHEN priority = 2 THEN 1 END) as medium_priorit' at line 9
Query: 
      SELECT 
        COUNT(*) as total_tickets,
        COUNT(CASE WHEN delete_flag = 0 THEN 1 END...
❌ Query error: ER_NO_SUCH_TABLE: Table 'appzetoa_daily_hisab.referral_master' doesn't exist
Query: 
      SELECT 
        COUNT(DISTINCT user_id) as unique_users,
        COUNT(*) as total_referrals,...
❌ Query error: ER_NO_SUCH_TABLE: Table 'appzetoa_daily_hisab.referral_master' doesn't exist
Query: 
      SELECT 
        COUNT(DISTINCT user_id) as unique_users,
        COUNT(*) as total_referrals,...
❌ Query error: ER_NO_SUCH_TABLE: Table 'appzetoa_daily_hisab.referral_master' doesn't exist
Query: 
      SELECT 
        COUNT(DISTINCT user_id) as unique_users,
        COUNT(*) as total_referrals,...
❌ Query error: ER_NO_SUCH_TABLE: Table 'appzetoa_daily_hisab.referral_master' doesn't exist
Query: 
      SELECT 
        COUNT(DISTINCT user_id) as unique_users,
        COUNT(*) as total_referrals,...
❌ Query error: ER_NO_SUCH_TABLE: Table 'appzetoa_daily_hisab.referral_master' doesn't exist
Query: 
      SELECT 
        COUNT(DISTINCT user_id) as unique_users,
        COUNT(*) as total_referrals,...
❌ Query error: ER_NO_SUCH_TABLE: Table 'appzetoa_daily_hisab.referral_master' doesn't exist
Query: 
      SELECT 
        COUNT(DISTINCT user_id) as unique_users,
        COUNT(*) as total_referrals,...
❌ Query error: ER_NO_SUCH_TABLE: Table 'appzetoa_daily_hisab.referral_master' doesn't exist
Query: 
      SELECT 
        COUNT(DISTINCT user_id) as unique_users,
        COUNT(*) as total_referrals,...
❌ Query error: ER_NO_SUCH_TABLE: Table 'appzetoa_daily_hisab.referral_master' doesn't exist
Query: 
      SELECT 
        COUNT(DISTINCT user_id) as unique_users,
        COUNT(*) as total_referrals,...
❌ Query error: ER_NO_SUCH_TABLE: Table 'appzetoa_daily_hisab.referral_master' doesn't exist
Query: 
      SELECT 
        COUNT(DISTINCT user_id) as unique_users,
        COUNT(*) as total_referrals,...
❌ Query error: ER_NO_SUCH_TABLE: Table 'appzetoa_daily_hisab.referral_master' doesn't exist
Query: 
      SELECT 
        COUNT(DISTINCT user_id) as unique_users,
        COUNT(*) as total_referrals,...
❌ Query error: ER_NO_SUCH_TABLE: Table 'appzetoa_daily_hisab.referral_master' doesn't exist
Query: 
      SELECT 
        COUNT(DISTINCT user_id) as unique_users,
        COUNT(*) as total_referrals,...
❌ Query error: ER_NO_SUCH_TABLE: Table 'appzetoa_daily_hisab.referral_master' doesn't exist
Query: 
      SELECT 
        COUNT(DISTINCT user_id) as unique_users,
        COUNT(*) as total_referrals,...
❌ Query error: ER_PARSE_ERROR: You have an error in your SQL syntax; check the manual that corresponds to your MySQL server version for the right syntax to use near 'low_priority,
        COUNT(CASE WHEN priority = 2 THEN 1 END) as medium_priorit' at line 9
Query: 
      SELECT 
        COUNT(*) as total_tickets,
        COUNT(CASE WHEN delete_flag = 0 THEN 1 END...
❌ Query error: ER_NO_SUCH_TABLE: Table 'appzetoa_daily_hisab.referral_master' doesn't exist
Query: 
      SELECT 
        COUNT(DISTINCT user_id) as unique_users,
        COUNT(*) as total_referrals,...
❌ Query error: ER_NO_SUCH_TABLE: Table 'appzetoa_daily_hisab.referral_master' doesn't exist
Query: 
      SELECT 
        COUNT(DISTINCT user_id) as unique_users,
        COUNT(*) as total_referrals,...
❌ Query error: ER_NO_SUCH_TABLE: Table 'appzetoa_daily_hisab.referral_master' doesn't exist
Query: 
      SELECT 
        COUNT(DISTINCT user_id) as unique_users,
        COUNT(*) as total_referrals,...
❌ Query error: ER_NO_SUCH_TABLE: Table 'appzetoa_daily_hisab.referral_master' doesn't exist
Query: 
      SELECT 
        COUNT(DISTINCT user_id) as unique_users,
        COUNT(*) as total_referrals,...
❌ Query error: ER_NO_SUCH_TABLE: Table 'appzetoa_daily_hisab.referral_master' doesn't exist
Query: 
      SELECT 
        COUNT(DISTINCT user_id) as unique_users,
        COUNT(*) as total_referrals,...
❌ Query error: ER_NO_SUCH_TABLE: Table 'appzetoa_daily_hisab.referral_master' doesn't exist
Query: 
      SELECT 
        COUNT(DISTINCT user_id) as unique_users,
        COUNT(*) as total_referrals,...
❌ Query error: ER_NO_SUCH_TABLE: Table 'appzetoa_daily_hisab.referral_master' doesn't exist
Query: 
      SELECT 
        COUNT(DISTINCT user_id) as unique_users,
        COUNT(*) as total_referrals,...
❌ Query error: ER_NO_SUCH_TABLE: Table 'appzetoa_daily_hisab.referral_master' doesn't exist
Query: 
      SELECT 
        COUNT(DISTINCT user_id) as unique_users,
        COUNT(*) as total_referrals,...
❌ Query error: ER_NO_SUCH_TABLE: Table 'appzetoa_daily_hisab.referral_master' doesn't exist
Query: 
      SELECT 
        COUNT(DISTINCT user_id) as unique_users,
        COUNT(*) as total_referrals,...
❌ Query error: ER_NO_SUCH_TABLE: Table 'appzetoa_daily_hisab.referral_master' doesn't exist
Query: 
      SELECT 
        COUNT(DISTINCT user_id) as unique_users,
        COUNT(*) as total_referrals,...
❌ Query error: ER_NO_SUCH_TABLE: Table 'appzetoa_daily_hisab.referral_master' doesn't exist
Query: 
      SELECT 
        COUNT(DISTINCT user_id) as unique_users,
        COUNT(*) as total_referrals,...
❌ Query error: ER_NO_SUCH_TABLE: Table 'appzetoa_daily_hisab.referral_master' doesn't exist
Query: 
      SELECT 
        COUNT(DISTINCT user_id) as unique_users,
        COUNT(*) as total_referrals,...
❌ Query error: ER_BAD_FIELD_ERROR: Unknown column 'account_id' in 'where clause'
Query: DELETE FROM team_member_master WHERE account_id = ? AND user_id = ?...
Error deleting team members: Error: ER_BAD_FIELD_ERROR: Unknown column 'account_id' in 'where clause'
    at Sequence._packetToError (/home/appzetoa/public_html/daliyhisab/server/node_modules/mysql/lib/protocol/sequences/Sequence.js:47:14)
    at Query.ErrorPacket (/home/appzetoa/public_html/daliyhisab/server/node_modules/mysql/lib/protocol/sequences/Query.js:79:18)
    at Protocol._parsePacket (/home/appzetoa/public_html/daliyhisab/server/node_modules/mysql/lib/protocol/Protocol.js:291:23)
    at Parser._parsePacket (/home/appzetoa/public_html/daliyhisab/server/node_modules/mysql/lib/protocol/Parser.js:433:10)
    at Parser.write (/home/appzetoa/public_html/daliyhisab/server/node_modules/mysql/lib/protocol/Parser.js:43:10)
    at Protocol.write (/home/appzetoa/public_html/daliyhisab/server/node_modules/mysql/lib/protocol/Protocol.js:38:16)
    at Socket.<anonymous> (/home/appzetoa/public_html/daliyhisab/server/node_modules/mysql/lib/Connection.js:88:28)
    at Socket.<anonymous> (/home/appzetoa/public_html/daliyhisab/server/node_modules/mysql/lib/Connection.js:526:10)
    at Socket.emit (node:events:524:28)
    at addChunk (node:internal/streams/readable:561:12)
    --------------------
    at Protocol._enqueue (/home/appzetoa/public_html/daliyhisab/server/node_modules/mysql/lib/protocol/Protocol.js:144:48)
    at PoolConnection.query (/home/appzetoa/public_html/daliyhisab/server/node_modules/mysql/lib/Connection.js:198:25)
    at Query.<anonymous> (file:///home/appzetoa/public_html/daliyhisab/server/connection/dbConfig.js:138:22)
    at Query.<anonymous> (/home/appzetoa/public_html/daliyhisab/server/node_modules/mysql/lib/Connection.js:526:10)
    at Query._callback (/home/appzetoa/public_html/daliyhisab/server/node_modules/mysql/lib/Connection.js:488:16)
    at Sequence.end (/home/appzetoa/public_html/daliyhisab/server/node_modules/mysql/lib/protocol/sequences/Sequence.js:83:24)
    at Query._handleFinalResultPacket (/home/appzetoa/public_html/daliyhisab/server/node_modules/mysql/lib/protocol/sequences/Query.js:149:8)
    at Query.OkPacket (/home/appzetoa/public_html/daliyhisab/server/node_modules/mysql/lib/protocol/sequences/Query.js:74:10)
    at Protocol._parsePacket (/home/appzetoa/public_html/daliyhisab/server/node_modules/mysql/lib/protocol/Protocol.js:291:23)
    at Parser._parsePacket (/home/appzetoa/public_html/daliyhisab/server/node_modules/mysql/lib/protocol/Parser.js:433:10) {
  code: 'ER_BAD_FIELD_ERROR',
  errno: 1054,
  sqlMessage: "Unknown column 'account_id' in 'where clause'",
  sqlState: '42S22',
  index: 0,
  sql: "DELETE FROM team_member_master WHERE account_id = '382' AND user_id = '345'"
}
❌ Query error: ER_NO_SUCH_TABLE: Table 'appzetoa_daily_hisab.referral_master' doesn't exist
Query: 
      SELECT 
        COUNT(DISTINCT user_id) as unique_users,
        COUNT(*) as total_referrals,...
❌ Query error: ER_NO_SUCH_TABLE: Table 'appzetoa_daily_hisab.referral_master' doesn't exist
Query: 
      SELECT 
        COUNT(DISTINCT user_id) as unique_users,
        COUNT(*) as total_referrals,...
❌ Query error: ER_NO_SUCH_TABLE: Table 'appzetoa_daily_hisab.referral_master' doesn't exist
Query: 
      SELECT 
        COUNT(DISTINCT user_id) as unique_users,
        COUNT(*) as total_referrals,...
❌ Query error: ER_NO_SUCH_TABLE: Table 'appzetoa_daily_hisab.referral_master' doesn't exist
Query: 
      SELECT 
        COUNT(DISTINCT user_id) as unique_users,
        COUNT(*) as total_referrals,...
❌ Query error: ER_NO_SUCH_TABLE: Table 'appzetoa_daily_hisab.referral_master' doesn't exist
Query: 
      SELECT 
        COUNT(DISTINCT user_id) as unique_users,
        COUNT(*) as total_referrals,...
❌ Query error: ER_NO_SUCH_TABLE: Table 'appzetoa_daily_hisab.referral_master' doesn't exist
Query: 
      SELECT 
        COUNT(DISTINCT user_id) as unique_users,
        COUNT(*) as total_referrals,...
❌ Query error: ER_NO_SUCH_TABLE: Table 'appzetoa_daily_hisab.referral_master' doesn't exist
Query: 
      SELECT 
        COUNT(DISTINCT user_id) as unique_users,
        COUNT(*) as total_referrals,...
❌ Query error: ER_NO_SUCH_TABLE: Table 'appzetoa_daily_hisab.referral_master' doesn't exist
Query: 
      SELECT 
        COUNT(DISTINCT user_id) as unique_users,
        COUNT(*) as total_referrals,...
❌ Query error: ER_NO_SUCH_TABLE: Table 'appzetoa_daily_hisab.referral_master' doesn't exist
Query: 
      SELECT 
        COUNT(DISTINCT user_id) as unique_users,
        COUNT(*) as total_referrals,...
❌ Query error: ER_NO_SUCH_TABLE: Table 'appzetoa_daily_hisab.referral_master' doesn't exist
Query: 
      SELECT 
        COUNT(DISTINCT user_id) as unique_users,
        COUNT(*) as total_referrals,...
❌ Query error: ER_NO_SUCH_TABLE: Table 'appzetoa_daily_hisab.referral_master' doesn't exist
Query: 
      SELECT 
        COUNT(DISTINCT user_id) as unique_users,
        COUNT(*) as total_referrals,...
❌ Query error: ER_NO_SUCH_TABLE: Table 'appzetoa_daily_hisab.referral_master' doesn't exist
Query: 
      SELECT 
        COUNT(DISTINCT user_id) as unique_users,
        COUNT(*) as total_referrals,...
❌ Query error: ER_PARSE_ERROR: You have an error in your SQL syntax; check the manual that corresponds to your MySQL server version for the right syntax to use near 'low_priority,
        COUNT(CASE WHEN priority = 2 THEN 1 END) as medium_priorit' at line 9
Query: 
      SELECT 
        COUNT(*) as total_tickets,
        COUNT(CASE WHEN delete_flag = 0 THEN 1 END...
❌ Query error: ER_PARSE_ERROR: You have an error in your SQL syntax; check the manual that corresponds to your MySQL server version for the right syntax to use near 'low_priority,
        COUNT(CASE WHEN priority = 2 THEN 1 END) as medium_priorit' at line 9
Query: 
      SELECT 
        COUNT(*) as total_tickets,
        COUNT(CASE WHEN delete_flag = 0 THEN 1 END...
❌ Query error: ER_NO_SUCH_TABLE: Table 'appzetoa_daily_hisab.referral_master' doesn't exist
Query: 
      SELECT 
        COUNT(DISTINCT user_id) as unique_users,
        COUNT(*) as total_referrals,...
❌ Query error: ER_NO_SUCH_TABLE: Table 'appzetoa_daily_hisab.referral_master' doesn't exist
Query: 
      SELECT 
        COUNT(DISTINCT user_id) as unique_users,
        COUNT(*) as total_referrals,...
❌ Query error: ER_NO_SUCH_TABLE: Table 'appzetoa_daily_hisab.referral_master' doesn't exist
Query: 
      SELECT 
        COUNT(DISTINCT user_id) as unique_users,
        COUNT(*) as total_referrals,...
❌ Query error: ER_NO_SUCH_TABLE: Table 'appzetoa_daily_hisab.referral_master' doesn't exist
Query: 
      SELECT 
        COUNT(DISTINCT user_id) as unique_users,
        COUNT(*) as total_referrals,...
❌ Query error: ER_NO_SUCH_TABLE: Table 'appzetoa_daily_hisab.referral_master' doesn't exist
Query: 
      SELECT 
        COUNT(DISTINCT user_id) as unique_users,
        COUNT(*) as total_referrals,...
❌ Query error: ER_NO_SUCH_TABLE: Table 'appzetoa_daily_hisab.referral_master' doesn't exist
Query: 
      SELECT 
        COUNT(DISTINCT user_id) as unique_users,
        COUNT(*) as total_referrals,...
❌ Query error: ER_NO_SUCH_TABLE: Table 'appzetoa_daily_hisab.referral_master' doesn't exist
Query: 
      SELECT 
        COUNT(DISTINCT user_id) as unique_users,
        COUNT(*) as total_referrals,...
❌ Query error: ER_NO_SUCH_TABLE: Table 'appzetoa_daily_hisab.referral_master' doesn't exist
Query: 
      SELECT 
        COUNT(DISTINCT user_id) as unique_users,
        COUNT(*) as total_referrals,...
❌ Query error: ER_NO_SUCH_TABLE: Table 'appzetoa_daily_hisab.referral_master' doesn't exist
Query: 
      SELECT 
        COUNT(DISTINCT user_id) as unique_users,
        COUNT(*) as total_referrals,...
❌ Query error: ER_NO_SUCH_TABLE: Table 'appzetoa_daily_hisab.referral_master' doesn't exist
Query: 
      SELECT 
        COUNT(DISTINCT user_id) as unique_users,
        COUNT(*) as total_referrals,...
❌ Query error: ER_NO_SUCH_TABLE: Table 'appzetoa_daily_hisab.referral_master' doesn't exist
Query: 
      SELECT 
        COUNT(DISTINCT user_id) as unique_users,
        COUNT(*) as total_referrals,...
❌ Query error: ER_NO_SUCH_TABLE: Table 'appzetoa_daily_hisab.referral_master' doesn't exist
Query: 
      SELECT 
        COUNT(DISTINCT user_id) as unique_users,
        COUNT(*) as total_referrals,...
❌ Query error: ER_NO_SUCH_TABLE: Table 'appzetoa_daily_hisab.referral_master' doesn't exist
Query: 
      SELECT 
        COUNT(DISTINCT user_id) as unique_users,
        COUNT(*) as total_referrals,...
❌ Query error: ER_NO_SUCH_TABLE: Table 'appzetoa_daily_hisab.referral_master' doesn't exist
Query: 
      SELECT 
        COUNT(DISTINCT user_id) as unique_users,
        COUNT(*) as total_referrals,...
❌ Query error: ER_NO_SUCH_TABLE: Table 'appzetoa_daily_hisab.referral_master' doesn't exist
Query: 
      SELECT 
        COUNT(DISTINCT user_id) as unique_users,
        COUNT(*) as total_referrals,...
❌ Query error: ER_NO_SUCH_TABLE: Table 'appzetoa_daily_hisab.referral_master' doesn't exist
Query: 
      SELECT 
        COUNT(DISTINCT user_id) as unique_users,
        COUNT(*) as total_referrals,...
❌ Query error: ER_NO_SUCH_TABLE: Table 'appzetoa_daily_hisab.referral_master' doesn't exist
Query: 
      SELECT 
        COUNT(DISTINCT user_id) as unique_users,
        COUNT(*) as total_referrals,...
❌ Query error: ER_NO_SUCH_TABLE: Table 'appzetoa_daily_hisab.referral_master' doesn't exist
Query: 
      SELECT 
        COUNT(DISTINCT user_id) as unique_users,
        COUNT(*) as total_referrals,...
❌ Query error: ER_NO_SUCH_TABLE: Table 'appzetoa_daily_hisab.referral_master' doesn't exist
Query: 
      SELECT 
        COUNT(DISTINCT user_id) as unique_users,
        COUNT(*) as total_referrals,...
❌ Query error: ER_NO_SUCH_TABLE: Table 'appzetoa_daily_hisab.referral_master' doesn't exist
Query: 
      SELECT 
        COUNT(DISTINCT user_id) as unique_users,
        COUNT(*) as total_referrals,...
❌ Query error: ER_NO_SUCH_TABLE: Table 'appzetoa_daily_hisab.referral_master' doesn't exist
Query: 
      SELECT 
        COUNT(DISTINCT user_id) as unique_users,
        COUNT(*) as total_referrals,...
❌ Query error: ER_NO_SUCH_TABLE: Table 'appzetoa_daily_hisab.referral_master' doesn't exist
Query: 
      SELECT 
        COUNT(DISTINCT user_id) as unique_users,
        COUNT(*) as total_referrals,...
❌ Query error: ER_NO_SUCH_TABLE: Table 'appzetoa_daily_hisab.referral_master' doesn't exist
Query: 
      SELECT 
        COUNT(DISTINCT user_id) as unique_users,
        COUNT(*) as total_referrals,...
❌ Query error: ER_NO_SUCH_TABLE: Table 'appzetoa_daily_hisab.referral_master' doesn't exist
Query: 
      SELECT 
        COUNT(DISTINCT user_id) as unique_users,
        COUNT(*) as total_referrals,...
Global error handler: TypeError: Cannot read properties of undefined (reading 'user_id')
    at updateUserLanguage (file:///home/appzetoa/public_html/daliyhisab/server/controller/languageController.js:138:29)
    at Layer.handleRequest (/home/appzetoa/public_html/daliyhisab/server/node_modules/router/lib/layer.js:152:17)
    at next (/home/appzetoa/public_html/daliyhisab/server/node_modules/router/lib/route.js:157:13)
    at multerMiddleware (/home/appzetoa/public_html/daliyhisab/server/node_modules/multer/lib/make-middleware.js:19:41)
    at Layer.handleRequest (/home/appzetoa/public_html/daliyhisab/server/node_modules/router/lib/layer.js:152:17)
    at next (/home/appzetoa/public_html/daliyhisab/server/node_modules/router/lib/route.js:157:13)
    at file:///home/appzetoa/public_html/daliyhisab/server/router/authentication.js:58:13
    at Query.<anonymous> (file:///home/appzetoa/public_html/daliyhisab/server/connection/dbConfig.js:155:25)
    at Query.<anonymous> (/home/appzetoa/public_html/daliyhisab/server/node_modules/mysql/lib/Connection.js:526:10)
    at Query._callback (/home/appzetoa/public_html/daliyhisab/server/node_modules/mysql/lib/Connection.js:488:16)
Global error handler: TypeError: Cannot read properties of undefined (reading 'user_id')
    at updateUserLanguage (file:///home/appzetoa/public_html/daliyhisab/server/controller/languageController.js:138:29)
    at Layer.handleRequest (/home/appzetoa/public_html/daliyhisab/server/node_modules/router/lib/layer.js:152:17)
    at next (/home/appzetoa/public_html/daliyhisab/server/node_modules/router/lib/route.js:157:13)
    at multerMiddleware (/home/appzetoa/public_html/daliyhisab/server/node_modules/multer/lib/make-middleware.js:19:41)
    at Layer.handleRequest (/home/appzetoa/public_html/daliyhisab/server/node_modules/router/lib/layer.js:152:17)
    at next (/home/appzetoa/public_html/daliyhisab/server/node_modules/router/lib/route.js:157:13)
    at file:///home/appzetoa/public_html/daliyhisab/server/router/authentication.js:58:13
    at Query.<anonymous> (file:///home/appzetoa/public_html/daliyhisab/server/connection/dbConfig.js:155:25)
    at Query.<anonymous> (/home/appzetoa/public_html/daliyhisab/server/node_modules/mysql/lib/Connection.js:526:10)
    at Query._callback (/home/appzetoa/public_html/daliyhisab/server/node_modules/mysql/lib/Connection.js:488:16)
Global error handler: TypeError: Cannot read properties of undefined (reading 'user_id')
    at updateUserLanguage (file:///home/appzetoa/public_html/daliyhisab/server/controller/languageController.js:138:29)
    at Layer.handleRequest (/home/appzetoa/public_html/daliyhisab/server/node_modules/router/lib/layer.js:152:17)
    at next (/home/appzetoa/public_html/daliyhisab/server/node_modules/router/lib/route.js:157:13)
    at multerMiddleware (/home/appzetoa/public_html/daliyhisab/server/node_modules/multer/lib/make-middleware.js:19:41)
    at Layer.handleRequest (/home/appzetoa/public_html/daliyhisab/server/node_modules/router/lib/layer.js:152:17)
    at next (/home/appzetoa/public_html/daliyhisab/server/node_modules/router/lib/route.js:157:13)
    at file:///home/appzetoa/public_html/daliyhisab/server/router/authentication.js:58:13
    at Query.<anonymous> (file:///home/appzetoa/public_html/daliyhisab/server/connection/dbConfig.js:155:25)
    at Query.<anonymous> (/home/appzetoa/public_html/daliyhisab/server/node_modules/mysql/lib/Connection.js:526:10)
    at Query._callback (/home/appzetoa/public_html/daliyhisab/server/node_modules/mysql/lib/Connection.js:488:16)
Global error handler: TypeError: Cannot read properties of undefined (reading 'user_id')
    at updateUserLanguage (file:///home/appzetoa/public_html/daliyhisab/server/controller/languageController.js:138:29)
    at Layer.handleRequest (/home/appzetoa/public_html/daliyhisab/server/node_modules/router/lib/layer.js:152:17)
    at next (/home/appzetoa/public_html/daliyhisab/server/node_modules/router/lib/route.js:157:13)
    at multerMiddleware (/home/appzetoa/public_html/daliyhisab/server/node_modules/multer/lib/make-middleware.js:19:41)
    at Layer.handleRequest (/home/appzetoa/public_html/daliyhisab/server/node_modules/router/lib/layer.js:152:17)
    at next (/home/appzetoa/public_html/daliyhisab/server/node_modules/router/lib/route.js:157:13)
    at file:///home/appzetoa/public_html/daliyhisab/server/router/authentication.js:58:13
    at Query.<anonymous> (file:///home/appzetoa/public_html/daliyhisab/server/connection/dbConfig.js:155:25)
    at Query.<anonymous> (/home/appzetoa/public_html/daliyhisab/server/node_modules/mysql/lib/Connection.js:526:10)
    at Query._callback (/home/appzetoa/public_html/daliyhisab/server/node_modules/mysql/lib/Connection.js:488:16)
Global error handler: TypeError: Cannot read properties of undefined (reading 'user_id')
    at updateUserLanguage (file:///home/appzetoa/public_html/daliyhisab/server/controller/languageController.js:138:29)
    at Layer.handleRequest (/home/appzetoa/public_html/daliyhisab/server/node_modules/router/lib/layer.js:152:17)
    at next (/home/appzetoa/public_html/daliyhisab/server/node_modules/router/lib/route.js:157:13)
    at multerMiddleware (/home/appzetoa/public_html/daliyhisab/server/node_modules/multer/lib/make-middleware.js:19:41)
    at Layer.handleRequest (/home/appzetoa/public_html/daliyhisab/server/node_modules/router/lib/layer.js:152:17)
    at next (/home/appzetoa/public_html/daliyhisab/server/node_modules/router/lib/route.js:157:13)
    at file:///home/appzetoa/public_html/daliyhisab/server/router/authentication.js:58:13
    at Query.<anonymous> (file:///home/appzetoa/public_html/daliyhisab/server/connection/dbConfig.js:155:25)
    at Query.<anonymous> (/home/appzetoa/public_html/daliyhisab/server/node_modules/mysql/lib/Connection.js:526:10)
    at Query._callback (/home/appzetoa/public_html/daliyhisab/server/node_modules/mysql/lib/Connection.js:488:16)
❌ Query error: ER_BAD_FIELD_ERROR: Unknown column 'account_id' in 'where clause'
Query: DELETE FROM team_member_master WHERE account_id = ? AND user_id = ?...
Error deleting team members: Error: ER_BAD_FIELD_ERROR: Unknown column 'account_id' in 'where clause'
    at Sequence._packetToError (/home/appzetoa/public_html/daliyhisab/server/node_modules/mysql/lib/protocol/sequences/Sequence.js:47:14)
    at Query.ErrorPacket (/home/appzetoa/public_html/daliyhisab/server/node_modules/mysql/lib/protocol/sequences/Query.js:79:18)
    at Protocol._parsePacket (/home/appzetoa/public_html/daliyhisab/server/node_modules/mysql/lib/protocol/Protocol.js:291:23)
    at Parser._parsePacket (/home/appzetoa/public_html/daliyhisab/server/node_modules/mysql/lib/protocol/Parser.js:433:10)
    at Parser.write (/home/appzetoa/public_html/daliyhisab/server/node_modules/mysql/lib/protocol/Parser.js:43:10)
    at Protocol.write (/home/appzetoa/public_html/daliyhisab/server/node_modules/mysql/lib/protocol/Protocol.js:38:16)
    at Socket.<anonymous> (/home/appzetoa/public_html/daliyhisab/server/node_modules/mysql/lib/Connection.js:88:28)
    at Socket.<anonymous> (/home/appzetoa/public_html/daliyhisab/server/node_modules/mysql/lib/Connection.js:526:10)
    at Socket.emit (node:events:524:28)
    at addChunk (node:internal/streams/readable:561:12)
    --------------------
    at Protocol._enqueue (/home/appzetoa/public_html/daliyhisab/server/node_modules/mysql/lib/protocol/Protocol.js:144:48)
    at PoolConnection.query (/home/appzetoa/public_html/daliyhisab/server/node_modules/mysql/lib/Connection.js:198:25)
    at Query.<anonymous> (file:///home/appzetoa/public_html/daliyhisab/server/connection/dbConfig.js:138:22)
    at Query.<anonymous> (/home/appzetoa/public_html/daliyhisab/server/node_modules/mysql/lib/Connection.js:526:10)
    at Query._callback (/home/appzetoa/public_html/daliyhisab/server/node_modules/mysql/lib/Connection.js:488:16)
    at Sequence.end (/home/appzetoa/public_html/daliyhisab/server/node_modules/mysql/lib/protocol/sequences/Sequence.js:83:24)
    at Query._handleFinalResultPacket (/home/appzetoa/public_html/daliyhisab/server/node_modules/mysql/lib/protocol/sequences/Query.js:149:8)
    at Query.OkPacket (/home/appzetoa/public_html/daliyhisab/server/node_modules/mysql/lib/protocol/sequences/Query.js:74:10)
    at Protocol._parsePacket (/home/appzetoa/public_html/daliyhisab/server/node_modules/mysql/lib/protocol/Protocol.js:291:23)
    at Parser._parsePacket (/home/appzetoa/public_html/daliyhisab/server/node_modules/mysql/lib/protocol/Parser.js:433:10) {
  code: 'ER_BAD_FIELD_ERROR',
  errno: 1054,
  sqlMessage: "Unknown column 'account_id' in 'where clause'",
  sqlState: '42S22',
  index: 0,
  sql: "DELETE FROM team_member_master WHERE account_id = '422' AND user_id = '390'"
}
Failed token 6: messaging/registration-token-not-registered Requested entity was not found.
Token: d7nIR3hqS8KAHRKnsRzfl4:APA91bG...
Failed token 41: messaging/registration-token-not-registered Requested entity was not found.
Token: f7vm2wIlTA6h85a4kYvePo:APA91bG...
Failed token 44: messaging/registration-token-not-registered Requested entity was not found.
Token: czEv7t08TmiJPQgVnthotF:APA91bG...
Failed token 50: messaging/registration-token-not-registered Requested entity was not found.
Token: dFS1GeThSKaP8mgJ-jcxsj:APA91bG...
Failed token 56: messaging/registration-token-not-registered Requested entity was not found.
Token: ctocGSrHQH6CLO6lKQjfkC:APA91bH...
Failed token 57: messaging/registration-token-not-registered Requested entity was not found.
Token: eYMUMK1qR7y1IeMJ4X5XIS:APA91bG...
Failed token 58: messaging/registration-token-not-registered Requested entity was not found.
Token: cwo3sZsNSdCk7cw1ZWGZO3:APA91bE...
Failed token 60: messaging/registration-token-not-registered Requested entity was not found.
Token: cdpAz_XRReOulF5u-btJhH:APA91bH...
Failed token 62: messaging/registration-token-not-registered Requested entity was not found.
Token: e2G-3CQmQWCSaQzf2djncy:APA91bH...
Failed token 64: messaging/registration-token-not-registered Requested entity was not found.
Token: c4cKvw-SSpSjn4TO03MNFX:APA91bG...
Failed token 69: messaging/registration-token-not-registered Requested entity was not found.
Token: dGrysn09QL-6Wa3TbyzZ7R:APA91bH...
Failed token 73: messaging/registration-token-not-registered Requested entity was not found.
Token: diQQs-scSR66LqHzftPP0u:APA91bH...
Failed token 75: messaging/registration-token-not-registered Requested entity was not found.
Token: f59AAivFSxK3_7Q4LRO742:APA91bG...
Failed token 76: messaging/registration-token-not-registered Requested entity was not found.
Token: fIw1gK32S6uOLG1lvzn4xM:APA91bG...
Failed token 77: messaging/registration-token-not-registered Requested entity was not found.
Token: daOIO8wMQaKyYCO3BH7U2y:APA91bG...
Failed token 78: messaging/registration-token-not-registered Requested entity was not found.
Token: fbq50Mn5S7qLB1nN_2zIkE:APA91bH...
Failed token 79: messaging/registration-token-not-registered Requested entity was not found.
Token: eMUDyNHeSxK6I7662fdpnt:APA91bE...
Failed token 81: messaging/registration-token-not-registered Requested entity was not found.
Token: enHd3NuESUm4H2LGieonYS:APA91bG...
Failed token 82: messaging/registration-token-not-registered Requested entity was not found.
Token: dzjqyUMGQpqlhV5ue_0EFH:APA91bF...
Failed token 83: messaging/registration-token-not-registered Requested entity was not found.
Token: eNm3ZAiXS66RsraCIWcWzn:APA91bF...
Failed token 86: messaging/registration-token-not-registered Requested entity was not found.
Token: dYs7ipxLRGWOeesuD6kGaO:APA91bE...
Failed token 87: messaging/registration-token-not-registered Requested entity was not found.
Token: eqd79aLOSkyl983oRd_rQF:APA91bF...
Failed token 89: messaging/registration-token-not-registered Requested entity was not found.
Token: eitMRzQnQ1yEMAjB9Pdl_J:APA91bE...
Failed token 91: messaging/registration-token-not-registered Requested entity was not found.
Token: dyzHhks-TOW7qPQzqjvWSy:APA91bG...
Failed token 92: messaging/registration-token-not-registered Requested entity was not found.
Token: d1W6s-iUR9i685u_Cskah0:APA91bE...
Failed token 93: messaging/registration-token-not-registered Requested entity was not found.
Token: fuQwC8wRTjaZBG0Z_tVGbd:APA91bH...
Failed token 95: messaging/registration-token-not-registered Requested entity was not found.
Token: fd6MGkAdT9OL0GIutisZV0:APA91bH...
Failed token 102: messaging/registration-token-not-registered Requested entity was not found.
Token: dysWbbi7QNuVh5L5AI4h-j:APA91bH...
Failed token 104: messaging/registration-token-not-registered Requested entity was not found.
Token: fXJ4-5YRRhe6Hb8v1P7U3r:APA91bE...
Failed token 105: messaging/registration-token-not-registered Requested entity was not found.
Token: ew974KpARuqKdccAcF-9KO:APA91bF...
Failed token 106: messaging/registration-token-not-registered Requested entity was not found.
Token: caZusUFHQjymeZsBXKGV1X:APA91bG...
Failed token 107: messaging/registration-token-not-registered Requested entity was not found.
Token: dbFa4YMkQ9qUJfymqZIMWx:APA91bH...
Failed token 108: messaging/registration-token-not-registered Requested entity was not found.
Token: cOu4cLmgTCyHLtaXzLlQjJ:APA91bH...
Failed token 109: messaging/registration-token-not-registered Requested entity was not found.
Token: dN6QmGjNSzqYTBs6zWTDIn:APA91bH...
Failed token 111: messaging/registration-token-not-registered Requested entity was not found.
Token: f6IMB1pZTU6u-3gcZy8Jb1:APA91bE...
Failed token 113: messaging/registration-token-not-registered Requested entity was not found.
Token: cm0k3KTVS_aTAhH-gg7Tiu:APA91bG...
Failed token 114: messaging/registration-token-not-registered Requested entity was not found.
Token: cEtRP3IhT1-EhbSPbOOK9n:APA91bE...
Failed token 115: messaging/registration-token-not-registered Requested entity was not found.
Token: e2KopgffSQSCdUewiPO5No:APA91bH...
Failed token 116: messaging/registration-token-not-registered Requested entity was not found.
Token: eBq2lu6ZRlSWlSaO5MQIvs:APA91bG...
Failed token 118: messaging/registration-token-not-registered Requested entity was not found.
Token: diDJlmmLQLW1w4xz02K230:APA91bH...
Failed token 119: messaging/registration-token-not-registered Requested entity was not found.
Token: fWS9aVxjSzmQx8cqP5r5Uo:APA91bE...
Failed token 122: messaging/registration-token-not-registered Requested entity was not found.
Token: elq05BZsRcuXC9Nad4Jorn:APA91bG...
Failed token 124: messaging/registration-token-not-registered Requested entity was not found.
Token: d-PWayf9Q72iJfE6X1Jahh:APA91bF...
Failed token 125: messaging/registration-token-not-registered Requested entity was not found.
Token: eT-lWHiiRnCr6rTaLjrson:APA91bF...
Failed token 127: messaging/registration-token-not-registered Requested entity was not found.
Token: e6JmEGkTQ2WpDq37TmeA7D:APA91bF...
Failed token 128: messaging/registration-token-not-registered Requested entity was not found.
Token: dECzTcvOTeutB4gbgzGID7:APA91bF...
Failed token 131: messaging/registration-token-not-registered Requested entity was not found.
Token: cMe7LPflS4WTqDrRRd9E3k:APA91bF...
Failed token 133: messaging/registration-token-not-registered Requested entity was not found.
Token: dihyFEqAS9uBqXbuln1jFv:APA91bG...
Failed token 134: messaging/registration-token-not-registered Requested entity was not found.
Token: eheQ-CKqQLOt92MSO6xaPP:APA91bH...
Failed token 135: messaging/registration-token-not-registered Requested entity was not found.
Token: fBzYwCBPSMe8L8lF6FtWyw:APA91bH...
Failed token 136: messaging/registration-token-not-registered Requested entity was not found.
Token: dCi9-grgTDSOnGyka4iqR_:APA91bH...
Failed token 137: messaging/registration-token-not-registered Requested entity was not found.
Token: dpgnrCxaQQ6gtr1zAXyt7t:APA91bF...
Failed token 138: messaging/registration-token-not-registered Requested entity was not found.
Token: duFwoKX3TH6iQ-juY4GrM8:APA91bH...
Failed token 139: messaging/registration-token-not-registered Requested entity was not found.
Token: f5lQaV73Rae7vTlwYBkKG4:APA91bH...
Failed token 140: messaging/registration-token-not-registered Requested entity was not found.
Token: c6oG_eHXTMKaczbqhvxe8_:APA91bE...
Failed token 141: messaging/registration-token-not-registered Requested entity was not found.
Token: fHEW6cqYSQudzGM5uL_4Hy:APA91bF...
Failed token 143: messaging/registration-token-not-registered Requested entity was not found.
Token: cPBx33dvRsW9NbxoudgwOV:APA91bE...
Failed token 147: messaging/registration-token-not-registered Requested entity was not found.
Token: fwMpnN9ZSn-ArEOBVtNwDL:APA91bE...
Failed token 148: messaging/registration-token-not-registered Requested entity was not found.
Token: ef5PMDqJRn2p_0XvIneqHc:APA91bF...
Failed token 151: messaging/registration-token-not-registered Requested entity was not found.
Token: ca_g7yWNQ3KUzJUWC6Ankf:APA91bG...
Failed token 152: messaging/registration-token-not-registered Requested entity was not found.
Token: f5PGprq9RsWlvw6a7Bei_9:APA91bG...
Failed token 153: messaging/registration-token-not-registered Requested entity was not found.
Token: e_Imjp3zTvyNFfuwtDqKe0:APA91bF...
Failed token 154: messaging/registration-token-not-registered Requested entity was not found.
Token: eb_7lGKaSBejfqFzqRsep2:APA91bF...
Failed token 155: messaging/registration-token-not-registered Requested entity was not found.
Token: ePNmAuzsSG2fbWo8hBPpEF:APA91bE...
Failed token 157: messaging/registration-token-not-registered Requested entity was not found.
Token: dFo1eQK3TTiNGIbr6HH7y1:APA91bF...
Failed token 158: messaging/registration-token-not-registered Requested entity was not found.
Token: cmZ9-kkFSHCnp-nSY1mpd1:APA91bG...
Failed token 159: messaging/registration-token-not-registered Requested entity was not found.
Token: fOUBoUQRQ9i1_wO33BBVG-:APA91bF...
Failed token 160: messaging/registration-token-not-registered Requested entity was not found.
Token: fudRYlDETtKAh1xQCjqnmy:APA91bE...
Failed token 165: messaging/registration-token-not-registered Requested entity was not found.
Token: eTon3qN7QWuFFNjPDed6r7:APA91bF...
Global error handler: TypeError: Cannot read properties of undefined (reading 'user_id')
    at updateUserLanguage (file:///home/appzetoa/public_html/daliyhisab/server/controller/languageController.js:138:29)
    at Layer.handleRequest (/home/appzetoa/public_html/daliyhisab/server/node_modules/router/lib/layer.js:152:17)
    at next (/home/appzetoa/public_html/daliyhisab/server/node_modules/router/lib/route.js:157:13)
    at multerMiddleware (/home/appzetoa/public_html/daliyhisab/server/node_modules/multer/lib/make-middleware.js:19:41)
    at Layer.handleRequest (/home/appzetoa/public_html/daliyhisab/server/node_modules/router/lib/layer.js:152:17)
    at next (/home/appzetoa/public_html/daliyhisab/server/node_modules/router/lib/route.js:157:13)
    at file:///home/appzetoa/public_html/daliyhisab/server/router/authentication.js:58:13
    at Query.<anonymous> (file:///home/appzetoa/public_html/daliyhisab/server/connection/dbConfig.js:155:25)
    at Query.<anonymous> (/home/appzetoa/public_html/daliyhisab/server/node_modules/mysql/lib/Connection.js:526:10)
    at Query._callback (/home/appzetoa/public_html/daliyhisab/server/node_modules/mysql/lib/Connection.js:488:16)
Global error handler: TypeError: Cannot read properties of undefined (reading 'user_id')
    at updateUserLanguage (file:///home/appzetoa/public_html/daliyhisab/server/controller/languageController.js:138:29)
    at Layer.handleRequest (/home/appzetoa/public_html/daliyhisab/server/node_modules/router/lib/layer.js:152:17)
    at next (/home/appzetoa/public_html/daliyhisab/server/node_modules/router/lib/route.js:157:13)
    at multerMiddleware (/home/appzetoa/public_html/daliyhisab/server/node_modules/multer/lib/make-middleware.js:19:41)
    at Layer.handleRequest (/home/appzetoa/public_html/daliyhisab/server/node_modules/router/lib/layer.js:152:17)
    at next (/home/appzetoa/public_html/daliyhisab/server/node_modules/router/lib/route.js:157:13)
    at file:///home/appzetoa/public_html/daliyhisab/server/router/authentication.js:58:13
    at Query.<anonymous> (file:///home/appzetoa/public_html/daliyhisab/server/connection/dbConfig.js:155:25)
    at Query.<anonymous> (/home/appzetoa/public_html/daliyhisab/server/node_modules/mysql/lib/Connection.js:526:10)
    at Query._callback (/home/appzetoa/public_html/daliyhisab/server/node_modules/mysql/lib/Connection.js:488:16)
❌ Query error: ER_NO_SUCH_TABLE: Table 'appzetoa_daily_hisab.reminder_master' doesn't exist
Query: DELETE FROM reminder_master WHERE user_id = ?...
Error deleting reminders: Error: ER_NO_SUCH_TABLE: Table 'appzetoa_daily_hisab.reminder_master' doesn't exist
    at Sequence._packetToError (/home/appzetoa/public_html/daliyhisab/server/node_modules/mysql/lib/protocol/sequences/Sequence.js:47:14)
    at Query.ErrorPacket (/home/appzetoa/public_html/daliyhisab/server/node_modules/mysql/lib/protocol/sequences/Query.js:79:18)
    at Protocol._parsePacket (/home/appzetoa/public_html/daliyhisab/server/node_modules/mysql/lib/protocol/Protocol.js:291:23)
    at Parser._parsePacket (/home/appzetoa/public_html/daliyhisab/server/node_modules/mysql/lib/protocol/Parser.js:433:10)
    at Parser.write (/home/appzetoa/public_html/daliyhisab/server/node_modules/mysql/lib/protocol/Parser.js:43:10)
    at Protocol.write (/home/appzetoa/public_html/daliyhisab/server/node_modules/mysql/lib/protocol/Protocol.js:38:16)
    at Socket.<anonymous> (/home/appzetoa/public_html/daliyhisab/server/node_modules/mysql/lib/Connection.js:88:28)
    at Socket.<anonymous> (/home/appzetoa/public_html/daliyhisab/server/node_modules/mysql/lib/Connection.js:526:10)
    at Socket.emit (node:events:524:28)
    at addChunk (node:internal/streams/readable:561:12)
    --------------------
    at Protocol._enqueue (/home/appzetoa/public_html/daliyhisab/server/node_modules/mysql/lib/protocol/Protocol.js:144:48)
    at PoolConnection.query (/home/appzetoa/public_html/daliyhisab/server/node_modules/mysql/lib/Connection.js:198:25)
    at Query.<anonymous> (file:///home/appzetoa/public_html/daliyhisab/server/connection/dbConfig.js:138:22)
    at Query.<anonymous> (/home/appzetoa/public_html/daliyhisab/server/node_modules/mysql/lib/Connection.js:526:10)
    at Query._callback (/home/appzetoa/public_html/daliyhisab/server/node_modules/mysql/lib/Connection.js:488:16)
    at Sequence.end (/home/appzetoa/public_html/daliyhisab/server/node_modules/mysql/lib/protocol/sequences/Sequence.js:83:24)
    at Query._handleFinalResultPacket (/home/appzetoa/public_html/daliyhisab/server/node_modules/mysql/lib/protocol/sequences/Query.js:149:8)
    at Query.OkPacket (/home/appzetoa/public_html/daliyhisab/server/node_modules/mysql/lib/protocol/sequences/Query.js:74:10)
    at Protocol._parsePacket (/home/appzetoa/public_html/daliyhisab/server/node_modules/mysql/lib/protocol/Protocol.js:291:23)
    at Parser._parsePacket (/home/appzetoa/public_html/daliyhisab/server/node_modules/mysql/lib/protocol/Parser.js:433:10) {
  code: 'ER_NO_SUCH_TABLE',
  errno: 1146,
  sqlMessage: "Table 'appzetoa_daily_hisab.reminder_master' doesn't exist",
  sqlState: '42S02',
  index: 0,
  sql: 'DELETE FROM reminder_master WHERE user_id = 271'
}
❌ Query error: ER_NO_SUCH_TABLE: Table 'appzetoa_daily_hisab.recurring_payment_master' doesn't exist
Query: DELETE FROM recurring_payment_master WHERE user_id = ?...
Error deleting recurring payments: Error: ER_NO_SUCH_TABLE: Table 'appzetoa_daily_hisab.recurring_payment_master' doesn't exist
    at Sequence._packetToError (/home/appzetoa/public_html/daliyhisab/server/node_modules/mysql/lib/protocol/sequences/Sequence.js:47:14)
    at Query.ErrorPacket (/home/appzetoa/public_html/daliyhisab/server/node_modules/mysql/lib/protocol/sequences/Query.js:79:18)
    at Protocol._parsePacket (/home/appzetoa/public_html/daliyhisab/server/node_modules/mysql/lib/protocol/Protocol.js:291:23)
    at Parser._parsePacket (/home/appzetoa/public_html/daliyhisab/server/node_modules/mysql/lib/protocol/Parser.js:433:10)
    at Parser.write (/home/appzetoa/public_html/daliyhisab/server/node_modules/mysql/lib/protocol/Parser.js:43:10)
    at Protocol.write (/home/appzetoa/public_html/daliyhisab/server/node_modules/mysql/lib/protocol/Protocol.js:38:16)
    at Socket.<anonymous> (/home/appzetoa/public_html/daliyhisab/server/node_modules/mysql/lib/Connection.js:88:28)
    at Socket.<anonymous> (/home/appzetoa/public_html/daliyhisab/server/node_modules/mysql/lib/Connection.js:526:10)
    at Socket.emit (node:events:524:28)
    at addChunk (node:internal/streams/readable:561:12)
    --------------------
    at Protocol._enqueue (/home/appzetoa/public_html/daliyhisab/server/node_modules/mysql/lib/protocol/Protocol.js:144:48)
    at PoolConnection.query (/home/appzetoa/public_html/daliyhisab/server/node_modules/mysql/lib/Connection.js:198:25)
    at Query.<anonymous> (file:///home/appzetoa/public_html/daliyhisab/server/connection/dbConfig.js:138:22)
    at Query.<anonymous> (/home/appzetoa/public_html/daliyhisab/server/node_modules/mysql/lib/Connection.js:526:10)
    at Query._callback (/home/appzetoa/public_html/daliyhisab/server/node_modules/mysql/lib/Connection.js:488:16)
    at Sequence.end (/home/appzetoa/public_html/daliyhisab/server/node_modules/mysql/lib/protocol/sequences/Sequence.js:83:24)
    at Query._handleFinalResultPacket (/home/appzetoa/public_html/daliyhisab/server/node_modules/mysql/lib/protocol/sequences/Query.js:149:8)
    at Query.OkPacket (/home/appzetoa/public_html/daliyhisab/server/node_modules/mysql/lib/protocol/sequences/Query.js:74:10)
    at Protocol._parsePacket (/home/appzetoa/public_html/daliyhisab/server/node_modules/mysql/lib/protocol/Protocol.js:291:23)
    at Parser._parsePacket (/home/appzetoa/public_html/daliyhisab/server/node_modules/mysql/lib/protocol/Parser.js:433:10) {
  code: 'ER_NO_SUCH_TABLE',
  errno: 1146,
  sqlMessage: "Table 'appzetoa_daily_hisab.recurring_payment_master' doesn't exist",
  sqlState: '42S02',
  index: 0,
  sql: 'DELETE FROM recurring_payment_master WHERE user_id = 271'
}
❌ Query error: ER_NO_SUCH_TABLE: Table 'appzetoa_daily_hisab.notification_master' doesn't exist
Query: DELETE FROM notification_master WHERE user_id = ?...
Error deleting notifications: Error: ER_NO_SUCH_TABLE: Table 'appzetoa_daily_hisab.notification_master' doesn't exist
    at Sequence._packetToError (/home/appzetoa/public_html/daliyhisab/server/node_modules/mysql/lib/protocol/sequences/Sequence.js:47:14)
    at Query.ErrorPacket (/home/appzetoa/public_html/daliyhisab/server/node_modules/mysql/lib/protocol/sequences/Query.js:79:18)
    at Protocol._parsePacket (/home/appzetoa/public_html/daliyhisab/server/node_modules/mysql/lib/protocol/Protocol.js:291:23)
    at Parser._parsePacket (/home/appzetoa/public_html/daliyhisab/server/node_modules/mysql/lib/protocol/Parser.js:433:10)
    at Parser.write (/home/appzetoa/public_html/daliyhisab/server/node_modules/mysql/lib/protocol/Parser.js:43:10)
    at Protocol.write (/home/appzetoa/public_html/daliyhisab/server/node_modules/mysql/lib/protocol/Protocol.js:38:16)
    at Socket.<anonymous> (/home/appzetoa/public_html/daliyhisab/server/node_modules/mysql/lib/Connection.js:88:28)
    at Socket.<anonymous> (/home/appzetoa/public_html/daliyhisab/server/node_modules/mysql/lib/Connection.js:526:10)
    at Socket.emit (node:events:524:28)
    at addChunk (node:internal/streams/readable:561:12)
    --------------------
    at Protocol._enqueue (/home/appzetoa/public_html/daliyhisab/server/node_modules/mysql/lib/protocol/Protocol.js:144:48)
    at PoolConnection.query (/home/appzetoa/public_html/daliyhisab/server/node_modules/mysql/lib/Connection.js:198:25)
    at Query.<anonymous> (file:///home/appzetoa/public_html/daliyhisab/server/connection/dbConfig.js:138:22)
    at Query.<anonymous> (/home/appzetoa/public_html/daliyhisab/server/node_modules/mysql/lib/Connection.js:526:10)
    at Query._callback (/home/appzetoa/public_html/daliyhisab/server/node_modules/mysql/lib/Connection.js:488:16)
    at Sequence.end (/home/appzetoa/public_html/daliyhisab/server/node_modules/mysql/lib/protocol/sequences/Sequence.js:83:24)
    at Query._handleFinalResultPacket (/home/appzetoa/public_html/daliyhisab/server/node_modules/mysql/lib/protocol/sequences/Query.js:149:8)
    at Query.OkPacket (/home/appzetoa/public_html/daliyhisab/server/node_modules/mysql/lib/protocol/sequences/Query.js:74:10)
    at Protocol._parsePacket (/home/appzetoa/public_html/daliyhisab/server/node_modules/mysql/lib/protocol/Protocol.js:291:23)
    at Parser._parsePacket (/home/appzetoa/public_html/daliyhisab/server/node_modules/mysql/lib/protocol/Parser.js:433:10) {
  code: 'ER_NO_SUCH_TABLE',
  errno: 1146,
  sqlMessage: "Table 'appzetoa_daily_hisab.notification_master' doesn't exist",
  sqlState: '42S02',
  index: 0,
  sql: 'DELETE FROM notification_master WHERE user_id = 271'
}
❌ Query error: ER_NO_SUCH_TABLE: Table 'appzetoa_daily_hisab.referral_master' doesn't exist
Query: 
      SELECT 
        COUNT(DISTINCT user_id) as unique_users,
        COUNT(*) as total_referrals,...
❌ Query error: ER_NO_SUCH_TABLE: Table 'appzetoa_daily_hisab.referral_master' doesn't exist
Query: 
      SELECT 
        COUNT(DISTINCT user_id) as unique_users,
        COUNT(*) as total_referrals,...
❌ Query error: ER_NO_SUCH_TABLE: Table 'appzetoa_daily_hisab.referral_master' doesn't exist
Query: 
      SELECT 
        COUNT(DISTINCT user_id) as unique_users,
        COUNT(*) as total_referrals,...
❌ Query error: ER_NO_SUCH_TABLE: Table 'appzetoa_daily_hisab.referral_master' doesn't exist
Query: 
      SELECT 
        COUNT(DISTINCT user_id) as unique_users,
        COUNT(*) as total_referrals,...
❌ Query error: ER_NO_SUCH_TABLE: Table 'appzetoa_daily_hisab.referral_master' doesn't exist
Query: 
      SELECT 
        COUNT(DISTINCT user_id) as unique_users,
        COUNT(*) as total_referrals,...
❌ Query error: ER_NO_SUCH_TABLE: Table 'appzetoa_daily_hisab.referral_master' doesn't exist
Query: 
      SELECT 
        COUNT(DISTINCT user_id) as unique_users,
        COUNT(*) as total_referrals,...
❌ Query error: ER_NO_SUCH_TABLE: Table 'appzetoa_daily_hisab.referral_master' doesn't exist
Query: 
      SELECT 
        COUNT(DISTINCT user_id) as unique_users,
        COUNT(*) as total_referrals,...
❌ Query error: ER_NO_SUCH_TABLE: Table 'appzetoa_daily_hisab.referral_master' doesn't exist
Query: 
      SELECT 
        COUNT(DISTINCT user_id) as unique_users,
        COUNT(*) as total_referrals,...
❌ Query error: ER_NO_SUCH_TABLE: Table 'appzetoa_daily_hisab.referral_master' doesn't exist
Query: 
      SELECT 
        COUNT(DISTINCT user_id) as unique_users,
        COUNT(*) as total_referrals,...
❌ Query error: ER_NO_SUCH_TABLE: Table 'appzetoa_daily_hisab.referral_master' doesn't exist
Query: 
      SELECT 
        COUNT(DISTINCT user_id) as unique_users,
        COUNT(*) as total_referrals,...
❌ Query error: ER_NO_SUCH_TABLE: Table 'appzetoa_daily_hisab.referral_master' doesn't exist
Query: 
      SELECT 
        COUNT(DISTINCT user_id) as unique_users,
        COUNT(*) as total_referrals,...
❌ Query error: ER_NO_SUCH_TABLE: Table 'appzetoa_daily_hisab.referral_master' doesn't exist
Query: 
      SELECT 
        COUNT(DISTINCT user_id) as unique_users,
        COUNT(*) as total_referrals,...
Global error handler: TypeError: Cannot read properties of undefined (reading 'user_id')
    at updateUserLanguage (file:///home/appzetoa/public_html/daliyhisab/server/controller/languageController.js:138:29)
    at Layer.handleRequest (/home/appzetoa/public_html/daliyhisab/server/node_modules/router/lib/layer.js:152:17)
    at next (/home/appzetoa/public_html/daliyhisab/server/node_modules/router/lib/route.js:157:13)
    at multerMiddleware (/home/appzetoa/public_html/daliyhisab/server/node_modules/multer/lib/make-middleware.js:19:41)
    at Layer.handleRequest (/home/appzetoa/public_html/daliyhisab/server/node_modules/router/lib/layer.js:152:17)
    at next (/home/appzetoa/public_html/daliyhisab/server/node_modules/router/lib/route.js:157:13)
    at file:///home/appzetoa/public_html/daliyhisab/server/router/authentication.js:75:13
    at Query.<anonymous> (file:///home/appzetoa/public_html/daliyhisab/server/connection/dbConfig.js:155:25)
    at Query.<anonymous> (/home/appzetoa/public_html/daliyhisab/server/node_modules/mysql/lib/Connection.js:526:10)
    at Query._callback (/home/appzetoa/public_html/daliyhisab/server/node_modules/mysql/lib/Connection.js:488:16)
Global error handler: TypeError: Cannot read properties of undefined (reading 'user_id')
    at updateUserLanguage (file:///home/appzetoa/public_html/daliyhisab/server/controller/languageController.js:138:29)
    at Layer.handleRequest (/home/appzetoa/public_html/daliyhisab/server/node_modules/router/lib/layer.js:152:17)
    at next (/home/appzetoa/public_html/daliyhisab/server/node_modules/router/lib/route.js:157:13)
    at multerMiddleware (/home/appzetoa/public_html/daliyhisab/server/node_modules/multer/lib/make-middleware.js:19:41)
    at Layer.handleRequest (/home/appzetoa/public_html/daliyhisab/server/node_modules/router/lib/layer.js:152:17)
    at next (/home/appzetoa/public_html/daliyhisab/server/node_modules/router/lib/route.js:157:13)
    at file:///home/appzetoa/public_html/daliyhisab/server/router/authentication.js:75:13
    at Query.<anonymous> (file:///home/appzetoa/public_html/daliyhisab/server/connection/dbConfig.js:155:25)
    at Query.<anonymous> (/home/appzetoa/public_html/daliyhisab/server/node_modules/mysql/lib/Connection.js:526:10)
    at Query._callback (/home/appzetoa/public_html/daliyhisab/server/node_modules/mysql/lib/Connection.js:488:16)
❌ Query error: ER_BAD_FIELD_ERROR: Unknown column 'account_id' in 'where clause'
Query: DELETE FROM team_member_master WHERE account_id = ? AND user_id = ?...
Error deleting team members: Error: ER_BAD_FIELD_ERROR: Unknown column 'account_id' in 'where clause'
    at Sequence._packetToError (/home/appzetoa/public_html/daliyhisab/server/node_modules/mysql/lib/protocol/sequences/Sequence.js:47:14)
    at Query.ErrorPacket (/home/appzetoa/public_html/daliyhisab/server/node_modules/mysql/lib/protocol/sequences/Query.js:79:18)
    at Protocol._parsePacket (/home/appzetoa/public_html/daliyhisab/server/node_modules/mysql/lib/protocol/Protocol.js:291:23)
    at Parser._parsePacket (/home/appzetoa/public_html/daliyhisab/server/node_modules/mysql/lib/protocol/Parser.js:433:10)
    at Parser.write (/home/appzetoa/public_html/daliyhisab/server/node_modules/mysql/lib/protocol/Parser.js:43:10)
    at Protocol.write (/home/appzetoa/public_html/daliyhisab/server/node_modules/mysql/lib/protocol/Protocol.js:38:16)
    at Socket.<anonymous> (/home/appzetoa/public_html/daliyhisab/server/node_modules/mysql/lib/Connection.js:88:28)
    at Socket.<anonymous> (/home/appzetoa/public_html/daliyhisab/server/node_modules/mysql/lib/Connection.js:526:10)
    at Socket.emit (node:events:524:28)
    at addChunk (node:internal/streams/readable:561:12)
    --------------------
    at Protocol._enqueue (/home/appzetoa/public_html/daliyhisab/server/node_modules/mysql/lib/protocol/Protocol.js:144:48)
    at PoolConnection.query (/home/appzetoa/public_html/daliyhisab/server/node_modules/mysql/lib/Connection.js:198:25)
    at Query.<anonymous> (file:///home/appzetoa/public_html/daliyhisab/server/connection/dbConfig.js:138:22)
    at Query.<anonymous> (/home/appzetoa/public_html/daliyhisab/server/node_modules/mysql/lib/Connection.js:526:10)
    at Query._callback (/home/appzetoa/public_html/daliyhisab/server/node_modules/mysql/lib/Connection.js:488:16)
    at Sequence.end (/home/appzetoa/public_html/daliyhisab/server/node_modules/mysql/lib/protocol/sequences/Sequence.js:83:24)
    at Query._handleFinalResultPacket (/home/appzetoa/public_html/daliyhisab/server/node_modules/mysql/lib/protocol/sequences/Query.js:149:8)
    at Query.OkPacket (/home/appzetoa/public_html/daliyhisab/server/node_modules/mysql/lib/protocol/sequences/Query.js:74:10)
    at Protocol._parsePacket (/home/appzetoa/public_html/daliyhisab/server/node_modules/mysql/lib/protocol/Protocol.js:291:23)
    at Parser._parsePacket (/home/appzetoa/public_html/daliyhisab/server/node_modules/mysql/lib/protocol/Parser.js:433:10) {
  code: 'ER_BAD_FIELD_ERROR',
  errno: 1054,
  sqlMessage: "Unknown column 'account_id' in 'where clause'",
  sqlState: '42S22',
  index: 0,
  sql: "DELETE FROM team_member_master WHERE account_id = '445' AND user_id = '416'"
}
Failed token 13: messaging/registration-token-not-registered Requested entity was not found.
Token: fny6aNcQRJ6ax2vjdgNnzP:APA91bH...
Failed token 25: messaging/registration-token-not-registered Requested entity was not found.
Token: c7QgqQg-SNGgA8pGvnfg7T:APA91bF...
Failed token 46: messaging/registration-token-not-registered Requested entity was not found.
Token: ccveqeyfSB-ZU316bL4vE4:APA91bH...
Failed token 53: messaging/registration-token-not-registered Requested entity was not found.
Token: cRP1TUDJRR2PN4_vtY5rTL:APA91bG...
Failed token 56: messaging/registration-token-not-registered Requested entity was not found.
Token: f3K5APrbTB2dDz9SEe6P7C:APA91bF...
Failed token 73: messaging/registration-token-not-registered Requested entity was not found.
Token: cg8Oj5BVSsyNsgnNZVhESz:APA91bH...
Failed token 76: messaging/registration-token-not-registered Requested entity was not found.
Token: cmjD2EpwQzKmWYAJ0xZjE4:APA91bG...
Failed token 78: messaging/registration-token-not-registered Requested entity was not found.
Token: fNk7ZKV-RNag7RjXrPZdDc:APA91bH...
Failed token 84: messaging/registration-token-not-registered Requested entity was not found.
Token: epBg8qaDTtS6acrafAhNze:APA91bF...
Failed token 85: messaging/registration-token-not-registered Requested entity was not found.
Token: fbGe_M0zRhC5FMlAQQhH1M:APA91bE...
Failed token 88: messaging/registration-token-not-registered Requested entity was not found.
Token: dGCARmr-RTimKSCm0ybFc0:APA91bE...
Failed token 92: messaging/registration-token-not-registered Requested entity was not found.
Token: dt8TW5DpTZq5AKggx9-s40:APA91bE...
Failed token 94: messaging/registration-token-not-registered Requested entity was not found.
Token: cVQi_BHLQRWRMUVDyljO--:APA91bE...
Failed token 100: messaging/registration-token-not-registered Requested entity was not found.
Token: cf1L7gcjTlqDneqGGpsU6U:APA91bE...
Failed token 105: messaging/registration-token-not-registered Requested entity was not found.
Token: dQ9Ec7qPQEK6Ucrey006cB:APA91bF...
Failed token 107: messaging/registration-token-not-registered Requested entity was not found.
Token: fAz-yq_oSPChjbiTBRHvjh:APA91bG...
Failed token 111: messaging/registration-token-not-registered Requested entity was not found.
Token: cSzeua7WSvi4Pk-YdqnrrJ:APA91bH...
Failed token 112: messaging/registration-token-not-registered Requested entity was not found.
Token: fGoaun_SRHi3sE9qQm4AVW:APA91bH...
Failed token 113: messaging/registration-token-not-registered Requested entity was not found.
Token: fhvJN3x7RnG3W58SdBgYpD:APA91bG...
Failed token 114: messaging/registration-token-not-registered Requested entity was not found.
Token: dIi1cKYVRDircrSf9qZTgZ:APA91bH...
❌ SMSIndia Hub request timeout. Please try again.
Unhandled Rejection at: Promise {
  <rejected> Error: SMSIndia Hub request timeout. Please try again.
      at SMSIndiaHubService.sendOTP (file:///home/appzetoa/public_html/daliyhisab/server/services/smsIndiaHubService.js:232:15)
      at process.processTicksAndRejections (node:internal/process/task_queues:95:5)
      at async file:///home/appzetoa/public_html/daliyhisab/server/controller/userController.js:1299:43
} reason: Error: SMSIndia Hub request timeout. Please try again.
    at SMSIndiaHubService.sendOTP (file:///home/appzetoa/public_html/daliyhisab/server/services/smsIndiaHubService.js:232:15)
    at process.processTicksAndRejections (node:internal/process/task_queues:95:5)
    at async file:///home/appzetoa/public_html/daliyhisab/server/controller/userController.js:1299:43
❌ Query error: ER_NO_SUCH_TABLE: Table 'appzetoa_daily_hisab.reminder_master' doesn't exist
Query: DELETE FROM reminder_master WHERE user_id = ?...
Error deleting reminders: Error: ER_NO_SUCH_TABLE: Table 'appzetoa_daily_hisab.reminder_master' doesn't exist
    at Sequence._packetToError (/home/appzetoa/public_html/daliyhisab/server/node_modules/mysql/lib/protocol/sequences/Sequence.js:47:14)
    at Query.ErrorPacket (/home/appzetoa/public_html/daliyhisab/server/node_modules/mysql/lib/protocol/sequences/Query.js:79:18)
    at Protocol._parsePacket (/home/appzetoa/public_html/daliyhisab/server/node_modules/mysql/lib/protocol/Protocol.js:291:23)
    at Parser._parsePacket (/home/appzetoa/public_html/daliyhisab/server/node_modules/mysql/lib/protocol/Parser.js:433:10)
    at Parser.write (/home/appzetoa/public_html/daliyhisab/server/node_modules/mysql/lib/protocol/Parser.js:43:10)
    at Protocol.write (/home/appzetoa/public_html/daliyhisab/server/node_modules/mysql/lib/protocol/Protocol.js:38:16)
    at Socket.<anonymous> (/home/appzetoa/public_html/daliyhisab/server/node_modules/mysql/lib/Connection.js:88:28)
    at Socket.<anonymous> (/home/appzetoa/public_html/daliyhisab/server/node_modules/mysql/lib/Connection.js:526:10)
    at Socket.emit (node:events:524:28)
    at addChunk (node:internal/streams/readable:561:12)
    --------------------
    at Protocol._enqueue (/home/appzetoa/public_html/daliyhisab/server/node_modules/mysql/lib/protocol/Protocol.js:144:48)
    at PoolConnection.query (/home/appzetoa/public_html/daliyhisab/server/node_modules/mysql/lib/Connection.js:198:25)
    at Query.<anonymous> (file:///home/appzetoa/public_html/daliyhisab/server/connection/dbConfig.js:138:22)
    at Query.<anonymous> (/home/appzetoa/public_html/daliyhisab/server/node_modules/mysql/lib/Connection.js:526:10)
    at Query._callback (/home/appzetoa/public_html/daliyhisab/server/node_modules/mysql/lib/Connection.js:488:16)
    at Sequence.end (/home/appzetoa/public_html/daliyhisab/server/node_modules/mysql/lib/protocol/sequences/Sequence.js:83:24)
    at Query._handleFinalResultPacket (/home/appzetoa/public_html/daliyhisab/server/node_modules/mysql/lib/protocol/sequences/Query.js:149:8)
    at Query.OkPacket (/home/appzetoa/public_html/daliyhisab/server/node_modules/mysql/lib/protocol/sequences/Query.js:74:10)
    at Protocol._parsePacket (/home/appzetoa/public_html/daliyhisab/server/node_modules/mysql/lib/protocol/Protocol.js:291:23)
    at Parser._parsePacket (/home/appzetoa/public_html/daliyhisab/server/node_modules/mysql/lib/protocol/Parser.js:433:10) {
  code: 'ER_NO_SUCH_TABLE',
  errno: 1146,
  sqlMessage: "Table 'appzetoa_daily_hisab.reminder_master' doesn't exist",
  sqlState: '42S02',
  index: 0,
  sql: 'DELETE FROM reminder_master WHERE user_id = 49'
}
❌ Query error: ER_NO_SUCH_TABLE: Table 'appzetoa_daily_hisab.recurring_payment_master' doesn't exist
Query: DELETE FROM recurring_payment_master WHERE user_id = ?...
Error deleting recurring payments: Error: ER_NO_SUCH_TABLE: Table 'appzetoa_daily_hisab.recurring_payment_master' doesn't exist
    at Sequence._packetToError (/home/appzetoa/public_html/daliyhisab/server/node_modules/mysql/lib/protocol/sequences/Sequence.js:47:14)
    at Query.ErrorPacket (/home/appzetoa/public_html/daliyhisab/server/node_modules/mysql/lib/protocol/sequences/Query.js:79:18)
    at Protocol._parsePacket (/home/appzetoa/public_html/daliyhisab/server/node_modules/mysql/lib/protocol/Protocol.js:291:23)
    at Parser._parsePacket (/home/appzetoa/public_html/daliyhisab/server/node_modules/mysql/lib/protocol/Parser.js:433:10)
    at Parser.write (/home/appzetoa/public_html/daliyhisab/server/node_modules/mysql/lib/protocol/Parser.js:43:10)
    at Protocol.write (/home/appzetoa/public_html/daliyhisab/server/node_modules/mysql/lib/protocol/Protocol.js:38:16)
    at Socket.<anonymous> (/home/appzetoa/public_html/daliyhisab/server/node_modules/mysql/lib/Connection.js:88:28)
    at Socket.<anonymous> (/home/appzetoa/public_html/daliyhisab/server/node_modules/mysql/lib/Connection.js:526:10)
    at Socket.emit (node:events:524:28)
    at addChunk (node:internal/streams/readable:561:12)
    --------------------
    at Protocol._enqueue (/home/appzetoa/public_html/daliyhisab/server/node_modules/mysql/lib/protocol/Protocol.js:144:48)
    at PoolConnection.query (/home/appzetoa/public_html/daliyhisab/server/node_modules/mysql/lib/Connection.js:198:25)
    at Query.<anonymous> (file:///home/appzetoa/public_html/daliyhisab/server/connection/dbConfig.js:138:22)
    at Query.<anonymous> (/home/appzetoa/public_html/daliyhisab/server/node_modules/mysql/lib/Connection.js:526:10)
    at Query._callback (/home/appzetoa/public_html/daliyhisab/server/node_modules/mysql/lib/Connection.js:488:16)
    at Sequence.end (/home/appzetoa/public_html/daliyhisab/server/node_modules/mysql/lib/protocol/sequences/Sequence.js:83:24)
    at Query._handleFinalResultPacket (/home/appzetoa/public_html/daliyhisab/server/node_modules/mysql/lib/protocol/sequences/Query.js:149:8)
    at Query.OkPacket (/home/appzetoa/public_html/daliyhisab/server/node_modules/mysql/lib/protocol/sequences/Query.js:74:10)
    at Protocol._parsePacket (/home/appzetoa/public_html/daliyhisab/server/node_modules/mysql/lib/protocol/Protocol.js:291:23)
    at Parser._parsePacket (/home/appzetoa/public_html/daliyhisab/server/node_modules/mysql/lib/protocol/Parser.js:433:10) {
  code: 'ER_NO_SUCH_TABLE',
  errno: 1146,
  sqlMessage: "Table 'appzetoa_daily_hisab.recurring_payment_master' doesn't exist",
  sqlState: '42S02',
  index: 0,
  sql: 'DELETE FROM recurring_payment_master WHERE user_id = 49'
}
❌ Query error: ER_NO_SUCH_TABLE: Table 'appzetoa_daily_hisab.notification_master' doesn't exist
Query: DELETE FROM notification_master WHERE user_id = ?...
Error deleting notifications: Error: ER_NO_SUCH_TABLE: Table 'appzetoa_daily_hisab.notification_master' doesn't exist
    at Sequence._packetToError (/home/appzetoa/public_html/daliyhisab/server/node_modules/mysql/lib/protocol/sequences/Sequence.js:47:14)
    at Query.ErrorPacket (/home/appzetoa/public_html/daliyhisab/server/node_modules/mysql/lib/protocol/sequences/Query.js:79:18)
    at Protocol._parsePacket (/home/appzetoa/public_html/daliyhisab/server/node_modules/mysql/lib/protocol/Protocol.js:291:23)
    at Parser._parsePacket (/home/appzetoa/public_html/daliyhisab/server/node_modules/mysql/lib/protocol/Parser.js:433:10)
    at Parser.write (/home/appzetoa/public_html/daliyhisab/server/node_modules/mysql/lib/protocol/Parser.js:43:10)
    at Protocol.write (/home/appzetoa/public_html/daliyhisab/server/node_modules/mysql/lib/protocol/Protocol.js:38:16)
    at Socket.<anonymous> (/home/appzetoa/public_html/daliyhisab/server/node_modules/mysql/lib/Connection.js:88:28)
    at Socket.<anonymous> (/home/appzetoa/public_html/daliyhisab/server/node_modules/mysql/lib/Connection.js:526:10)
    at Socket.emit (node:events:524:28)
    at addChunk (node:internal/streams/readable:561:12)
    --------------------
    at Protocol._enqueue (/home/appzetoa/public_html/daliyhisab/server/node_modules/mysql/lib/protocol/Protocol.js:144:48)
    at PoolConnection.query (/home/appzetoa/public_html/daliyhisab/server/node_modules/mysql/lib/Connection.js:198:25)
    at Query.<anonymous> (file:///home/appzetoa/public_html/daliyhisab/server/connection/dbConfig.js:138:22)
    at Query.<anonymous> (/home/appzetoa/public_html/daliyhisab/server/node_modules/mysql/lib/Connection.js:526:10)
    at Query._callback (/home/appzetoa/public_html/daliyhisab/server/node_modules/mysql/lib/Connection.js:488:16)
    at Sequence.end (/home/appzetoa/public_html/daliyhisab/server/node_modules/mysql/lib/protocol/sequences/Sequence.js:83:24)
    at Query._handleFinalResultPacket (/home/appzetoa/public_html/daliyhisab/server/node_modules/mysql/lib/protocol/sequences/Query.js:149:8)
    at Query.OkPacket (/home/appzetoa/public_html/daliyhisab/server/node_modules/mysql/lib/protocol/sequences/Query.js:74:10)
    at Protocol._parsePacket (/home/appzetoa/public_html/daliyhisab/server/node_modules/mysql/lib/protocol/Protocol.js:291:23)
    at Parser._parsePacket (/home/appzetoa/public_html/daliyhisab/server/node_modules/mysql/lib/protocol/Parser.js:433:10) {
  code: 'ER_NO_SUCH_TABLE',
  errno: 1146,
  sqlMessage: "Table 'appzetoa_daily_hisab.notification_master' doesn't exist",
  sqlState: '42S02',
  index: 0,
  sql: 'DELETE FROM notification_master WHERE user_id = 49'
}
❌ Query error: ER_NO_SUCH_TABLE: Table 'appzetoa_daily_hisab.referral_master' doesn't exist
Query: 
      SELECT 
        COUNT(DISTINCT user_id) as unique_users,
        COUNT(*) as total_referrals,...
❌ Query error: ER_NO_SUCH_TABLE: Table 'appzetoa_daily_hisab.referral_master' doesn't exist
Query: 
      SELECT 
        COUNT(DISTINCT user_id) as unique_users,
        COUNT(*) as total_referrals,...
❌ Query error: ER_NO_SUCH_TABLE: Table 'appzetoa_daily_hisab.referral_master' doesn't exist
Query: 
      SELECT 
        COUNT(DISTINCT user_id) as unique_users,
        COUNT(*) as total_referrals,...
❌ Query error: ER_NO_SUCH_TABLE: Table 'appzetoa_daily_hisab.referral_master' doesn't exist
Query: 
      SELECT 
        COUNT(DISTINCT user_id) as unique_users,
        COUNT(*) as total_referrals,...
❌ Query error: ER_NO_SUCH_TABLE: Table 'appzetoa_daily_hisab.referral_master' doesn't exist
Query: 
      SELECT 
        COUNT(DISTINCT user_id) as unique_users,
        COUNT(*) as total_referrals,...
❌ Query error: ER_NO_SUCH_TABLE: Table 'appzetoa_daily_hisab.referral_master' doesn't exist
Query: 
      SELECT 
        COUNT(DISTINCT user_id) as unique_users,
        COUNT(*) as total_referrals,...
❌ Query error: ER_NO_SUCH_TABLE: Table 'appzetoa_daily_hisab.referral_master' doesn't exist
Query: 
      SELECT 
        COUNT(DISTINCT user_id) as unique_users,
        COUNT(*) as total_referrals,...
❌ Query error: ER_NO_SUCH_TABLE: Table 'appzetoa_daily_hisab.referral_master' doesn't exist
Query: 
      SELECT 
        COUNT(DISTINCT user_id) as unique_users,
        COUNT(*) as total_referrals,...
❌ Query error: ER_NO_SUCH_TABLE: Table 'appzetoa_daily_hisab.referral_master' doesn't exist
Query: 
      SELECT 
        COUNT(DISTINCT user_id) as unique_users,
        COUNT(*) as total_referrals,...
❌ Query error: ER_NO_SUCH_TABLE: Table 'appzetoa_daily_hisab.referral_master' doesn't exist
Query: 
      SELECT 
        COUNT(DISTINCT user_id) as unique_users,
        COUNT(*) as total_referrals,...
❌ Query error: ER_NO_SUCH_TABLE: Table 'appzetoa_daily_hisab.referral_master' doesn't exist
Query: 
      SELECT 
        COUNT(DISTINCT user_id) as unique_users,
        COUNT(*) as total_referrals,...
❌ Query error: ER_NO_SUCH_TABLE: Table 'appzetoa_daily_hisab.referral_master' doesn't exist
Query: 
      SELECT 
        COUNT(DISTINCT user_id) as unique_users,
        COUNT(*) as total_referrals,...
❌ Query error: ER_NO_SUCH_TABLE: Table 'appzetoa_daily_hisab.referral_master' doesn't exist
Query: 
      SELECT 
        COUNT(DISTINCT user_id) as unique_users,
        COUNT(*) as total_referrals,...
❌ Query error: ER_NO_SUCH_TABLE: Table 'appzetoa_daily_hisab.referral_master' doesn't exist
Query: 
      SELECT 
        COUNT(DISTINCT user_id) as unique_users,
        COUNT(*) as total_referrals,...
❌ Query error: ER_NO_SUCH_TABLE: Table 'appzetoa_daily_hisab.referral_master' doesn't exist
Query: 
      SELECT 
        COUNT(DISTINCT user_id) as unique_users,
        COUNT(*) as total_referrals,...
❌ Query error: ER_NO_SUCH_TABLE: Table 'appzetoa_daily_hisab.referral_master' doesn't exist
Query: 
      SELECT 
        COUNT(DISTINCT user_id) as unique_users,
        COUNT(*) as total_referrals,...
❌ Query error: ER_NO_SUCH_TABLE: Table 'appzetoa_daily_hisab.referral_master' doesn't exist
Query: 
      SELECT 
        COUNT(DISTINCT user_id) as unique_users,
        COUNT(*) as total_referrals,...
❌ Query error: ER_NO_SUCH_TABLE: Table 'appzetoa_daily_hisab.referral_master' doesn't exist
Query: 
      SELECT 
        COUNT(DISTINCT user_id) as unique_users,
        COUNT(*) as total_referrals,...
❌ Query error: ER_NO_SUCH_TABLE: Table 'appzetoa_daily_hisab.referral_master' doesn't exist
Query: 
      SELECT 
        COUNT(DISTINCT user_id) as unique_users,
        COUNT(*) as total_referrals,...
❌ Query error: ER_NO_SUCH_TABLE: Table 'appzetoa_daily_hisab.referral_master' doesn't exist
Query: 
      SELECT 
        COUNT(DISTINCT user_id) as unique_users,
        COUNT(*) as total_referrals,...
❌ Query error: ER_NO_SUCH_TABLE: Table 'appzetoa_daily_hisab.referral_master' doesn't exist
Query: 
      SELECT 
        COUNT(DISTINCT user_id) as unique_users,
        COUNT(*) as total_referrals,...
❌ Query error: ER_NO_SUCH_TABLE: Table 'appzetoa_daily_hisab.referral_master' doesn't exist
Query: 
      SELECT 
        COUNT(DISTINCT user_id) as unique_users,
        COUNT(*) as total_referrals,...
❌ Query error: ER_NO_SUCH_TABLE: Table 'appzetoa_daily_hisab.referral_master' doesn't exist
Query: 
      SELECT 
        COUNT(DISTINCT user_id) as unique_users,
        COUNT(*) as total_referrals,...
❌ Query error: ER_NO_SUCH_TABLE: Table 'appzetoa_daily_hisab.referral_master' doesn't exist
Query: 
      SELECT 
        COUNT(DISTINCT user_id) as unique_users,
        COUNT(*) as total_referrals,...
❌ Query error: ER_NO_SUCH_TABLE: Table 'appzetoa_daily_hisab.referral_master' doesn't exist
Query: 
      SELECT 
        COUNT(DISTINCT user_id) as unique_users,
        COUNT(*) as total_referrals,...
❌ Query error: ER_NO_SUCH_TABLE: Table 'appzetoa_daily_hisab.referral_master' doesn't exist
Query: 
      SELECT 
        COUNT(DISTINCT user_id) as unique_users,
        COUNT(*) as total_referrals,...
❌ Query error: ER_NO_SUCH_TABLE: Table 'appzetoa_daily_hisab.referral_master' doesn't exist
Query: 
      SELECT 
        COUNT(DISTINCT user_id) as unique_users,
        COUNT(*) as total_referrals,...
❌ Query error: ER_NO_SUCH_TABLE: Table 'appzetoa_daily_hisab.referral_master' doesn't exist
Query: 
      SELECT 
        COUNT(DISTINCT user_id) as unique_users,
        COUNT(*) as total_referrals,...
❌ Query error: ER_NO_SUCH_TABLE: Table 'appzetoa_daily_hisab.referral_master' doesn't exist
Query: 
      SELECT 
        COUNT(DISTINCT user_id) as unique_users,
        COUNT(*) as total_referrals,...
❌ Query error: ER_NO_SUCH_TABLE: Table 'appzetoa_daily_hisab.referral_master' doesn't exist
Query: 
      SELECT 
        COUNT(DISTINCT user_id) as unique_users,
        COUNT(*) as total_referrals,...
❌ Query error: ER_NO_SUCH_TABLE: Table 'appzetoa_daily_hisab.referral_master' doesn't exist
Query: 
      SELECT 
        COUNT(DISTINCT user_id) as unique_users,
        COUNT(*) as total_referrals,...
❌ Query error: ER_NO_SUCH_TABLE: Table 'appzetoa_daily_hisab.referral_master' doesn't exist
Query: 
      SELECT 
        COUNT(DISTINCT user_id) as unique_users,
        COUNT(*) as total_referrals,...
❌ Query error: ER_NO_SUCH_TABLE: Table 'appzetoa_daily_hisab.referral_master' doesn't exist
Query: 
      SELECT 
        COUNT(DISTINCT user_id) as unique_users,
        COUNT(*) as total_referrals,...
❌ Query error: ER_NO_SUCH_TABLE: Table 'appzetoa_daily_hisab.referral_master' doesn't exist
Query: 
      SELECT 
        COUNT(DISTINCT user_id) as unique_users,
        COUNT(*) as total_referrals,...
❌ Query error: ER_NO_SUCH_TABLE: Table 'appzetoa_daily_hisab.referral_master' doesn't exist
Query: 
      SELECT 
        COUNT(DISTINCT user_id) as unique_users,
        COUNT(*) as total_referrals,...
❌ Query error: ER_NO_SUCH_TABLE: Table 'appzetoa_daily_hisab.referral_master' doesn't exist
Query: 
      SELECT 
        COUNT(DISTINCT user_id) as unique_users,
        COUNT(*) as total_referrals,...
❌ Query error: ER_NO_SUCH_TABLE: Table 'appzetoa_daily_hisab.referral_master' doesn't exist
Query: 
      SELECT 
        COUNT(DISTINCT user_id) as unique_users,
        COUNT(*) as total_referrals,...
❌ Query error: ER_NO_SUCH_TABLE: Table 'appzetoa_daily_hisab.referral_master' doesn't exist
Query: 
      SELECT 
        COUNT(DISTINCT user_id) as unique_users,
        COUNT(*) as total_referrals,...
❌ Query error: ER_NO_SUCH_TABLE: Table 'appzetoa_daily_hisab.referral_master' doesn't exist
Query: 
      SELECT 
        COUNT(DISTINCT user_id) as unique_users,
        COUNT(*) as total_referrals,...
❌ Query error: ER_NO_SUCH_TABLE: Table 'appzetoa_daily_hisab.referral_master' doesn't exist
Query: 
      SELECT 
        COUNT(DISTINCT user_id) as unique_users,
        COUNT(*) as total_referrals,...
❌ Query error: ER_NO_SUCH_TABLE: Table 'appzetoa_daily_hisab.referral_master' doesn't exist
Query: 
      SELECT 
        COUNT(DISTINCT user_id) as unique_users,
        COUNT(*) as total_referrals,...
❌ Query error: ER_NO_SUCH_TABLE: Table 'appzetoa_daily_hisab.referral_master' doesn't exist
Query: 
      SELECT 
        COUNT(DISTINCT user_id) as unique_users,
        COUNT(*) as total_referrals,...
❌ Query error: ER_NO_SUCH_TABLE: Table 'appzetoa_daily_hisab.referral_master' doesn't exist
Query: 
      SELECT 
        COUNT(DISTINCT user_id) as unique_users,
        COUNT(*) as total_referrals,...
❌ Query error: ER_NO_SUCH_TABLE: Table 'appzetoa_daily_hisab.referral_master' doesn't exist
Query: 
      SELECT 
        COUNT(DISTINCT user_id) as unique_users,
        COUNT(*) as total_referrals,...
❌ Query error: ER_NO_SUCH_TABLE: Table 'appzetoa_daily_hisab.referral_master' doesn't exist
Query: 
      SELECT 
        COUNT(DISTINCT user_id) as unique_users,
        COUNT(*) as total_referrals,...
❌ Query error: ER_NO_SUCH_TABLE: Table 'appzetoa_daily_hisab.referral_master' doesn't exist
Query: 
      SELECT 
        COUNT(DISTINCT user_id) as unique_users,
        COUNT(*) as total_referrals,...
❌ Query error: ER_NO_SUCH_TABLE: Table 'appzetoa_daily_hisab.referral_master' doesn't exist
Query: 
      SELECT 
        COUNT(DISTINCT user_id) as unique_users,
        COUNT(*) as total_referrals,...
❌ Query error: ER_NO_SUCH_TABLE: Table 'appzetoa_daily_hisab.referral_master' doesn't exist
Query: 
      SELECT 
        COUNT(DISTINCT user_id) as unique_users,
        COUNT(*) as total_referrals,...
❌ Query error: ER_NO_SUCH_TABLE: Table 'appzetoa_daily_hisab.referral_master' doesn't exist
Query: 
      SELECT 
        COUNT(DISTINCT user_id) as unique_users,
        COUNT(*) as total_referrals,...
❌ Query error: ER_NO_SUCH_TABLE: Table 'appzetoa_daily_hisab.referral_master' doesn't exist
Query: 
      SELECT 
        COUNT(DISTINCT user_id) as unique_users,
        COUNT(*) as total_referrals,...
❌ Query error: ER_NO_SUCH_TABLE: Table 'appzetoa_daily_hisab.referral_master' doesn't exist
Query: 
      SELECT 
        COUNT(DISTINCT user_id) as unique_users,
        COUNT(*) as total_referrals,...
❌ Query error: ER_NO_SUCH_TABLE: Table 'appzetoa_daily_hisab.referral_master' doesn't exist
Query: 
      SELECT 
        COUNT(DISTINCT user_id) as unique_users,
        COUNT(*) as total_referrals,...
❌ Query error: ER_NO_SUCH_TABLE: Table 'appzetoa_daily_hisab.referral_master' doesn't exist
Query: 
      SELECT 
        COUNT(DISTINCT user_id) as unique_users,
        COUNT(*) as total_referrals,...
❌ Query error: ER_NO_SUCH_TABLE: Table 'appzetoa_daily_hisab.referral_master' doesn't exist
Query: 
      SELECT 
        COUNT(DISTINCT user_id) as unique_users,
        COUNT(*) as total_referrals,...
❌ Query error: ER_NO_SUCH_TABLE: Table 'appzetoa_daily_hisab.referral_master' doesn't exist
Query: 
      SELECT 
        COUNT(DISTINCT user_id) as unique_users,
        COUNT(*) as total_referrals,...
❌ Query error: ER_NO_SUCH_TABLE: Table 'appzetoa_daily_hisab.referral_master' doesn't exist
Query: 
      SELECT 
        COUNT(DISTINCT user_id) as unique_users,
        COUNT(*) as total_referrals,...
❌ Query error: ER_NO_SUCH_TABLE: Table 'appzetoa_daily_hisab.referral_master' doesn't exist
Query: 
      SELECT 
        COUNT(DISTINCT user_id) as unique_users,
        COUNT(*) as total_referrals,...
❌ Query error: ER_NO_SUCH_TABLE: Table 'appzetoa_daily_hisab.referral_master' doesn't exist
Query: 
      SELECT 
        COUNT(DISTINCT user_id) as unique_users,
        COUNT(*) as total_referrals,...
❌ Query error: ER_NO_SUCH_TABLE: Table 'appzetoa_daily_hisab.referral_master' doesn't exist
Query: 
      SELECT 
        COUNT(DISTINCT user_id) as unique_users,
        COUNT(*) as total_referrals,...
❌ Query error: ER_NO_SUCH_TABLE: Table 'appzetoa_daily_hisab.referral_master' doesn't exist
Query: 
      SELECT 
        COUNT(DISTINCT user_id) as unique_users,
        COUNT(*) as total_referrals,...
❌ Query error: ER_NO_SUCH_TABLE: Table 'appzetoa_daily_hisab.referral_master' doesn't exist
Query: 
      SELECT 
        COUNT(DISTINCT user_id) as unique_users,
        COUNT(*) as total_referrals,...
❌ Query error: ER_NO_SUCH_TABLE: Table 'appzetoa_daily_hisab.referral_master' doesn't exist
Query: 
      SELECT 
        COUNT(DISTINCT user_id) as unique_users,
        COUNT(*) as total_referrals,...
❌ Query error: ER_NO_SUCH_TABLE: Table 'appzetoa_daily_hisab.referral_master' doesn't exist
Query: 
      SELECT 
        COUNT(DISTINCT user_id) as unique_users,
        COUNT(*) as total_referrals,...
❌ Query error: ER_NO_SUCH_TABLE: Table 'appzetoa_daily_hisab.referral_master' doesn't exist
Query: 
      SELECT 
        COUNT(DISTINCT user_id) as unique_users,
        COUNT(*) as total_referrals,...
❌ Query error: ER_NO_SUCH_TABLE: Table 'appzetoa_daily_hisab.referral_master' doesn't exist
Query: 
      SELECT 
        COUNT(DISTINCT user_id) as unique_users,
        COUNT(*) as total_referrals,...
❌ Query error: ER_NO_SUCH_TABLE: Table 'appzetoa_daily_hisab.referral_master' doesn't exist
Query: 
      SELECT 
        COUNT(DISTINCT user_id) as unique_users,
        COUNT(*) as total_referrals,...
❌ Query error: ER_NO_SUCH_TABLE: Table 'appzetoa_daily_hisab.referral_master' doesn't exist
Query: 
      SELECT 
        COUNT(DISTINCT user_id) as unique_users,
        COUNT(*) as total_referrals,...
❌ Query error: ER_NO_SUCH_TABLE: Table 'appzetoa_daily_hisab.referral_master' doesn't exist
Query: 
      SELECT 
        COUNT(DISTINCT user_id) as unique_users,
        COUNT(*) as total_referrals,...
❌ Query error: ER_NO_SUCH_TABLE: Table 'appzetoa_daily_hisab.referral_master' doesn't exist
Query: 
      SELECT 
        COUNT(DISTINCT user_id) as unique_users,
        COUNT(*) as total_referrals,...
❌ Query error: ER_NO_SUCH_TABLE: Table 'appzetoa_daily_hisab.referral_master' doesn't exist
Query: 
      SELECT 
        COUNT(DISTINCT user_id) as unique_users,
        COUNT(*) as total_referrals,...
❌ Query error: ER_NO_SUCH_TABLE: Table 'appzetoa_daily_hisab.referral_master' doesn't exist
Query: 
      SELECT 
        COUNT(DISTINCT user_id) as unique_users,
        COUNT(*) as total_referrals,...
❌ Query error: ER_NO_SUCH_TABLE: Table 'appzetoa_daily_hisab.referral_master' doesn't exist
Query: 
      SELECT 
        COUNT(DISTINCT user_id) as unique_users,
        COUNT(*) as total_referrals,...
❌ Query error: ER_NO_SUCH_TABLE: Table 'appzetoa_daily_hisab.referral_master' doesn't exist
Query: 
      SELECT 
        COUNT(DISTINCT user_id) as unique_users,
        COUNT(*) as total_referrals,...
❌ Query error: ER_NO_SUCH_TABLE: Table 'appzetoa_daily_hisab.referral_master' doesn't exist
Query: 
      SELECT 
        COUNT(DISTINCT user_id) as unique_users,
        COUNT(*) as total_referrals,...
❌ Query error: ER_NO_SUCH_TABLE: Table 'appzetoa_daily_hisab.referral_master' doesn't exist
Query: 
      SELECT 
        COUNT(DISTINCT user_id) as unique_users,
        COUNT(*) as total_referrals,...
❌ Query error: ER_NO_SUCH_TABLE: Table 'appzetoa_daily_hisab.referral_master' doesn't exist
Query: 
      SELECT 
        COUNT(DISTINCT user_id) as unique_users,
        COUNT(*) as total_referrals,...
❌ Query error: ER_NO_SUCH_TABLE: Table 'appzetoa_daily_hisab.referral_master' doesn't exist
Query: 
      SELECT 
        COUNT(DISTINCT user_id) as unique_users,
        COUNT(*) as total_referrals,...
❌ Query error: ER_NO_SUCH_TABLE: Table 'appzetoa_daily_hisab.referral_master' doesn't exist
Query: 
      SELECT 
        COUNT(DISTINCT user_id) as unique_users,
        COUNT(*) as total_referrals,...
❌ Query error: ER_NO_SUCH_TABLE: Table 'appzetoa_daily_hisab.referral_master' doesn't exist
Query: 
      SELECT 
        COUNT(DISTINCT user_id) as unique_users,
        COUNT(*) as total_referrals,...
❌ Query error: ER_NO_SUCH_TABLE: Table 'appzetoa_daily_hisab.referral_master' doesn't exist
Query: 
      SELECT 
        COUNT(DISTINCT user_id) as unique_users,
        COUNT(*) as total_referrals,...
❌ Query error: ER_NO_SUCH_TABLE: Table 'appzetoa_daily_hisab.referral_master' doesn't exist
Query: 
      SELECT 
        COUNT(DISTINCT user_id) as unique_users,
        COUNT(*) as total_referrals,...
❌ Query error: ER_NO_SUCH_TABLE: Table 'appzetoa_daily_hisab.referral_master' doesn't exist
Query: 
      SELECT 
        COUNT(DISTINCT user_id) as unique_users,
        COUNT(*) as total_referrals,...
❌ Query error: ER_NO_SUCH_TABLE: Table 'appzetoa_daily_hisab.referral_master' doesn't exist
Query: 
      SELECT 
        COUNT(DISTINCT user_id) as unique_users,
        COUNT(*) as total_referrals,...
❌ Query error: ER_NO_SUCH_TABLE: Table 'appzetoa_daily_hisab.referral_master' doesn't exist
Query: 
      SELECT 
        COUNT(DISTINCT user_id) as unique_users,
        COUNT(*) as total_referrals,...
❌ Query error: ER_NO_SUCH_TABLE: Table 'appzetoa_daily_hisab.referral_master' doesn't exist
Query: 
      SELECT 
        COUNT(DISTINCT user_id) as unique_users,
        COUNT(*) as total_referrals,...
❌ Query error: ER_NO_SUCH_TABLE: Table 'appzetoa_daily_hisab.referral_master' doesn't exist
Query: 
      SELECT 
        COUNT(DISTINCT user_id) as unique_users,
        COUNT(*) as total_referrals,...
❌ Query error: ER_NO_SUCH_TABLE: Table 'appzetoa_daily_hisab.referral_master' doesn't exist
Query: 
      SELECT 
        COUNT(DISTINCT user_id) as unique_users,
        COUNT(*) as total_referrals,...
❌ Query error: ER_NO_SUCH_TABLE: Table 'appzetoa_daily_hisab.referral_master' doesn't exist
Query: 
      SELECT 
        COUNT(DISTINCT user_id) as unique_users,
        COUNT(*) as total_referrals,...
❌ Query error: ER_NO_SUCH_TABLE: Table 'appzetoa_daily_hisab.referral_master' doesn't exist
Query: 
      SELECT 
        COUNT(DISTINCT user_id) as unique_users,
        COUNT(*) as total_referrals,...
❌ Query error: ER_NO_SUCH_TABLE: Table 'appzetoa_daily_hisab.referral_master' doesn't exist
Query: 
      SELECT 
        COUNT(DISTINCT user_id) as unique_users,
        COUNT(*) as total_referrals,...
❌ Query error: ER_NO_SUCH_TABLE: Table 'appzetoa_daily_hisab.referral_master' doesn't exist
Query: 
      SELECT 
        COUNT(DISTINCT user_id) as unique_users,
        COUNT(*) as total_referrals,...
❌ Query error: ER_NO_SUCH_TABLE: Table 'appzetoa_daily_hisab.referral_master' doesn't exist
Query: 
      SELECT 
        COUNT(DISTINCT user_id) as unique_users,
        COUNT(*) as total_referrals,...
❌ Query error: ER_NO_SUCH_TABLE: Table 'appzetoa_daily_hisab.referral_master' doesn't exist
Query: 
      SELECT 
        COUNT(DISTINCT user_id) as unique_users,
        COUNT(*) as total_referrals,...
❌ Query error: ER_NO_SUCH_TABLE: Table 'appzetoa_daily_hisab.referral_master' doesn't exist
Query: 
      SELECT 
        COUNT(DISTINCT user_id) as unique_users,
        COUNT(*) as total_referrals,...
❌ Query error: ER_NO_SUCH_TABLE: Table 'appzetoa_daily_hisab.referral_master' doesn't exist
Query: 
      SELECT 
        COUNT(DISTINCT user_id) as unique_users,
        COUNT(*) as total_referrals,...
❌ Query error: ER_NO_SUCH_TABLE: Table 'appzetoa_daily_hisab.referral_master' doesn't exist
Query: 
      SELECT 
        COUNT(DISTINCT user_id) as unique_users,
        COUNT(*) as total_referrals,...
❌ Query error: ER_NO_SUCH_TABLE: Table 'appzetoa_daily_hisab.referral_master' doesn't exist
Query: 
      SELECT 
        COUNT(DISTINCT user_id) as unique_users,
        COUNT(*) as total_referrals,...
❌ Query error: ER_NO_SUCH_TABLE: Table 'appzetoa_daily_hisab.referral_master' doesn't exist
Query: 
      SELECT 
        COUNT(DISTINCT user_id) as unique_users,
        COUNT(*) as total_referrals,...
❌ Query error: ER_NO_SUCH_TABLE: Table 'appzetoa_daily_hisab.referral_master' doesn't exist
Query: 
      SELECT 
        COUNT(DISTINCT user_id) as unique_users,
        COUNT(*) as total_referrals,...
❌ Query error: ER_NO_SUCH_TABLE: Table 'appzetoa_daily_hisab.referral_master' doesn't exist
Query: 
      SELECT 
        COUNT(DISTINCT user_id) as unique_users,
        COUNT(*) as total_referrals,...
❌ Query error: ER_NO_SUCH_TABLE: Table 'appzetoa_daily_hisab.referral_master' doesn't exist
Query: 
      SELECT 
        COUNT(DISTINCT user_id) as unique_users,
        COUNT(*) as total_referrals,...
❌ Query error: ER_NO_SUCH_TABLE: Table 'appzetoa_daily_hisab.referral_master' doesn't exist
Query: 
      SELECT 
        COUNT(DISTINCT user_id) as unique_users,
        COUNT(*) as total_referrals,...
❌ Query error: ER_NO_SUCH_TABLE: Table 'appzetoa_daily_hisab.referral_master' doesn't exist
Query: 
      SELECT 
        COUNT(DISTINCT user_id) as unique_users,
        COUNT(*) as total_referrals,...
❌ Query error: ER_NO_SUCH_TABLE: Table 'appzetoa_daily_hisab.referral_master' doesn't exist
Query: 
      SELECT 
        COUNT(DISTINCT user_id) as unique_users,
        COUNT(*) as total_referrals,...
❌ Query error: ER_NO_SUCH_TABLE: Table 'appzetoa_daily_hisab.referral_master' doesn't exist
Query: 
      SELECT 
        COUNT(DISTINCT user_id) as unique_users,
        COUNT(*) as total_referrals,...
❌ Query error: ER_NO_SUCH_TABLE: Table 'appzetoa_daily_hisab.referral_master' doesn't exist
Query: 
      SELECT 
        COUNT(DISTINCT user_id) as unique_users,
        COUNT(*) as total_referrals,...
❌ Query error: ER_NO_SUCH_TABLE: Table 'appzetoa_daily_hisab.referral_master' doesn't exist
Query: 
      SELECT 
        COUNT(DISTINCT user_id) as unique_users,
        COUNT(*) as total_referrals,...
❌ Query error: ER_NO_SUCH_TABLE: Table 'appzetoa_daily_hisab.referral_master' doesn't exist
Query: 
      SELECT 
        COUNT(DISTINCT user_id) as unique_users,
        COUNT(*) as total_referrals,...
❌ Query error: ER_NO_SUCH_TABLE: Table 'appzetoa_daily_hisab.referral_master' doesn't exist
Query: 
      SELECT 
        COUNT(DISTINCT user_id) as unique_users,
        COUNT(*) as total_referrals,...
❌ Query error: ER_NO_SUCH_TABLE: Table 'appzetoa_daily_hisab.referral_master' doesn't exist
Query: 
      SELECT 
        COUNT(DISTINCT user_id) as unique_users,
        COUNT(*) as total_referrals,...
❌ Query error: ER_NO_SUCH_TABLE: Table 'appzetoa_daily_hisab.referral_master' doesn't exist
Query: 
      SELECT 
        COUNT(DISTINCT user_id) as unique_users,
        COUNT(*) as total_referrals,...
❌ Query error: ER_NO_SUCH_TABLE: Table 'appzetoa_daily_hisab.referral_master' doesn't exist
Query: 
      SELECT 
        COUNT(DISTINCT user_id) as unique_users,
        COUNT(*) as total_referrals,...
❌ Query error: ER_NO_SUCH_TABLE: Table 'appzetoa_daily_hisab.referral_master' doesn't exist
Query: 
      SELECT 
        COUNT(DISTINCT user_id) as unique_users,
        COUNT(*) as total_referrals,...
❌ Query error: ER_NO_SUCH_TABLE: Table 'appzetoa_daily_hisab.referral_master' doesn't exist
Query: 
      SELECT 
        COUNT(DISTINCT user_id) as unique_users,
        COUNT(*) as total_referrals,...
❌ Query error: ER_NO_SUCH_TABLE: Table 'appzetoa_daily_hisab.referral_master' doesn't exist
Query: 
      SELECT 
        COUNT(DISTINCT user_id) as unique_users,
        COUNT(*) as total_referrals,...
❌ Query error: ER_NO_SUCH_TABLE: Table 'appzetoa_daily_hisab.referral_master' doesn't exist
Query: 
      SELECT 
        COUNT(DISTINCT user_id) as unique_users,
        COUNT(*) as total_referrals,...
❌ Query error: ER_NO_SUCH_TABLE: Table 'appzetoa_daily_hisab.referral_master' doesn't exist
Query: 
      SELECT 
        COUNT(DISTINCT user_id) as unique_users,
        COUNT(*) as total_referrals,...
❌ Query error: ER_NO_SUCH_TABLE: Table 'appzetoa_daily_hisab.referral_master' doesn't exist
Query: 
      SELECT 
        COUNT(DISTINCT user_id) as unique_users,
        COUNT(*) as total_referrals,...
❌ Query error: ER_NO_SUCH_TABLE: Table 'appzetoa_daily_hisab.referral_master' doesn't exist
Query: 
      SELECT 
        COUNT(DISTINCT user_id) as unique_users,
        COUNT(*) as total_referrals,...
❌ Query error: ER_NO_SUCH_TABLE: Table 'appzetoa_daily_hisab.referral_master' doesn't exist
Query: 
      SELECT 
        COUNT(DISTINCT user_id) as unique_users,
        COUNT(*) as total_referrals,...
❌ Query error: ER_PARSE_ERROR: You have an error in your SQL syntax; check the manual that corresponds to your MySQL server version for the right syntax to use near 'low_priority,
        COUNT(CASE WHEN priority = 2 THEN 1 END) as medium_priorit' at line 9
Query: 
      SELECT 
        COUNT(*) as total_tickets,
        COUNT(CASE WHEN delete_flag = 0 THEN 1 END...
❌ Query error: ER_PARSE_ERROR: You have an error in your SQL syntax; check the manual that corresponds to your MySQL server version for the right syntax to use near 'low_priority,
        COUNT(CASE WHEN priority = 2 THEN 1 END) as medium_priorit' at line 9
Query: 
      SELECT 
        COUNT(*) as total_tickets,
        COUNT(CASE WHEN delete_flag = 0 THEN 1 END...
❌ Query error: ER_NO_SUCH_TABLE: Table 'appzetoa_daily_hisab.referral_master' doesn't exist
Query: 
      SELECT 
        COUNT(DISTINCT user_id) as unique_users,
        COUNT(*) as total_referrals,...
❌ Query error: ER_NO_SUCH_TABLE: Table 'appzetoa_daily_hisab.referral_master' doesn't exist
Query: 
      SELECT 
        COUNT(DISTINCT user_id) as unique_users,
        COUNT(*) as total_referrals,...
❌ Query error: ER_NO_SUCH_TABLE: Table 'appzetoa_daily_hisab.referral_master' doesn't exist
Query: 
      SELECT 
        COUNT(DISTINCT user_id) as unique_users,
        COUNT(*) as total_referrals,...
❌ Query error: ER_NO_SUCH_TABLE: Table 'appzetoa_daily_hisab.referral_master' doesn't exist
Query: 
      SELECT 
        COUNT(DISTINCT user_id) as unique_users,
        COUNT(*) as total_referrals,...
❌ Query error: ER_NO_SUCH_TABLE: Table 'appzetoa_daily_hisab.referral_master' doesn't exist
Query: 
      SELECT 
        COUNT(DISTINCT user_id) as unique_users,
        COUNT(*) as total_referrals,...
❌ Query error: ER_NO_SUCH_TABLE: Table 'appzetoa_daily_hisab.referral_master' doesn't exist
Query: 
      SELECT 
        COUNT(DISTINCT user_id) as unique_users,
        COUNT(*) as total_referrals,...
❌ Query error: ER_NO_SUCH_TABLE: Table 'appzetoa_daily_hisab.referral_master' doesn't exist
Query: 
      SELECT 
        COUNT(DISTINCT user_id) as unique_users,
        COUNT(*) as total_referrals,...
❌ Query error: ER_NO_SUCH_TABLE: Table 'appzetoa_daily_hisab.referral_master' doesn't exist
Query: 
      SELECT 
        COUNT(DISTINCT user_id) as unique_users,
        COUNT(*) as total_referrals,...
❌ Query error: ER_NO_SUCH_TABLE: Table 'appzetoa_daily_hisab.referral_master' doesn't exist
Query: 
      SELECT 
        COUNT(DISTINCT user_id) as unique_users,
        COUNT(*) as total_referrals,...
❌ Query error: ER_NO_SUCH_TABLE: Table 'appzetoa_daily_hisab.referral_master' doesn't exist
Query: 
      SELECT 
        COUNT(DISTINCT user_id) as unique_users,
        COUNT(*) as total_referrals,...
❌ Query error: ER_NO_SUCH_TABLE: Table 'appzetoa_daily_hisab.referral_master' doesn't exist
Query: 
      SELECT 
        COUNT(DISTINCT user_id) as unique_users,
        COUNT(*) as total_referrals,...
❌ Query error: ER_NO_SUCH_TABLE: Table 'appzetoa_daily_hisab.referral_master' doesn't exist
Query: 
      SELECT 
        COUNT(DISTINCT user_id) as unique_users,
        COUNT(*) as total_referrals,...
❌ Query error: ER_NO_SUCH_TABLE: Table 'appzetoa_daily_hisab.referral_master' doesn't exist
Query: 
      SELECT 
        COUNT(DISTINCT user_id) as unique_users,
        COUNT(*) as total_referrals,...
❌ Query error: ER_NO_SUCH_TABLE: Table 'appzetoa_daily_hisab.referral_master' doesn't exist
Query: 
      SELECT 
        COUNT(DISTINCT user_id) as unique_users,
        COUNT(*) as total_referrals,...
❌ Query error: ER_NO_SUCH_TABLE: Table 'appzetoa_daily_hisab.referral_master' doesn't exist
Query: 
      SELECT 
        COUNT(DISTINCT user_id) as unique_users,
        COUNT(*) as total_referrals,...
❌ Query error: ER_NO_SUCH_TABLE: Table 'appzetoa_daily_hisab.referral_master' doesn't exist
Query: 
      SELECT 
        COUNT(DISTINCT user_id) as unique_users,
        COUNT(*) as total_referrals,...
❌ Query error: ER_NO_SUCH_TABLE: Table 'appzetoa_daily_hisab.referral_master' doesn't exist
Query: 
      SELECT 
        COUNT(DISTINCT user_id) as unique_users,
        COUNT(*) as total_referrals,...
❌ Query error: ER_NO_SUCH_TABLE: Table 'appzetoa_daily_hisab.referral_master' doesn't exist
Query: 
      SELECT 
        COUNT(DISTINCT user_id) as unique_users,
        COUNT(*) as total_referrals,...
❌ Query error: ER_NO_SUCH_TABLE: Table 'appzetoa_daily_hisab.referral_master' doesn't exist
Query: 
      SELECT 
        COUNT(DISTINCT user_id) as unique_users,
        COUNT(*) as total_referrals,...
❌ Query error: ER_NO_SUCH_TABLE: Table 'appzetoa_daily_hisab.referral_master' doesn't exist
Query: 
      SELECT 
        COUNT(DISTINCT user_id) as unique_users,
        COUNT(*) as total_referrals,...
❌ Query error: ER_NO_SUCH_TABLE: Table 'appzetoa_daily_hisab.referral_master' doesn't exist
Query: 
      SELECT 
        COUNT(DISTINCT user_id) as unique_users,
        COUNT(*) as total_referrals,...
❌ Query error: ER_NO_SUCH_TABLE: Table 'appzetoa_daily_hisab.referral_master' doesn't exist
Query: 
      SELECT 
        COUNT(DISTINCT user_id) as unique_users,
        COUNT(*) as total_referrals,...
❌ Query error: ER_NO_SUCH_TABLE: Table 'appzetoa_daily_hisab.referral_master' doesn't exist
Query: 
      SELECT 
        COUNT(DISTINCT user_id) as unique_users,
        COUNT(*) as total_referrals,...
❌ Query error: ER_NO_SUCH_TABLE: Table 'appzetoa_daily_hisab.referral_master' doesn't exist
Query: 
      SELECT 
        COUNT(DISTINCT user_id) as unique_users,
        COUNT(*) as total_referrals,...
Failed token 6: messaging/registration-token-not-registered Requested entity was not found.
Token: feEycm-STYK-HG0xKJk8yO:APA91bG...
Failed token 15: messaging/registration-token-not-registered Requested entity was not found.
Token: c7CAUkr-SZmgi1AO7nKRwK:APA91bG...
Failed token 27: messaging/registration-token-not-registered Requested entity was not found.
Token: cGbBMk17QM-g-kRSHbyz1W:APA91bG...
Failed token 49: messaging/registration-token-not-registered Requested entity was not found.
Token: dlqGC3oURXy7TKI9aGTHqG:APA91bE...
Failed token 53: messaging/registration-token-not-registered Requested entity was not found.
Token: c5hXHGgQRtqLAQ3CPgiag0:APA91bH...
Failed token 56: messaging/registration-token-not-registered Requested entity was not found.
Token: dZcsEuwXTPC4ABEgdUrzsq:APA91bH...
Failed token 62: messaging/registration-token-not-registered Requested entity was not found.
Token: eVj3mHgaTgmn6t4lU3CUd9:APA91bG...
Failed token 67: messaging/registration-token-not-registered Requested entity was not found.
Token: e01Jo8NVQuulb1QLdBD2mL:APA91bF...
Failed token 70: messaging/registration-token-not-registered Requested entity was not found.
Token: dspQz8qhQE-2tywI0XwnoA:APA91bF...
Failed token 76: messaging/registration-token-not-registered Requested entity was not found.
Token: eTxbz0dgTCqUKyIxKRIR8l:APA91bG...
Failed token 80: messaging/registration-token-not-registered Requested entity was not found.
Token: dWPqKy6VSlGLAb0gjtEVnX:APA91bF...
Failed token 83: messaging/registration-token-not-registered Requested entity was not found.
Token: fcrfbT99QySvz9kjdyMkCN:APA91bG...
Failed token 84: messaging/registration-token-not-registered Requested entity was not found.
Token: cLR0QVL_RVCnQ1VK080i8s:APA91bG...
Failed token 88: messaging/registration-token-not-registered Requested entity was not found.
Token: cEOl36ZVTRSJhNpmcQ1et7:APA91bF...
Failed token 97: messaging/registration-token-not-registered Requested entity was not found.
Token: eu2VufQmQIC9kGc9T0mo1S:APA91bF...
Failed token 99: messaging/registration-token-not-registered Requested entity was not found.
Token: cMcnu_OuTluKeBqgJr7HLk:APA91bG...
Failed token 101: messaging/registration-token-not-registered Requested entity was not found.
Token: dsrH8jOvRvCB0rT18PlVBC:APA91bG...
Uncaught Exception: TypeError: Cannot read properties of null (reading 'release')
    at Query.<anonymous> (file:///home/appzetoa/public_html/daliyhisab/server/connection/dbConfig.js:221:45)
    at Query.<anonymous> (/home/appzetoa/public_html/daliyhisab/server/node_modules/mysql/lib/Connection.js:526:10)
    at Query._callback (/home/appzetoa/public_html/daliyhisab/server/node_modules/mysql/lib/Connection.js:488:16)
    at Sequence.end (/home/appzetoa/public_html/daliyhisab/server/node_modules/mysql/lib/protocol/sequences/Sequence.js:83:24)
    at Query._handleFinalResultPacket (/home/appzetoa/public_html/daliyhisab/server/node_modules/mysql/lib/protocol/sequences/Query.js:149:8)
    at Query.OkPacket (/home/appzetoa/public_html/daliyhisab/server/node_modules/mysql/lib/protocol/sequences/Query.js:74:10)
    at Protocol._parsePacket (/home/appzetoa/public_html/daliyhisab/server/node_modules/mysql/lib/protocol/Protocol.js:291:23)
    at Parser._parsePacket (/home/appzetoa/public_html/daliyhisab/server/node_modules/mysql/lib/protocol/Parser.js:433:10)
    at Parser.write (/home/appzetoa/public_html/daliyhisab/server/node_modules/mysql/lib/protocol/Parser.js:43:10)
    at Protocol.write (/home/appzetoa/public_html/daliyhisab/server/node_modules/mysql/lib/protocol/Protocol.js:38:16)
Uncaught Exception: TypeError: Cannot read properties of null (reading 'release')
    at Query.<anonymous> (file:///home/appzetoa/public_html/daliyhisab/server/connection/dbConfig.js:221:45)
    at Query.<anonymous> (/home/appzetoa/public_html/daliyhisab/server/node_modules/mysql/lib/Connection.js:526:10)
    at Query._callback (/home/appzetoa/public_html/daliyhisab/server/node_modules/mysql/lib/Connection.js:488:16)
    at Sequence.end (/home/appzetoa/public_html/daliyhisab/server/node_modules/mysql/lib/protocol/sequences/Sequence.js:83:24)
    at Query._handleFinalResultPacket (/home/appzetoa/public_html/daliyhisab/server/node_modules/mysql/lib/protocol/sequences/Query.js:149:8)
    at Query.OkPacket (/home/appzetoa/public_html/daliyhisab/server/node_modules/mysql/lib/protocol/sequences/Query.js:74:10)
    at Protocol._parsePacket (/home/appzetoa/public_html/daliyhisab/server/node_modules/mysql/lib/protocol/Protocol.js:291:23)
    at Parser._parsePacket (/home/appzetoa/public_html/daliyhisab/server/node_modules/mysql/lib/protocol/Parser.js:433:10)
    at Parser.write (/home/appzetoa/public_html/daliyhisab/server/node_modules/mysql/lib/protocol/Parser.js:43:10)
    at Protocol.write (/home/appzetoa/public_html/daliyhisab/server/node_modules/mysql/lib/protocol/Protocol.js:38:16)
❌ Recurring Payments API Error: Status 503
❌ Query error: ER_NO_SUCH_TABLE: Table 'appzetoa_daily_hisab.referral_master' doesn't exist
Query: 
      SELECT 
        COUNT(DISTINCT user_id) as unique_users,
        COUNT(*) as total_referrals,...
❌ Query error: ER_NO_SUCH_TABLE: Table 'appzetoa_daily_hisab.referral_master' doesn't exist
Query: 
      SELECT 
        COUNT(DISTINCT user_id) as unique_users,
        COUNT(*) as total_referrals,...
❌ Query error: ER_NO_SUCH_TABLE: Table 'appzetoa_daily_hisab.referral_master' doesn't exist
Query: 
      SELECT 
        COUNT(DISTINCT user_id) as unique_users,
        COUNT(*) as total_referrals,...
❌ Query error: ER_NO_SUCH_TABLE: Table 'appzetoa_daily_hisab.referral_master' doesn't exist
Query: 
      SELECT 
        COUNT(DISTINCT user_id) as unique_users,
        COUNT(*) as total_referrals,...
❌ Query error: ER_NO_SUCH_TABLE: Table 'appzetoa_daily_hisab.referral_master' doesn't exist
Query: 
      SELECT 
        COUNT(DISTINCT user_id) as unique_users,
        COUNT(*) as total_referrals,...
❌ Query error: ER_NO_SUCH_TABLE: Table 'appzetoa_daily_hisab.referral_master' doesn't exist
Query: 
      SELECT 
        COUNT(DISTINCT user_id) as unique_users,
        COUNT(*) as total_referrals,...
❌ Query error: ER_NO_SUCH_TABLE: Table 'appzetoa_daily_hisab.referral_master' doesn't exist
Query: 
      SELECT 
        COUNT(DISTINCT user_id) as unique_users,
        COUNT(*) as total_referrals,...
❌ Query error: ER_NO_SUCH_TABLE: Table 'appzetoa_daily_hisab.referral_master' doesn't exist
Query: 
      SELECT 
        COUNT(DISTINCT user_id) as unique_users,
        COUNT(*) as total_referrals,...
❌ Query error: ER_NO_SUCH_TABLE: Table 'appzetoa_daily_hisab.referral_master' doesn't exist
Query: 
      SELECT 
        COUNT(DISTINCT user_id) as unique_users,
        COUNT(*) as total_referrals,...
❌ Query error: ER_NO_SUCH_TABLE: Table 'appzetoa_daily_hisab.referral_master' doesn't exist
Query: 
      SELECT 
        COUNT(DISTINCT user_id) as unique_users,
        COUNT(*) as total_referrals,...
❌ Query error: ER_NO_SUCH_TABLE: Table 'appzetoa_daily_hisab.referral_master' doesn't exist
Query: 
      SELECT 
        COUNT(DISTINCT user_id) as unique_users,
        COUNT(*) as total_referrals,...
❌ Query error: ER_NO_SUCH_TABLE: Table 'appzetoa_daily_hisab.referral_master' doesn't exist
Query: 
      SELECT 
        COUNT(DISTINCT user_id) as unique_users,
        COUNT(*) as total_referrals,...
❌ Query error: ER_NO_SUCH_TABLE: Table 'appzetoa_daily_hisab.referral_master' doesn't exist
Query: 
      SELECT 
        COUNT(DISTINCT user_id) as unique_users,
        COUNT(*) as total_referrals,...
❌ Query error: ER_NO_SUCH_TABLE: Table 'appzetoa_daily_hisab.referral_master' doesn't exist
Query: 
      SELECT 
        COUNT(DISTINCT user_id) as unique_users,
        COUNT(*) as total_referrals,...
❌ Query error: ER_NO_SUCH_TABLE: Table 'appzetoa_daily_hisab.referral_master' doesn't exist
Query: 
      SELECT 
        COUNT(DISTINCT user_id) as unique_users,
        COUNT(*) as total_referrals,...
❌ Query error: ER_NO_SUCH_TABLE: Table 'appzetoa_daily_hisab.referral_master' doesn't exist
Query: 
      SELECT 
        COUNT(DISTINCT user_id) as unique_users,
        COUNT(*) as total_referrals,...
❌ Query error: ER_NO_SUCH_TABLE: Table 'appzetoa_daily_hisab.referral_master' doesn't exist
Query: 
      SELECT 
        COUNT(DISTINCT user_id) as unique_users,
        COUNT(*) as total_referrals,...
❌ Query error: ER_NO_SUCH_TABLE: Table 'appzetoa_daily_hisab.referral_master' doesn't exist
Query: 
      SELECT 
        COUNT(DISTINCT user_id) as unique_users,
        COUNT(*) as total_referrals,...
❌ Query error: ER_NO_SUCH_TABLE: Table 'appzetoa_daily_hisab.referral_master' doesn't exist
Query: 
      SELECT 
        COUNT(DISTINCT user_id) as unique_users,
        COUNT(*) as total_referrals,...
❌ Query error: ER_NO_SUCH_TABLE: Table 'appzetoa_daily_hisab.referral_master' doesn't exist
Query: 
      SELECT 
        COUNT(DISTINCT user_id) as unique_users,
        COUNT(*) as total_referrals,...
❌ Query error: ER_NO_SUCH_TABLE: Table 'appzetoa_daily_hisab.referral_master' doesn't exist
Query: 
      SELECT 
        COUNT(DISTINCT user_id) as unique_users,
        COUNT(*) as total_referrals,...
❌ Query error: ER_NO_SUCH_TABLE: Table 'appzetoa_daily_hisab.referral_master' doesn't exist
Query: 
      SELECT 
        COUNT(DISTINCT user_id) as unique_users,
        COUNT(*) as total_referrals,...
❌ Query error: ER_NO_SUCH_TABLE: Table 'appzetoa_daily_hisab.referral_master' doesn't exist
Query: 
      SELECT 
        COUNT(DISTINCT user_id) as unique_users,
        COUNT(*) as total_referrals,...
❌ Query error: ER_NO_SUCH_TABLE: Table 'appzetoa_daily_hisab.referral_master' doesn't exist
Query: 
      SELECT 
        COUNT(DISTINCT user_id) as unique_users,
        COUNT(*) as total_referrals,...
Uncaught Exception: TypeError: Cannot read properties of null (reading 'release')
    at Query.<anonymous> (file:///home/appzetoa/public_html/daliyhisab/server/connection/dbConfig.js:221:45)
    at Query.<anonymous> (/home/appzetoa/public_html/daliyhisab/server/node_modules/mysql/lib/Connection.js:526:10)
    at Query._callback (/home/appzetoa/public_html/daliyhisab/server/node_modules/mysql/lib/Connection.js:488:16)
    at Sequence.end (/home/appzetoa/public_html/daliyhisab/server/node_modules/mysql/lib/protocol/sequences/Sequence.js:83:24)
    at Query._handleFinalResultPacket (/home/appzetoa/public_html/daliyhisab/server/node_modules/mysql/lib/protocol/sequences/Query.js:149:8)
    at Query.OkPacket (/home/appzetoa/public_html/daliyhisab/server/node_modules/mysql/lib/protocol/sequences/Query.js:74:10)
    at Protocol._parsePacket (/home/appzetoa/public_html/daliyhisab/server/node_modules/mysql/lib/protocol/Protocol.js:291:23)
    at Parser._parsePacket (/home/appzetoa/public_html/daliyhisab/server/node_modules/mysql/lib/protocol/Parser.js:433:10)
    at Parser.write (/home/appzetoa/public_html/daliyhisab/server/node_modules/mysql/lib/protocol/Parser.js:43:10)
    at Protocol.write (/home/appzetoa/public_html/daliyhisab/server/node_modules/mysql/lib/protocol/Protocol.js:38:16)
❌ Recurring Payments API Error: Status 503
⚠️ commit() called but no active transaction
⚠️ rollback() called but no active transaction
   ⚠️  Errors: 1 payments failed
Uncaught Exception: TypeError: Cannot read properties of null (reading 'release')
    at Query.<anonymous> (file:///home/appzetoa/public_html/daliyhisab/server/connection/dbConfig.js:221:45)
    at Query.<anonymous> (/home/appzetoa/public_html/daliyhisab/server/node_modules/mysql/lib/Connection.js:526:10)
    at Query._callback (/home/appzetoa/public_html/daliyhisab/server/node_modules/mysql/lib/Connection.js:488:16)
    at Sequence.end (/home/appzetoa/public_html/daliyhisab/server/node_modules/mysql/lib/protocol/sequences/Sequence.js:83:24)
    at Query._handleFinalResultPacket (/home/appzetoa/public_html/daliyhisab/server/node_modules/mysql/lib/protocol/sequences/Query.js:149:8)
    at Query.OkPacket (/home/appzetoa/public_html/daliyhisab/server/node_modules/mysql/lib/protocol/sequences/Query.js:74:10)
    at Protocol._parsePacket (/home/appzetoa/public_html/daliyhisab/server/node_modules/mysql/lib/protocol/Protocol.js:291:23)
    at Parser._parsePacket (/home/appzetoa/public_html/daliyhisab/server/node_modules/mysql/lib/protocol/Parser.js:433:10)
    at Parser.write (/home/appzetoa/public_html/daliyhisab/server/node_modules/mysql/lib/protocol/Parser.js:43:10)
    at Protocol.write (/home/appzetoa/public_html/daliyhisab/server/node_modules/mysql/lib/protocol/Protocol.js:38:16)
❌ Recurring Payments API Error: Status 503
Uncaught Exception: TypeError: Cannot read properties of null (reading 'release')
    at Query.<anonymous> (file:///home/appzetoa/public_html/daliyhisab/server/connection/dbConfig.js:221:45)
    at Query.<anonymous> (/home/appzetoa/public_html/daliyhisab/server/node_modules/mysql/lib/Connection.js:526:10)
    at Query._callback (/home/appzetoa/public_html/daliyhisab/server/node_modules/mysql/lib/Connection.js:488:16)
    at Sequence.end (/home/appzetoa/public_html/daliyhisab/server/node_modules/mysql/lib/protocol/sequences/Sequence.js:83:24)
    at Query._handleFinalResultPacket (/home/appzetoa/public_html/daliyhisab/server/node_modules/mysql/lib/protocol/sequences/Query.js:149:8)
    at Query.OkPacket (/home/appzetoa/public_html/daliyhisab/server/node_modules/mysql/lib/protocol/sequences/Query.js:74:10)
    at Protocol._parsePacket (/home/appzetoa/public_html/daliyhisab/server/node_modules/mysql/lib/protocol/Protocol.js:291:23)
    at Parser._parsePacket (/home/appzetoa/public_html/daliyhisab/server/node_modules/mysql/lib/protocol/Parser.js:433:10)
    at Parser.write (/home/appzetoa/public_html/daliyhisab/server/node_modules/mysql/lib/protocol/Parser.js:43:10)
    at Protocol.write (/home/appzetoa/public_html/daliyhisab/server/node_modules/mysql/lib/protocol/Protocol.js:38:16)
⚠️ commit() called but no active transaction
⚠️ rollback() called but no active transaction
❌ Query error: ER_LOCK_WAIT_TIMEOUT: Lock wait timeout exceeded; try restarting transaction
Query: 
                          UPDATE recurring_payments 
                          SET execution_count ...
❌ Query error in transaction: ER_LOCK_WAIT_TIMEOUT: Lock wait timeout exceeded; try restarting transaction
Query: 
                          UPDATE recurring_payments 
                          SET execution_count ...
Uncaught Exception: TypeError: Cannot read properties of null (reading 'release')
    at Query.<anonymous> (file:///home/appzetoa/public_html/daliyhisab/server/connection/dbConfig.js:207:45)
    at Query.<anonymous> (/home/appzetoa/public_html/daliyhisab/server/node_modules/mysql/lib/Connection.js:526:10)
    at Query._callback (/home/appzetoa/public_html/daliyhisab/server/node_modules/mysql/lib/Connection.js:488:16)
    at Sequence.end (/home/appzetoa/public_html/daliyhisab/server/node_modules/mysql/lib/protocol/sequences/Sequence.js:83:24)
    at Query._handleFinalResultPacket (/home/appzetoa/public_html/daliyhisab/server/node_modules/mysql/lib/protocol/sequences/Query.js:149:8)
    at Query.OkPacket (/home/appzetoa/public_html/daliyhisab/server/node_modules/mysql/lib/protocol/sequences/Query.js:74:10)
    at Protocol._parsePacket (/home/appzetoa/public_html/daliyhisab/server/node_modules/mysql/lib/protocol/Protocol.js:291:23)
    at Parser._parsePacket (/home/appzetoa/public_html/daliyhisab/server/node_modules/mysql/lib/protocol/Parser.js:433:10)
    at Parser.write (/home/appzetoa/public_html/daliyhisab/server/node_modules/mysql/lib/protocol/Parser.js:43:10)
    at Protocol.write (/home/appzetoa/public_html/daliyhisab/server/node_modules/mysql/lib/protocol/Protocol.js:38:16)
⚠️ commit() called but no active transaction
⚠️ rollback() called but no active transaction
   ⚠️  Errors: 1 payments failed
Uncaught Exception: TypeError: Cannot read properties of null (reading 'release')
    at Query.<anonymous> (file:///home/appzetoa/public_html/daliyhisab/server/connection/dbConfig.js:221:45)
    at Query.<anonymous> (/home/appzetoa/public_html/daliyhisab/server/node_modules/mysql/lib/Connection.js:526:10)
    at Query._callback (/home/appzetoa/public_html/daliyhisab/server/node_modules/mysql/lib/Connection.js:488:16)
    at Sequence.end (/home/appzetoa/public_html/daliyhisab/server/node_modules/mysql/lib/protocol/sequences/Sequence.js:83:24)
    at Query._handleFinalResultPacket (/home/appzetoa/public_html/daliyhisab/server/node_modules/mysql/lib/protocol/sequences/Query.js:149:8)
    at Query.OkPacket (/home/appzetoa/public_html/daliyhisab/server/node_modules/mysql/lib/protocol/sequences/Query.js:74:10)
    at Protocol._parsePacket (/home/appzetoa/public_html/daliyhisab/server/node_modules/mysql/lib/protocol/Protocol.js:291:23)
    at Parser._parsePacket (/home/appzetoa/public_html/daliyhisab/server/node_modules/mysql/lib/protocol/Parser.js:433:10)
    at Parser.write (/home/appzetoa/public_html/daliyhisab/server/node_modules/mysql/lib/protocol/Parser.js:43:10)
    at Protocol.write (/home/appzetoa/public_html/daliyhisab/server/node_modules/mysql/lib/protocol/Protocol.js:38:16)
❌ Recurring Payments API Error: Status 503
Uncaught Exception: TypeError: Cannot read properties of null (reading 'release')
    at Query.<anonymous> (file:///home/appzetoa/public_html/daliyhisab/server/connection/dbConfig.js:221:45)
    at Query.<anonymous> (/home/appzetoa/public_html/daliyhisab/server/node_modules/mysql/lib/Connection.js:526:10)
    at Query._callback (/home/appzetoa/public_html/daliyhisab/server/node_modules/mysql/lib/Connection.js:488:16)
    at Sequence.end (/home/appzetoa/public_html/daliyhisab/server/node_modules/mysql/lib/protocol/sequences/Sequence.js:83:24)
    at Query._handleFinalResultPacket (/home/appzetoa/public_html/daliyhisab/server/node_modules/mysql/lib/protocol/sequences/Query.js:149:8)
    at Query.OkPacket (/home/appzetoa/public_html/daliyhisab/server/node_modules/mysql/lib/protocol/sequences/Query.js:74:10)
    at Protocol._parsePacket (/home/appzetoa/public_html/daliyhisab/server/node_modules/mysql/lib/protocol/Protocol.js:291:23)
    at Parser._parsePacket (/home/appzetoa/public_html/daliyhisab/server/node_modules/mysql/lib/protocol/Parser.js:433:10)
    at Parser.write (/home/appzetoa/public_html/daliyhisab/server/node_modules/mysql/lib/protocol/Parser.js:43:10)
    at Protocol.write (/home/appzetoa/public_html/daliyhisab/server/node_modules/mysql/lib/protocol/Protocol.js:38:16)
❌ Recurring Payments API Error: Status 503
Uncaught Exception: TypeError: Cannot read properties of null (reading 'release')
    at Query.<anonymous> (file:///home/appzetoa/public_html/daliyhisab/server/connection/dbConfig.js:221:45)
    at Query.<anonymous> (/home/appzetoa/public_html/daliyhisab/server/node_modules/mysql/lib/Connection.js:526:10)
    at Query._callback (/home/appzetoa/public_html/daliyhisab/server/node_modules/mysql/lib/Connection.js:488:16)
    at Sequence.end (/home/appzetoa/public_html/daliyhisab/server/node_modules/mysql/lib/protocol/sequences/Sequence.js:83:24)
    at Query._handleFinalResultPacket (/home/appzetoa/public_html/daliyhisab/server/node_modules/mysql/lib/protocol/sequences/Query.js:149:8)
    at Query.OkPacket (/home/appzetoa/public_html/daliyhisab/server/node_modules/mysql/lib/protocol/sequences/Query.js:74:10)
    at Protocol._parsePacket (/home/appzetoa/public_html/daliyhisab/server/node_modules/mysql/lib/protocol/Protocol.js:291:23)
    at Parser._parsePacket (/home/appzetoa/public_html/daliyhisab/server/node_modules/mysql/lib/protocol/Parser.js:433:10)
    at Parser.write (/home/appzetoa/public_html/daliyhisab/server/node_modules/mysql/lib/protocol/Parser.js:43:10)
    at Protocol.write (/home/appzetoa/public_html/daliyhisab/server/node_modules/mysql/lib/protocol/Protocol.js:38:16)
❌ Recurring Payments API Error: Status 503
Uncaught Exception: TypeError: Cannot read properties of null (reading 'release')
    at Query.<anonymous> (file:///home/appzetoa/public_html/daliyhisab/server/connection/dbConfig.js:221:45)
    at Query.<anonymous> (/home/appzetoa/public_html/daliyhisab/server/node_modules/mysql/lib/Connection.js:526:10)
    at Query._callback (/home/appzetoa/public_html/daliyhisab/server/node_modules/mysql/lib/Connection.js:488:16)
    at Sequence.end (/home/appzetoa/public_html/daliyhisab/server/node_modules/mysql/lib/protocol/sequences/Sequence.js:83:24)
    at Query._handleFinalResultPacket (/home/appzetoa/public_html/daliyhisab/server/node_modules/mysql/lib/protocol/sequences/Query.js:149:8)
    at Query.OkPacket (/home/appzetoa/public_html/daliyhisab/server/node_modules/mysql/lib/protocol/sequences/Query.js:74:10)
    at Protocol._parsePacket (/home/appzetoa/public_html/daliyhisab/server/node_modules/mysql/lib/protocol/Protocol.js:291:23)
    at Parser._parsePacket (/home/appzetoa/public_html/daliyhisab/server/node_modules/mysql/lib/protocol/Parser.js:433:10)
    at Parser.write (/home/appzetoa/public_html/daliyhisab/server/node_modules/mysql/lib/protocol/Parser.js:43:10)
    at Protocol.write (/home/appzetoa/public_html/daliyhisab/server/node_modules/mysql/lib/protocol/Protocol.js:38:16)
Uncaught Exception: TypeError: Cannot read properties of null (reading 'release')
    at Query.<anonymous> (file:///home/appzetoa/public_html/daliyhisab/server/connection/dbConfig.js:221:45)
    at Query.<anonymous> (/home/appzetoa/public_html/daliyhisab/server/node_modules/mysql/lib/Connection.js:526:10)
    at Query._callback (/home/appzetoa/public_html/daliyhisab/server/node_modules/mysql/lib/Connection.js:488:16)
    at Sequence.end (/home/appzetoa/public_html/daliyhisab/server/node_modules/mysql/lib/protocol/sequences/Sequence.js:83:24)
    at Query._handleFinalResultPacket (/home/appzetoa/public_html/daliyhisab/server/node_modules/mysql/lib/protocol/sequences/Query.js:149:8)
    at Query.OkPacket (/home/appzetoa/public_html/daliyhisab/server/node_modules/mysql/lib/protocol/sequences/Query.js:74:10)
    at Protocol._parsePacket (/home/appzetoa/public_html/daliyhisab/server/node_modules/mysql/lib/protocol/Protocol.js:291:23)
    at Parser._parsePacket (/home/appzetoa/public_html/daliyhisab/server/node_modules/mysql/lib/protocol/Parser.js:433:10)
    at Parser.write (/home/appzetoa/public_html/daliyhisab/server/node_modules/mysql/lib/protocol/Parser.js:43:10)
    at Protocol.write (/home/appzetoa/public_html/daliyhisab/server/node_modules/mysql/lib/protocol/Protocol.js:38:16)
Uncaught Exception: TypeError: Cannot read properties of null (reading 'release')
    at Query.<anonymous> (file:///home/appzetoa/public_html/daliyhisab/server/connection/dbConfig.js:221:45)
    at Query.<anonymous> (/home/appzetoa/public_html/daliyhisab/server/node_modules/mysql/lib/Connection.js:526:10)
    at Query._callback (/home/appzetoa/public_html/daliyhisab/server/node_modules/mysql/lib/Connection.js:488:16)
    at Sequence.end (/home/appzetoa/public_html/daliyhisab/server/node_modules/mysql/lib/protocol/sequences/Sequence.js:83:24)
    at Query._handleFinalResultPacket (/home/appzetoa/public_html/daliyhisab/server/node_modules/mysql/lib/protocol/sequences/Query.js:149:8)
    at Query.OkPacket (/home/appzetoa/public_html/daliyhisab/server/node_modules/mysql/lib/protocol/sequences/Query.js:74:10)
    at Protocol._parsePacket (/home/appzetoa/public_html/daliyhisab/server/node_modules/mysql/lib/protocol/Protocol.js:291:23)
    at Parser._parsePacket (/home/appzetoa/public_html/daliyhisab/server/node_modules/mysql/lib/protocol/Parser.js:433:10)
    at Parser.write (/home/appzetoa/public_html/daliyhisab/server/node_modules/mysql/lib/protocol/Parser.js:43:10)
    at Protocol.write (/home/appzetoa/public_html/daliyhisab/server/node_modules/mysql/lib/protocol/Protocol.js:38:16)
❌ Recurring Payments API Error: Status 500
Uncaught Exception: TypeError: Cannot read properties of null (reading 'release')
    at Query.<anonymous> (file:///home/appzetoa/public_html/daliyhisab/server/connection/dbConfig.js:221:45)
    at Query.<anonymous> (/home/appzetoa/public_html/daliyhisab/server/node_modules/mysql/lib/Connection.js:526:10)
    at Query._callback (/home/appzetoa/public_html/daliyhisab/server/node_modules/mysql/lib/Connection.js:488:16)
    at Sequence.end (/home/appzetoa/public_html/daliyhisab/server/node_modules/mysql/lib/protocol/sequences/Sequence.js:83:24)
    at Query._handleFinalResultPacket (/home/appzetoa/public_html/daliyhisab/server/node_modules/mysql/lib/protocol/sequences/Query.js:149:8)
    at Query.OkPacket (/home/appzetoa/public_html/daliyhisab/server/node_modules/mysql/lib/protocol/sequences/Query.js:74:10)
    at Protocol._parsePacket (/home/appzetoa/public_html/daliyhisab/server/node_modules/mysql/lib/protocol/Protocol.js:291:23)
    at Parser._parsePacket (/home/appzetoa/public_html/daliyhisab/server/node_modules/mysql/lib/protocol/Parser.js:433:10)
    at Parser.write (/home/appzetoa/public_html/daliyhisab/server/node_modules/mysql/lib/protocol/Parser.js:43:10)
    at Protocol.write (/home/appzetoa/public_html/daliyhisab/server/node_modules/mysql/lib/protocol/Protocol.js:38:16)
❌ Recurring Payments API Error: Status 503
Uncaught Exception: TypeError: Cannot read properties of null (reading 'release')
    at Query.<anonymous> (file:///home/appzetoa/public_html/daliyhisab/server/connection/dbConfig.js:221:45)
    at Query.<anonymous> (/home/appzetoa/public_html/daliyhisab/server/node_modules/mysql/lib/Connection.js:526:10)
    at Query._callback (/home/appzetoa/public_html/daliyhisab/server/node_modules/mysql/lib/Connection.js:488:16)
    at Sequence.end (/home/appzetoa/public_html/daliyhisab/server/node_modules/mysql/lib/protocol/sequences/Sequence.js:83:24)
    at Query._handleFinalResultPacket (/home/appzetoa/public_html/daliyhisab/server/node_modules/mysql/lib/protocol/sequences/Query.js:149:8)
    at Query.OkPacket (/home/appzetoa/public_html/daliyhisab/server/node_modules/mysql/lib/protocol/sequences/Query.js:74:10)
    at Protocol._parsePacket (/home/appzetoa/public_html/daliyhisab/server/node_modules/mysql/lib/protocol/Protocol.js:291:23)
    at Parser._parsePacket (/home/appzetoa/public_html/daliyhisab/server/node_modules/mysql/lib/protocol/Parser.js:433:10)
    at Parser.write (/home/appzetoa/public_html/daliyhisab/server/node_modules/mysql/lib/protocol/Parser.js:43:10)
    at Protocol.write (/home/appzetoa/public_html/daliyhisab/server/node_modules/mysql/lib/protocol/Protocol.js:38:16)
❌ Recurring Payments API Error: Status 503
⚠️ commit() called but no active transaction
⚠️ rollback() called but no active transaction
   ⚠️  Errors: 1 payments failed
❌ Query error: ER_PARSE_ERROR: You have an error in your SQL syntax; check the manual that corresponds to your MySQL server version for the right syntax to use near 'low_priority,
        COUNT(CASE WHEN priority = 2 THEN 1 END) as medium_priorit' at line 9
Query: 
      SELECT 
        COUNT(*) as total_tickets,
        COUNT(CASE WHEN delete_flag = 0 THEN 1 END...
Failed token 5: messaging/registration-token-not-registered Requested entity was not found.
Token: fiOS7kuhSCS7VNymQ_Jt4h:APA91bE...
Failed token 10: messaging/registration-token-not-registered Requested entity was not found.
Token: efzUA82uQ2OqQQa3hFF4km:APA91bH...
Failed token 19: messaging/registration-token-not-registered Requested entity was not found.
Token: fiVHkrcYSEiyaYH0pgrDGx:APA91bF...
Failed token 22: messaging/registration-token-not-registered Requested entity was not found.
Token: eoapw11PSCKju-kwtAfd9c:APA91bF...
Failed token 40: messaging/registration-token-not-registered Requested entity was not found.
Token: fNnpxLeNSh-YpTNlo4Ra_B:APA91bG...
Failed token 42: messaging/registration-token-not-registered Requested entity was not found.
Token: fdKE7cGiTtWfASzzavGIYv:APA91bG...
Failed token 48: messaging/registration-token-not-registered Requested entity was not found.
Token: cKczJ7aORs-3E4C7LZT0sT:APA91bH...
Failed token 53: messaging/registration-token-not-registered Requested entity was not found.
Token: d3BsdTWQTnaKZj62KMi1LR:APA91bF...
Failed token 59: messaging/registration-token-not-registered Requested entity was not found.
Token: eRavWBcMTg2yUOpYbL_eLM:APA91bF...
Failed token 62: messaging/registration-token-not-registered Requested entity was not found.
Token: fAA08RHARP63NXmFI50C6N:APA91bH...
Failed token 65: messaging/registration-token-not-registered Requested entity was not found.
Token: cbimIZ_vQdqW14cIUxuXsW:APA91bH...
Failed token 71: messaging/registration-token-not-registered Requested entity was not found.
Token: cnK10VdsRbKGko-IApbfsL:APA91bE...
Failed token 78: messaging/registration-token-not-registered Requested entity was not found.
Token: dcJ2WFNPSbae4oAlsgw0nd:APA91bH...
Failed token 86: messaging/registration-token-not-registered Requested entity was not found.
Token: c9buc_R-Qsy76zGS1tE5P-:APA91bE...
Failed token 87: messaging/registration-token-not-registered Requested entity was not found.
Token: faikMm94Q4izipF6d3a2rs:APA91bE...
Failed token 89: messaging/registration-token-not-registered Requested entity was not found.
Token: eq1ugAlzRcCdqLcRA_GrrH:APA91bG...
Failed token 90: messaging/registration-token-not-registered Requested entity was not found.
Token: ewf3vwgDTB-H7pjioISYFf:APA91bF...
Failed token 91: messaging/registration-token-not-registered Requested entity was not found.
Token: dDuobp6ASDeXxS22INa88C:APA91bF...
Failed token 93: messaging/registration-token-not-registered Requested entity was not found.
Token: exVhJ5ijRQyT1D_MBZzA8A:APA91bH...
❌ Query error: ER_NO_SUCH_TABLE: Table 'appzetoa_daily_hisab.referral_master' doesn't exist
Query: 
      SELECT 
        COUNT(DISTINCT user_id) as unique_users,
        COUNT(*) as total_referrals,...
❌ Query error: ER_NO_SUCH_TABLE: Table 'appzetoa_daily_hisab.referral_master' doesn't exist
Query: 
      SELECT 
        COUNT(DISTINCT user_id) as unique_users,
        COUNT(*) as total_referrals,...
❌ Query error: ER_NO_SUCH_TABLE: Table 'appzetoa_daily_hisab.referral_master' doesn't exist
Query: 
      SELECT 
        COUNT(DISTINCT user_id) as unique_users,
        COUNT(*) as total_referrals,...
❌ Query error: ER_NO_SUCH_TABLE: Table 'appzetoa_daily_hisab.referral_master' doesn't exist
Query: 
      SELECT 
        COUNT(DISTINCT user_id) as unique_users,
        COUNT(*) as total_referrals,...
❌ Query error: ER_NO_SUCH_TABLE: Table 'appzetoa_daily_hisab.referral_master' doesn't exist
Query: 
      SELECT 
        COUNT(DISTINCT user_id) as unique_users,
        COUNT(*) as total_referrals,...
❌ Query error: ER_NO_SUCH_TABLE: Table 'appzetoa_daily_hisab.referral_master' doesn't exist
Query: 
      SELECT 
        COUNT(DISTINCT user_id) as unique_users,
        COUNT(*) as total_referrals,...
❌ Query error: ER_NO_SUCH_TABLE: Table 'appzetoa_daily_hisab.referral_master' doesn't exist
Query: 
      SELECT 
        COUNT(DISTINCT user_id) as unique_users,
        COUNT(*) as total_referrals,...
❌ Query error: ER_NO_SUCH_TABLE: Table 'appzetoa_daily_hisab.referral_master' doesn't exist
Query: 
      SELECT 
        COUNT(DISTINCT user_id) as unique_users,
        COUNT(*) as total_referrals,...
❌ Query error: ER_NO_SUCH_TABLE: Table 'appzetoa_daily_hisab.referral_master' doesn't exist
Query: 
      SELECT 
        COUNT(DISTINCT user_id) as unique_users,
        COUNT(*) as total_referrals,...
❌ Query error: ER_NO_SUCH_TABLE: Table 'appzetoa_daily_hisab.referral_master' doesn't exist
Query: 
      SELECT 
        COUNT(DISTINCT user_id) as unique_users,
        COUNT(*) as total_referrals,...
❌ Query error: ER_NO_SUCH_TABLE: Table 'appzetoa_daily_hisab.referral_master' doesn't exist
Query: 
      SELECT 
        COUNT(DISTINCT user_id) as unique_users,
        COUNT(*) as total_referrals,...
❌ Query error: ER_NO_SUCH_TABLE: Table 'appzetoa_daily_hisab.referral_master' doesn't exist
Query: 
      SELECT 
        COUNT(DISTINCT user_id) as unique_users,
        COUNT(*) as total_referrals,...
Failed token 47: messaging/registration-token-not-registered Requested entity was not found.
Token: eDINjKkjQLW9HXRYNZ9cv0:APA91bF...
Failed token 5: messaging/registration-token-not-registered Requested entity was not found.
Token: e7q4AYI2RR6JgELMXGmszv:APA91bE...
Global error handler: TypeError: Cannot read properties of undefined (reading 'user_id')
    at updateUserLanguage (file:///home/appzetoa/public_html/daliyhisab/server/controller/languageController.js:138:29)
    at Layer.handleRequest (/home/appzetoa/public_html/daliyhisab/server/node_modules/router/lib/layer.js:152:17)
    at next (/home/appzetoa/public_html/daliyhisab/server/node_modules/router/lib/route.js:157:13)
    at multerMiddleware (/home/appzetoa/public_html/daliyhisab/server/node_modules/multer/lib/make-middleware.js:19:41)
    at Layer.handleRequest (/home/appzetoa/public_html/daliyhisab/server/node_modules/router/lib/layer.js:152:17)
    at next (/home/appzetoa/public_html/daliyhisab/server/node_modules/router/lib/route.js:157:13)
    at file:///home/appzetoa/public_html/daliyhisab/server/router/authentication.js:90:13
    at Query.<anonymous> (file:///home/appzetoa/public_html/daliyhisab/server/connection/dbConfig.js:155:25)
    at Query.<anonymous> (/home/appzetoa/public_html/daliyhisab/server/node_modules/mysql/lib/Connection.js:526:10)
    at Query._callback (/home/appzetoa/public_html/daliyhisab/server/node_modules/mysql/lib/Connection.js:488:16)
Global error handler: TypeError: Cannot read properties of undefined (reading 'user_id')
    at updateUserLanguage (file:///home/appzetoa/public_html/daliyhisab/server/controller/languageController.js:138:29)
    at Layer.handleRequest (/home/appzetoa/public_html/daliyhisab/server/node_modules/router/lib/layer.js:152:17)
    at next (/home/appzetoa/public_html/daliyhisab/server/node_modules/router/lib/route.js:157:13)
    at multerMiddleware (/home/appzetoa/public_html/daliyhisab/server/node_modules/multer/lib/make-middleware.js:19:41)
    at Layer.handleRequest (/home/appzetoa/public_html/daliyhisab/server/node_modules/router/lib/layer.js:152:17)
    at next (/home/appzetoa/public_html/daliyhisab/server/node_modules/router/lib/route.js:157:13)
    at file:///home/appzetoa/public_html/daliyhisab/server/router/authentication.js:90:13
    at Query.<anonymous> (file:///home/appzetoa/public_html/daliyhisab/server/connection/dbConfig.js:155:25)
    at Query.<anonymous> (/home/appzetoa/public_html/daliyhisab/server/node_modules/mysql/lib/Connection.js:526:10)
    at Query._callback (/home/appzetoa/public_html/daliyhisab/server/node_modules/mysql/lib/Connection.js:488:16)
Global error handler: TypeError: Cannot read properties of undefined (reading 'user_id')
    at updateUserLanguage (file:///home/appzetoa/public_html/daliyhisab/server/controller/languageController.js:138:29)
    at Layer.handleRequest (/home/appzetoa/public_html/daliyhisab/server/node_modules/router/lib/layer.js:152:17)
    at next (/home/appzetoa/public_html/daliyhisab/server/node_modules/router/lib/route.js:157:13)
    at multerMiddleware (/home/appzetoa/public_html/daliyhisab/server/node_modules/multer/lib/make-middleware.js:19:41)
    at Layer.handleRequest (/home/appzetoa/public_html/daliyhisab/server/node_modules/router/lib/layer.js:152:17)
    at next (/home/appzetoa/public_html/daliyhisab/server/node_modules/router/lib/route.js:157:13)
    at file:///home/appzetoa/public_html/daliyhisab/server/router/authentication.js:90:13
    at Query.<anonymous> (file:///home/appzetoa/public_html/daliyhisab/server/connection/dbConfig.js:155:25)
    at Query.<anonymous> (/home/appzetoa/public_html/daliyhisab/server/node_modules/mysql/lib/Connection.js:526:10)
    at Query._callback (/home/appzetoa/public_html/daliyhisab/server/node_modules/mysql/lib/Connection.js:488:16)
Global error handler: TypeError: Cannot read properties of undefined (reading 'user_id')
    at updateUserLanguage (file:///home/appzetoa/public_html/daliyhisab/server/controller/languageController.js:138:29)
    at Layer.handleRequest (/home/appzetoa/public_html/daliyhisab/server/node_modules/router/lib/layer.js:152:17)
    at next (/home/appzetoa/public_html/daliyhisab/server/node_modules/router/lib/route.js:157:13)
    at multerMiddleware (/home/appzetoa/public_html/daliyhisab/server/node_modules/multer/lib/make-middleware.js:19:41)
    at Layer.handleRequest (/home/appzetoa/public_html/daliyhisab/server/node_modules/router/lib/layer.js:152:17)
    at next (/home/appzetoa/public_html/daliyhisab/server/node_modules/router/lib/route.js:157:13)
    at file:///home/appzetoa/public_html/daliyhisab/server/router/authentication.js:90:13
    at Query.<anonymous> (file:///home/appzetoa/public_html/daliyhisab/server/connection/dbConfig.js:155:25)
    at Query.<anonymous> (/home/appzetoa/public_html/daliyhisab/server/node_modules/mysql/lib/Connection.js:526:10)
    at Query._callback (/home/appzetoa/public_html/daliyhisab/server/node_modules/mysql/lib/Connection.js:488:16)
Global error handler: TypeError: Cannot read properties of undefined (reading 'user_id')
    at updateUserLanguage (file:///home/appzetoa/public_html/daliyhisab/server/controller/languageController.js:138:29)
    at Layer.handleRequest (/home/appzetoa/public_html/daliyhisab/server/node_modules/router/lib/layer.js:152:17)
    at next (/home/appzetoa/public_html/daliyhisab/server/node_modules/router/lib/route.js:157:13)
    at multerMiddleware (/home/appzetoa/public_html/daliyhisab/server/node_modules/multer/lib/make-middleware.js:19:41)
    at Layer.handleRequest (/home/appzetoa/public_html/daliyhisab/server/node_modules/router/lib/layer.js:152:17)
    at next (/home/appzetoa/public_html/daliyhisab/server/node_modules/router/lib/route.js:157:13)
    at file:///home/appzetoa/public_html/daliyhisab/server/router/authentication.js:90:13
    at Query.<anonymous> (file:///home/appzetoa/public_html/daliyhisab/server/connection/dbConfig.js:155:25)
    at Query.<anonymous> (/home/appzetoa/public_html/daliyhisab/server/node_modules/mysql/lib/Connection.js:526:10)
    at Query._callback (/home/appzetoa/public_html/daliyhisab/server/node_modules/mysql/lib/Connection.js:488:16)
Global error handler: TypeError: Cannot read properties of undefined (reading 'user_id')
    at updateUserLanguage (file:///home/appzetoa/public_html/daliyhisab/server/controller/languageController.js:138:29)
    at Layer.handleRequest (/home/appzetoa/public_html/daliyhisab/server/node_modules/router/lib/layer.js:152:17)
    at next (/home/appzetoa/public_html/daliyhisab/server/node_modules/router/lib/route.js:157:13)
    at multerMiddleware (/home/appzetoa/public_html/daliyhisab/server/node_modules/multer/lib/make-middleware.js:19:41)
    at Layer.handleRequest (/home/appzetoa/public_html/daliyhisab/server/node_modules/router/lib/layer.js:152:17)
    at next (/home/appzetoa/public_html/daliyhisab/server/node_modules/router/lib/route.js:157:13)
    at file:///home/appzetoa/public_html/daliyhisab/server/router/authentication.js:90:13
    at Query.<anonymous> (file:///home/appzetoa/public_html/daliyhisab/server/connection/dbConfig.js:155:25)
    at Query.<anonymous> (/home/appzetoa/public_html/daliyhisab/server/node_modules/mysql/lib/Connection.js:526:10)
    at Query._callback (/home/appzetoa/public_html/daliyhisab/server/node_modules/mysql/lib/Connection.js:488:16)
Global error handler: TypeError: Cannot read properties of undefined (reading 'user_id')
    at updateUserLanguage (file:///home/appzetoa/public_html/daliyhisab/server/controller/languageController.js:138:29)
    at Layer.handleRequest (/home/appzetoa/public_html/daliyhisab/server/node_modules/router/lib/layer.js:152:17)
    at next (/home/appzetoa/public_html/daliyhisab/server/node_modules/router/lib/route.js:157:13)
    at multerMiddleware (/home/appzetoa/public_html/daliyhisab/server/node_modules/multer/lib/make-middleware.js:19:41)
    at Layer.handleRequest (/home/appzetoa/public_html/daliyhisab/server/node_modules/router/lib/layer.js:152:17)
    at next (/home/appzetoa/public_html/daliyhisab/server/node_modules/router/lib/route.js:157:13)
    at file:///home/appzetoa/public_html/daliyhisab/server/router/authentication.js:90:13
    at Query.<anonymous> (file:///home/appzetoa/public_html/daliyhisab/server/connection/dbConfig.js:155:25)
    at Query.<anonymous> (/home/appzetoa/public_html/daliyhisab/server/node_modules/mysql/lib/Connection.js:526:10)
    at Query._callback (/home/appzetoa/public_html/daliyhisab/server/node_modules/mysql/lib/Connection.js:488:16)
Global error handler: TypeError: Cannot read properties of undefined (reading 'user_id')
    at updateUserLanguage (file:///home/appzetoa/public_html/daliyhisab/server/controller/languageController.js:138:29)
    at Layer.handleRequest (/home/appzetoa/public_html/daliyhisab/server/node_modules/router/lib/layer.js:152:17)
    at next (/home/appzetoa/public_html/daliyhisab/server/node_modules/router/lib/route.js:157:13)
    at multerMiddleware (/home/appzetoa/public_html/daliyhisab/server/node_modules/multer/lib/make-middleware.js:19:41)
    at Layer.handleRequest (/home/appzetoa/public_html/daliyhisab/server/node_modules/router/lib/layer.js:152:17)
    at next (/home/appzetoa/public_html/daliyhisab/server/node_modules/router/lib/route.js:157:13)
    at file:///home/appzetoa/public_html/daliyhisab/server/router/authentication.js:90:13
    at Query.<anonymous> (file:///home/appzetoa/public_html/daliyhisab/server/connection/dbConfig.js:155:25)
    at Query.<anonymous> (/home/appzetoa/public_html/daliyhisab/server/node_modules/mysql/lib/Connection.js:526:10)
    at Query._callback (/home/appzetoa/public_html/daliyhisab/server/node_modules/mysql/lib/Connection.js:488:16)
Global error handler: TypeError: Cannot read properties of undefined (reading 'user_id')
    at updateUserLanguage (file:///home/appzetoa/public_html/daliyhisab/server/controller/languageController.js:138:29)
    at Layer.handleRequest (/home/appzetoa/public_html/daliyhisab/server/node_modules/router/lib/layer.js:152:17)
    at next (/home/appzetoa/public_html/daliyhisab/server/node_modules/router/lib/route.js:157:13)
    at multerMiddleware (/home/appzetoa/public_html/daliyhisab/server/node_modules/multer/lib/make-middleware.js:19:41)
    at Layer.handleRequest (/home/appzetoa/public_html/daliyhisab/server/node_modules/router/lib/layer.js:152:17)
    at next (/home/appzetoa/public_html/daliyhisab/server/node_modules/router/lib/route.js:157:13)
    at file:///home/appzetoa/public_html/daliyhisab/server/router/authentication.js:90:13
    at Query.<anonymous> (file:///home/appzetoa/public_html/daliyhisab/server/connection/dbConfig.js:155:25)
    at Query.<anonymous> (/home/appzetoa/public_html/daliyhisab/server/node_modules/mysql/lib/Connection.js:526:10)
    at Query._callback (/home/appzetoa/public_html/daliyhisab/server/node_modules/mysql/lib/Connection.js:488:16)
Global error handler: TypeError: Cannot read properties of undefined (reading 'user_id')
    at updateUserLanguage (file:///home/appzetoa/public_html/daliyhisab/server/controller/languageController.js:138:29)
    at Layer.handleRequest (/home/appzetoa/public_html/daliyhisab/server/node_modules/router/lib/layer.js:152:17)
    at next (/home/appzetoa/public_html/daliyhisab/server/node_modules/router/lib/route.js:157:13)
    at multerMiddleware (/home/appzetoa/public_html/daliyhisab/server/node_modules/multer/lib/make-middleware.js:19:41)
    at Layer.handleRequest (/home/appzetoa/public_html/daliyhisab/server/node_modules/router/lib/layer.js:152:17)
    at next (/home/appzetoa/public_html/daliyhisab/server/node_modules/router/lib/route.js:157:13)
    at file:///home/appzetoa/public_html/daliyhisab/server/router/authentication.js:90:13
    at Query.<anonymous> (file:///home/appzetoa/public_html/daliyhisab/server/connection/dbConfig.js:155:25)
    at Query.<anonymous> (/home/appzetoa/public_html/daliyhisab/server/node_modules/mysql/lib/Connection.js:526:10)
    at Query._callback (/home/appzetoa/public_html/daliyhisab/server/node_modules/mysql/lib/Connection.js:488:16)
Global error handler: TypeError: Cannot read properties of undefined (reading 'user_id')
    at updateUserLanguage (file:///home/appzetoa/public_html/daliyhisab/server/controller/languageController.js:138:29)
    at Layer.handleRequest (/home/appzetoa/public_html/daliyhisab/server/node_modules/router/lib/layer.js:152:17)
    at next (/home/appzetoa/public_html/daliyhisab/server/node_modules/router/lib/route.js:157:13)
    at multerMiddleware (/home/appzetoa/public_html/daliyhisab/server/node_modules/multer/lib/make-middleware.js:19:41)
    at Layer.handleRequest (/home/appzetoa/public_html/daliyhisab/server/node_modules/router/lib/layer.js:152:17)
    at next (/home/appzetoa/public_html/daliyhisab/server/node_modules/router/lib/route.js:157:13)
    at file:///home/appzetoa/public_html/daliyhisab/server/router/authentication.js:90:13
    at Query.<anonymous> (file:///home/appzetoa/public_html/daliyhisab/server/connection/dbConfig.js:155:25)
    at Query.<anonymous> (/home/appzetoa/public_html/daliyhisab/server/node_modules/mysql/lib/Connection.js:526:10)
    at Query._callback (/home/appzetoa/public_html/daliyhisab/server/node_modules/mysql/lib/Connection.js:488:16)
Global error handler: TypeError: Cannot read properties of undefined (reading 'user_id')
    at updateUserLanguage (file:///home/appzetoa/public_html/daliyhisab/server/controller/languageController.js:138:29)
    at Layer.handleRequest (/home/appzetoa/public_html/daliyhisab/server/node_modules/router/lib/layer.js:152:17)
    at next (/home/appzetoa/public_html/daliyhisab/server/node_modules/router/lib/route.js:157:13)
    at multerMiddleware (/home/appzetoa/public_html/daliyhisab/server/node_modules/multer/lib/make-middleware.js:19:41)
    at Layer.handleRequest (/home/appzetoa/public_html/daliyhisab/server/node_modules/router/lib/layer.js:152:17)
    at next (/home/appzetoa/public_html/daliyhisab/server/node_modules/router/lib/route.js:157:13)
    at file:///home/appzetoa/public_html/daliyhisab/server/router/authentication.js:90:13
    at Query.<anonymous> (file:///home/appzetoa/public_html/daliyhisab/server/connection/dbConfig.js:155:25)
    at Query.<anonymous> (/home/appzetoa/public_html/daliyhisab/server/node_modules/mysql/lib/Connection.js:526:10)
    at Query._callback (/home/appzetoa/public_html/daliyhisab/server/node_modules/mysql/lib/Connection.js:488:16)
Global error handler: TypeError: Cannot read properties of undefined (reading 'user_id')
    at updateUserLanguage (file:///home/appzetoa/public_html/daliyhisab/server/controller/languageController.js:138:29)
    at Layer.handleRequest (/home/appzetoa/public_html/daliyhisab/server/node_modules/router/lib/layer.js:152:17)
    at next (/home/appzetoa/public_html/daliyhisab/server/node_modules/router/lib/route.js:157:13)
    at multerMiddleware (/home/appzetoa/public_html/daliyhisab/server/node_modules/multer/lib/make-middleware.js:19:41)
    at Layer.handleRequest (/home/appzetoa/public_html/daliyhisab/server/node_modules/router/lib/layer.js:152:17)
    at next (/home/appzetoa/public_html/daliyhisab/server/node_modules/router/lib/route.js:157:13)
    at file:///home/appzetoa/public_html/daliyhisab/server/router/authentication.js:90:13
    at Query.<anonymous> (file:///home/appzetoa/public_html/daliyhisab/server/connection/dbConfig.js:155:25)
    at Query.<anonymous> (/home/appzetoa/public_html/daliyhisab/server/node_modules/mysql/lib/Connection.js:526:10)
    at Query._callback (/home/appzetoa/public_html/daliyhisab/server/node_modules/mysql/lib/Connection.js:488:16)
Global error handler: TypeError: Cannot read properties of undefined (reading 'user_id')
    at updateUserLanguage (file:///home/appzetoa/public_html/daliyhisab/server/controller/languageController.js:138:29)
    at Layer.handleRequest (/home/appzetoa/public_html/daliyhisab/server/node_modules/router/lib/layer.js:152:17)
    at next (/home/appzetoa/public_html/daliyhisab/server/node_modules/router/lib/route.js:157:13)
    at multerMiddleware (/home/appzetoa/public_html/daliyhisab/server/node_modules/multer/lib/make-middleware.js:19:41)
    at Layer.handleRequest (/home/appzetoa/public_html/daliyhisab/server/node_modules/router/lib/layer.js:152:17)
    at next (/home/appzetoa/public_html/daliyhisab/server/node_modules/router/lib/route.js:157:13)
    at file:///home/appzetoa/public_html/daliyhisab/server/router/authentication.js:90:13
    at Query.<anonymous> (file:///home/appzetoa/public_html/daliyhisab/server/connection/dbConfig.js:155:25)
    at Query.<anonymous> (/home/appzetoa/public_html/daliyhisab/server/node_modules/mysql/lib/Connection.js:526:10)
    at Query._callback (/home/appzetoa/public_html/daliyhisab/server/node_modules/mysql/lib/Connection.js:488:16)
Global error handler: TypeError: Cannot read properties of undefined (reading 'user_id')
    at updateUserLanguage (file:///home/appzetoa/public_html/daliyhisab/server/controller/languageController.js:138:29)
    at Layer.handleRequest (/home/appzetoa/public_html/daliyhisab/server/node_modules/router/lib/layer.js:152:17)
    at next (/home/appzetoa/public_html/daliyhisab/server/node_modules/router/lib/route.js:157:13)
    at multerMiddleware (/home/appzetoa/public_html/daliyhisab/server/node_modules/multer/lib/make-middleware.js:19:41)
    at Layer.handleRequest (/home/appzetoa/public_html/daliyhisab/server/node_modules/router/lib/layer.js:152:17)
    at next (/home/appzetoa/public_html/daliyhisab/server/node_modules/router/lib/route.js:157:13)
    at file:///home/appzetoa/public_html/daliyhisab/server/router/authentication.js:90:13
    at Query.<anonymous> (file:///home/appzetoa/public_html/daliyhisab/server/connection/dbConfig.js:155:25)
    at Query.<anonymous> (/home/appzetoa/public_html/daliyhisab/server/node_modules/mysql/lib/Connection.js:526:10)
    at Query._callback (/home/appzetoa/public_html/daliyhisab/server/node_modules/mysql/lib/Connection.js:488:16)
Global error handler: TypeError: Cannot read properties of undefined (reading 'user_id')
    at updateUserLanguage (file:///home/appzetoa/public_html/daliyhisab/server/controller/languageController.js:138:29)
    at Layer.handleRequest (/home/appzetoa/public_html/daliyhisab/server/node_modules/router/lib/layer.js:152:17)
    at next (/home/appzetoa/public_html/daliyhisab/server/node_modules/router/lib/route.js:157:13)
    at multerMiddleware (/home/appzetoa/public_html/daliyhisab/server/node_modules/multer/lib/make-middleware.js:19:41)
    at Layer.handleRequest (/home/appzetoa/public_html/daliyhisab/server/node_modules/router/lib/layer.js:152:17)
    at next (/home/appzetoa/public_html/daliyhisab/server/node_modules/router/lib/route.js:157:13)
    at file:///home/appzetoa/public_html/daliyhisab/server/router/authentication.js:90:13
    at Query.<anonymous> (file:///home/appzetoa/public_html/daliyhisab/server/connection/dbConfig.js:155:25)
    at Query.<anonymous> (/home/appzetoa/public_html/daliyhisab/server/node_modules/mysql/lib/Connection.js:526:10)
    at Query._callback (/home/appzetoa/public_html/daliyhisab/server/node_modules/mysql/lib/Connection.js:488:16)
Global error handler: TypeError: Cannot read properties of undefined (reading 'user_id')
    at updateUserLanguage (file:///home/appzetoa/public_html/daliyhisab/server/controller/languageController.js:138:29)
    at Layer.handleRequest (/home/appzetoa/public_html/daliyhisab/server/node_modules/router/lib/layer.js:152:17)
    at next (/home/appzetoa/public_html/daliyhisab/server/node_modules/router/lib/route.js:157:13)
    at multerMiddleware (/home/appzetoa/public_html/daliyhisab/server/node_modules/multer/lib/make-middleware.js:19:41)
    at Layer.handleRequest (/home/appzetoa/public_html/daliyhisab/server/node_modules/router/lib/layer.js:152:17)
    at next (/home/appzetoa/public_html/daliyhisab/server/node_modules/router/lib/route.js:157:13)
    at file:///home/appzetoa/public_html/daliyhisab/server/router/authentication.js:90:13
    at Query.<anonymous> (file:///home/appzetoa/public_html/daliyhisab/server/connection/dbConfig.js:155:25)
    at Query.<anonymous> (/home/appzetoa/public_html/daliyhisab/server/node_modules/mysql/lib/Connection.js:526:10)
    at Query._callback (/home/appzetoa/public_html/daliyhisab/server/node_modules/mysql/lib/Connection.js:488:16)
Global error handler: TypeError: Cannot read properties of undefined (reading 'user_id')
    at updateUserLanguage (file:///home/appzetoa/public_html/daliyhisab/server/controller/languageController.js:138:29)
    at Layer.handleRequest (/home/appzetoa/public_html/daliyhisab/server/node_modules/router/lib/layer.js:152:17)
    at next (/home/appzetoa/public_html/daliyhisab/server/node_modules/router/lib/route.js:157:13)
    at multerMiddleware (/home/appzetoa/public_html/daliyhisab/server/node_modules/multer/lib/make-middleware.js:19:41)
    at Layer.handleRequest (/home/appzetoa/public_html/daliyhisab/server/node_modules/router/lib/layer.js:152:17)
    at next (/home/appzetoa/public_html/daliyhisab/server/node_modules/router/lib/route.js:157:13)
    at file:///home/appzetoa/public_html/daliyhisab/server/router/authentication.js:90:13
    at Query.<anonymous> (file:///home/appzetoa/public_html/daliyhisab/server/connection/dbConfig.js:155:25)
    at Query.<anonymous> (/home/appzetoa/public_html/daliyhisab/server/node_modules/mysql/lib/Connection.js:526:10)
    at Query._callback (/home/appzetoa/public_html/daliyhisab/server/node_modules/mysql/lib/Connection.js:488:16)
Global error handler: TypeError: Cannot read properties of undefined (reading 'user_id')
    at updateUserLanguage (file:///home/appzetoa/public_html/daliyhisab/server/controller/languageController.js:138:29)
    at Layer.handleRequest (/home/appzetoa/public_html/daliyhisab/server/node_modules/router/lib/layer.js:152:17)
    at next (/home/appzetoa/public_html/daliyhisab/server/node_modules/router/lib/route.js:157:13)
    at multerMiddleware (/home/appzetoa/public_html/daliyhisab/server/node_modules/multer/lib/make-middleware.js:19:41)
    at Layer.handleRequest (/home/appzetoa/public_html/daliyhisab/server/node_modules/router/lib/layer.js:152:17)
    at next (/home/appzetoa/public_html/daliyhisab/server/node_modules/router/lib/route.js:157:13)
    at file:///home/appzetoa/public_html/daliyhisab/server/router/authentication.js:90:13
    at Query.<anonymous> (file:///home/appzetoa/public_html/daliyhisab/server/connection/dbConfig.js:155:25)
    at Query.<anonymous> (/home/appzetoa/public_html/daliyhisab/server/node_modules/mysql/lib/Connection.js:526:10)
    at Query._callback (/home/appzetoa/public_html/daliyhisab/server/node_modules/mysql/lib/Connection.js:488:16)
Global error handler: TypeError: Cannot read properties of undefined (reading 'user_id')
    at updateUserLanguage (file:///home/appzetoa/public_html/daliyhisab/server/controller/languageController.js:138:29)
    at Layer.handleRequest (/home/appzetoa/public_html/daliyhisab/server/node_modules/router/lib/layer.js:152:17)
    at next (/home/appzetoa/public_html/daliyhisab/server/node_modules/router/lib/route.js:157:13)
    at multerMiddleware (/home/appzetoa/public_html/daliyhisab/server/node_modules/multer/lib/make-middleware.js:19:41)
    at Layer.handleRequest (/home/appzetoa/public_html/daliyhisab/server/node_modules/router/lib/layer.js:152:17)
    at next (/home/appzetoa/public_html/daliyhisab/server/node_modules/router/lib/route.js:157:13)
    at file:///home/appzetoa/public_html/daliyhisab/server/router/authentication.js:90:13
    at Query.<anonymous> (file:///home/appzetoa/public_html/daliyhisab/server/connection/dbConfig.js:155:25)
    at Query.<anonymous> (/home/appzetoa/public_html/daliyhisab/server/node_modules/mysql/lib/Connection.js:526:10)
    at Query._callback (/home/appzetoa/public_html/daliyhisab/server/node_modules/mysql/lib/Connection.js:488:16)
Global error handler: TypeError: Cannot read properties of undefined (reading 'user_id')
    at updateUserLanguage (file:///home/appzetoa/public_html/daliyhisab/server/controller/languageController.js:138:29)
    at Layer.handleRequest (/home/appzetoa/public_html/daliyhisab/server/node_modules/router/lib/layer.js:152:17)
    at next (/home/appzetoa/public_html/daliyhisab/server/node_modules/router/lib/route.js:157:13)
    at multerMiddleware (/home/appzetoa/public_html/daliyhisab/server/node_modules/multer/lib/make-middleware.js:19:41)
    at Layer.handleRequest (/home/appzetoa/public_html/daliyhisab/server/node_modules/router/lib/layer.js:152:17)
    at next (/home/appzetoa/public_html/daliyhisab/server/node_modules/router/lib/route.js:157:13)
    at file:///home/appzetoa/public_html/daliyhisab/server/router/authentication.js:90:13
    at Query.<anonymous> (file:///home/appzetoa/public_html/daliyhisab/server/connection/dbConfig.js:155:25)
    at Query.<anonymous> (/home/appzetoa/public_html/daliyhisab/server/node_modules/mysql/lib/Connection.js:526:10)
    at Query._callback (/home/appzetoa/public_html/daliyhisab/server/node_modules/mysql/lib/Connection.js:488:16)
Global error handler: TypeError: Cannot read properties of undefined (reading 'user_id')
    at updateUserLanguage (file:///home/appzetoa/public_html/daliyhisab/server/controller/languageController.js:138:29)
    at Layer.handleRequest (/home/appzetoa/public_html/daliyhisab/server/node_modules/router/lib/layer.js:152:17)
    at next (/home/appzetoa/public_html/daliyhisab/server/node_modules/router/lib/route.js:157:13)
    at multerMiddleware (/home/appzetoa/public_html/daliyhisab/server/node_modules/multer/lib/make-middleware.js:19:41)
    at Layer.handleRequest (/home/appzetoa/public_html/daliyhisab/server/node_modules/router/lib/layer.js:152:17)
    at next (/home/appzetoa/public_html/daliyhisab/server/node_modules/router/lib/route.js:157:13)
    at file:///home/appzetoa/public_html/daliyhisab/server/router/authentication.js:90:13
    at Query.<anonymous> (file:///home/appzetoa/public_html/daliyhisab/server/connection/dbConfig.js:155:25)
    at Query.<anonymous> (/home/appzetoa/public_html/daliyhisab/server/node_modules/mysql/lib/Connection.js:526:10)
    at Query._callback (/home/appzetoa/public_html/daliyhisab/server/node_modules/mysql/lib/Connection.js:488:16)
Global error handler: TypeError: Cannot read properties of undefined (reading 'user_id')
    at updateUserLanguage (file:///home/appzetoa/public_html/daliyhisab/server/controller/languageController.js:138:29)
    at Layer.handleRequest (/home/appzetoa/public_html/daliyhisab/server/node_modules/router/lib/layer.js:152:17)
    at next (/home/appzetoa/public_html/daliyhisab/server/node_modules/router/lib/route.js:157:13)
    at multerMiddleware (/home/appzetoa/public_html/daliyhisab/server/node_modules/multer/lib/make-middleware.js:19:41)
    at Layer.handleRequest (/home/appzetoa/public_html/daliyhisab/server/node_modules/router/lib/layer.js:152:17)
    at next (/home/appzetoa/public_html/daliyhisab/server/node_modules/router/lib/route.js:157:13)
    at file:///home/appzetoa/public_html/daliyhisab/server/router/authentication.js:90:13
    at Query.<anonymous> (file:///home/appzetoa/public_html/daliyhisab/server/connection/dbConfig.js:155:25)
    at Query.<anonymous> (/home/appzetoa/public_html/daliyhisab/server/node_modules/mysql/lib/Connection.js:526:10)
    at Query._callback (/home/appzetoa/public_html/daliyhisab/server/node_modules/mysql/lib/Connection.js:488:16)
Global error handler: TypeError: Cannot read properties of undefined (reading 'user_id')
    at updateUserLanguage (file:///home/appzetoa/public_html/daliyhisab/server/controller/languageController.js:138:29)
    at Layer.handleRequest (/home/appzetoa/public_html/daliyhisab/server/node_modules/router/lib/layer.js:152:17)
    at next (/home/appzetoa/public_html/daliyhisab/server/node_modules/router/lib/route.js:157:13)
    at multerMiddleware (/home/appzetoa/public_html/daliyhisab/server/node_modules/multer/lib/make-middleware.js:19:41)
    at Layer.handleRequest (/home/appzetoa/public_html/daliyhisab/server/node_modules/router/lib/layer.js:152:17)
    at next (/home/appzetoa/public_html/daliyhisab/server/node_modules/router/lib/route.js:157:13)
    at file:///home/appzetoa/public_html/daliyhisab/server/router/authentication.js:90:13
    at Query.<anonymous> (file:///home/appzetoa/public_html/daliyhisab/server/connection/dbConfig.js:155:25)
    at Query.<anonymous> (/home/appzetoa/public_html/daliyhisab/server/node_modules/mysql/lib/Connection.js:526:10)
    at Query._callback (/home/appzetoa/public_html/daliyhisab/server/node_modules/mysql/lib/Connection.js:488:16)
Global error handler: TypeError: Cannot read properties of undefined (reading 'user_id')
    at updateUserLanguage (file:///home/appzetoa/public_html/daliyhisab/server/controller/languageController.js:138:29)
    at Layer.handleRequest (/home/appzetoa/public_html/daliyhisab/server/node_modules/router/lib/layer.js:152:17)
    at next (/home/appzetoa/public_html/daliyhisab/server/node_modules/router/lib/route.js:157:13)
    at multerMiddleware (/home/appzetoa/public_html/daliyhisab/server/node_modules/multer/lib/make-middleware.js:19:41)
    at Layer.handleRequest (/home/appzetoa/public_html/daliyhisab/server/node_modules/router/lib/layer.js:152:17)
    at next (/home/appzetoa/public_html/daliyhisab/server/node_modules/router/lib/route.js:157:13)
    at file:///home/appzetoa/public_html/daliyhisab/server/router/authentication.js:90:13
    at Query.<anonymous> (file:///home/appzetoa/public_html/daliyhisab/server/connection/dbConfig.js:155:25)
    at Query.<anonymous> (/home/appzetoa/public_html/daliyhisab/server/node_modules/mysql/lib/Connection.js:526:10)
    at Query._callback (/home/appzetoa/public_html/daliyhisab/server/node_modules/mysql/lib/Connection.js:488:16)
Global error handler: TypeError: Cannot read properties of undefined (reading 'user_id')
    at updateUserLanguage (file:///home/appzetoa/public_html/daliyhisab/server/controller/languageController.js:138:29)
    at Layer.handleRequest (/home/appzetoa/public_html/daliyhisab/server/node_modules/router/lib/layer.js:152:17)
    at next (/home/appzetoa/public_html/daliyhisab/server/node_modules/router/lib/route.js:157:13)
    at multerMiddleware (/home/appzetoa/public_html/daliyhisab/server/node_modules/multer/lib/make-middleware.js:19:41)
    at Layer.handleRequest (/home/appzetoa/public_html/daliyhisab/server/node_modules/router/lib/layer.js:152:17)
    at next (/home/appzetoa/public_html/daliyhisab/server/node_modules/router/lib/route.js:157:13)
    at file:///home/appzetoa/public_html/daliyhisab/server/router/authentication.js:90:13
    at Query.<anonymous> (file:///home/appzetoa/public_html/daliyhisab/server/connection/dbConfig.js:155:25)
    at Query.<anonymous> (/home/appzetoa/public_html/daliyhisab/server/node_modules/mysql/lib/Connection.js:526:10)
    at Query._callback (/home/appzetoa/public_html/daliyhisab/server/node_modules/mysql/lib/Connection.js:488:16)
Global error handler: TypeError: Cannot read properties of undefined (reading 'user_id')
    at updateUserLanguage (file:///home/appzetoa/public_html/daliyhisab/server/controller/languageController.js:138:29)
    at Layer.handleRequest (/home/appzetoa/public_html/daliyhisab/server/node_modules/router/lib/layer.js:152:17)
    at next (/home/appzetoa/public_html/daliyhisab/server/node_modules/router/lib/route.js:157:13)
    at multerMiddleware (/home/appzetoa/public_html/daliyhisab/server/node_modules/multer/lib/make-middleware.js:19:41)
    at Layer.handleRequest (/home/appzetoa/public_html/daliyhisab/server/node_modules/router/lib/layer.js:152:17)
    at next (/home/appzetoa/public_html/daliyhisab/server/node_modules/router/lib/route.js:157:13)
    at file:///home/appzetoa/public_html/daliyhisab/server/router/authentication.js:90:13
    at Query.<anonymous> (file:///home/appzetoa/public_html/daliyhisab/server/connection/dbConfig.js:155:25)
    at Query.<anonymous> (/home/appzetoa/public_html/daliyhisab/server/node_modules/mysql/lib/Connection.js:526:10)
    at Query._callback (/home/appzetoa/public_html/daliyhisab/server/node_modules/mysql/lib/Connection.js:488:16)
Global error handler: TypeError: Cannot read properties of undefined (reading 'user_id')
    at updateUserLanguage (file:///home/appzetoa/public_html/daliyhisab/server/controller/languageController.js:138:29)
    at Layer.handleRequest (/home/appzetoa/public_html/daliyhisab/server/node_modules/router/lib/layer.js:152:17)
    at next (/home/appzetoa/public_html/daliyhisab/server/node_modules/router/lib/route.js:157:13)
    at multerMiddleware (/home/appzetoa/public_html/daliyhisab/server/node_modules/multer/lib/make-middleware.js:19:41)
    at Layer.handleRequest (/home/appzetoa/public_html/daliyhisab/server/node_modules/router/lib/layer.js:152:17)
    at next (/home/appzetoa/public_html/daliyhisab/server/node_modules/router/lib/route.js:157:13)
    at file:///home/appzetoa/public_html/daliyhisab/server/router/authentication.js:90:13
    at Query.<anonymous> (file:///home/appzetoa/public_html/daliyhisab/server/connection/dbConfig.js:155:25)
    at Query.<anonymous> (/home/appzetoa/public_html/daliyhisab/server/node_modules/mysql/lib/Connection.js:526:10)
    at Query._callback (/home/appzetoa/public_html/daliyhisab/server/node_modules/mysql/lib/Connection.js:488:16)
Global error handler: TypeError: Cannot read properties of undefined (reading 'user_id')
    at updateUserLanguage (file:///home/appzetoa/public_html/daliyhisab/server/controller/languageController.js:138:29)
    at Layer.handleRequest (/home/appzetoa/public_html/daliyhisab/server/node_modules/router/lib/layer.js:152:17)
    at next (/home/appzetoa/public_html/daliyhisab/server/node_modules/router/lib/route.js:157:13)
    at multerMiddleware (/home/appzetoa/public_html/daliyhisab/server/node_modules/multer/lib/make-middleware.js:19:41)
    at Layer.handleRequest (/home/appzetoa/public_html/daliyhisab/server/node_modules/router/lib/layer.js:152:17)
    at next (/home/appzetoa/public_html/daliyhisab/server/node_modules/router/lib/route.js:157:13)
    at file:///home/appzetoa/public_html/daliyhisab/server/router/authentication.js:90:13
    at Query.<anonymous> (file:///home/appzetoa/public_html/daliyhisab/server/connection/dbConfig.js:155:25)
    at Query.<anonymous> (/home/appzetoa/public_html/daliyhisab/server/node_modules/mysql/lib/Connection.js:526:10)
    at Query._callback (/home/appzetoa/public_html/daliyhisab/server/node_modules/mysql/lib/Connection.js:488:16)
Global error handler: TypeError: Cannot read properties of undefined (reading 'user_id')
    at updateUserLanguage (file:///home/appzetoa/public_html/daliyhisab/server/controller/languageController.js:138:29)
    at Layer.handleRequest (/home/appzetoa/public_html/daliyhisab/server/node_modules/router/lib/layer.js:152:17)
    at next (/home/appzetoa/public_html/daliyhisab/server/node_modules/router/lib/route.js:157:13)
    at multerMiddleware (/home/appzetoa/public_html/daliyhisab/server/node_modules/multer/lib/make-middleware.js:19:41)
    at Layer.handleRequest (/home/appzetoa/public_html/daliyhisab/server/node_modules/router/lib/layer.js:152:17)
    at next (/home/appzetoa/public_html/daliyhisab/server/node_modules/router/lib/route.js:157:13)
    at file:///home/appzetoa/public_html/daliyhisab/server/router/authentication.js:90:13
    at Query.<anonymous> (file:///home/appzetoa/public_html/daliyhisab/server/connection/dbConfig.js:155:25)
    at Query.<anonymous> (/home/appzetoa/public_html/daliyhisab/server/node_modules/mysql/lib/Connection.js:526:10)
    at Query._callback (/home/appzetoa/public_html/daliyhisab/server/node_modules/mysql/lib/Connection.js:488:16)
Global error handler: TypeError: Cannot read properties of undefined (reading 'user_id')
    at updateUserLanguage (file:///home/appzetoa/public_html/daliyhisab/server/controller/languageController.js:138:29)
    at Layer.handleRequest (/home/appzetoa/public_html/daliyhisab/server/node_modules/router/lib/layer.js:152:17)
    at next (/home/appzetoa/public_html/daliyhisab/server/node_modules/router/lib/route.js:157:13)
    at multerMiddleware (/home/appzetoa/public_html/daliyhisab/server/node_modules/multer/lib/make-middleware.js:19:41)
    at Layer.handleRequest (/home/appzetoa/public_html/daliyhisab/server/node_modules/router/lib/layer.js:152:17)
    at next (/home/appzetoa/public_html/daliyhisab/server/node_modules/router/lib/route.js:157:13)
    at file:///home/appzetoa/public_html/daliyhisab/server/router/authentication.js:90:13
    at Query.<anonymous> (file:///home/appzetoa/public_html/daliyhisab/server/connection/dbConfig.js:155:25)
    at Query.<anonymous> (/home/appzetoa/public_html/daliyhisab/server/node_modules/mysql/lib/Connection.js:526:10)
    at Query._callback (/home/appzetoa/public_html/daliyhisab/server/node_modules/mysql/lib/Connection.js:488:16)
Global error handler: TypeError: Cannot read properties of undefined (reading 'user_id')
    at updateUserLanguage (file:///home/appzetoa/public_html/daliyhisab/server/controller/languageController.js:138:29)
    at Layer.handleRequest (/home/appzetoa/public_html/daliyhisab/server/node_modules/router/lib/layer.js:152:17)
    at next (/home/appzetoa/public_html/daliyhisab/server/node_modules/router/lib/route.js:157:13)
    at multerMiddleware (/home/appzetoa/public_html/daliyhisab/server/node_modules/multer/lib/make-middleware.js:19:41)
    at Layer.handleRequest (/home/appzetoa/public_html/daliyhisab/server/node_modules/router/lib/layer.js:152:17)
    at next (/home/appzetoa/public_html/daliyhisab/server/node_modules/router/lib/route.js:157:13)
    at file:///home/appzetoa/public_html/daliyhisab/server/router/authentication.js:90:13
    at Query.<anonymous> (file:///home/appzetoa/public_html/daliyhisab/server/connection/dbConfig.js:155:25)
    at Query.<anonymous> (/home/appzetoa/public_html/daliyhisab/server/node_modules/mysql/lib/Connection.js:526:10)
    at Query._callback (/home/appzetoa/public_html/daliyhisab/server/node_modules/mysql/lib/Connection.js:488:16)
Global error handler: TypeError: Cannot read properties of undefined (reading 'user_id')
    at updateUserLanguage (file:///home/appzetoa/public_html/daliyhisab/server/controller/languageController.js:138:29)
    at Layer.handleRequest (/home/appzetoa/public_html/daliyhisab/server/node_modules/router/lib/layer.js:152:17)
    at next (/home/appzetoa/public_html/daliyhisab/server/node_modules/router/lib/route.js:157:13)
    at multerMiddleware (/home/appzetoa/public_html/daliyhisab/server/node_modules/multer/lib/make-middleware.js:19:41)
    at Layer.handleRequest (/home/appzetoa/public_html/daliyhisab/server/node_modules/router/lib/layer.js:152:17)
    at next (/home/appzetoa/public_html/daliyhisab/server/node_modules/router/lib/route.js:157:13)
    at file:///home/appzetoa/public_html/daliyhisab/server/router/authentication.js:90:13
    at Query.<anonymous> (file:///home/appzetoa/public_html/daliyhisab/server/connection/dbConfig.js:155:25)
    at Query.<anonymous> (/home/appzetoa/public_html/daliyhisab/server/node_modules/mysql/lib/Connection.js:526:10)
    at Query._callback (/home/appzetoa/public_html/daliyhisab/server/node_modules/mysql/lib/Connection.js:488:16)
Global error handler: TypeError: Cannot read properties of undefined (reading 'user_id')
    at updateUserLanguage (file:///home/appzetoa/public_html/daliyhisab/server/controller/languageController.js:138:29)
    at Layer.handleRequest (/home/appzetoa/public_html/daliyhisab/server/node_modules/router/lib/layer.js:152:17)
    at next (/home/appzetoa/public_html/daliyhisab/server/node_modules/router/lib/route.js:157:13)
    at multerMiddleware (/home/appzetoa/public_html/daliyhisab/server/node_modules/multer/lib/make-middleware.js:19:41)
    at Layer.handleRequest (/home/appzetoa/public_html/daliyhisab/server/node_modules/router/lib/layer.js:152:17)
    at next (/home/appzetoa/public_html/daliyhisab/server/node_modules/router/lib/route.js:157:13)
    at file:///home/appzetoa/public_html/daliyhisab/server/router/authentication.js:90:13
    at Query.<anonymous> (file:///home/appzetoa/public_html/daliyhisab/server/connection/dbConfig.js:155:25)
    at Query.<anonymous> (/home/appzetoa/public_html/daliyhisab/server/node_modules/mysql/lib/Connection.js:526:10)
    at Query._callback (/home/appzetoa/public_html/daliyhisab/server/node_modules/mysql/lib/Connection.js:488:16)
Global error handler: TypeError: Cannot read properties of undefined (reading 'user_id')
    at updateUserLanguage (file:///home/appzetoa/public_html/daliyhisab/server/controller/languageController.js:138:29)
    at Layer.handleRequest (/home/appzetoa/public_html/daliyhisab/server/node_modules/router/lib/layer.js:152:17)
    at next (/home/appzetoa/public_html/daliyhisab/server/node_modules/router/lib/route.js:157:13)
    at multerMiddleware (/home/appzetoa/public_html/daliyhisab/server/node_modules/multer/lib/make-middleware.js:19:41)
    at Layer.handleRequest (/home/appzetoa/public_html/daliyhisab/server/node_modules/router/lib/layer.js:152:17)
    at next (/home/appzetoa/public_html/daliyhisab/server/node_modules/router/lib/route.js:157:13)
    at file:///home/appzetoa/public_html/daliyhisab/server/router/authentication.js:90:13
    at Query.<anonymous> (file:///home/appzetoa/public_html/daliyhisab/server/connection/dbConfig.js:155:25)
    at Query.<anonymous> (/home/appzetoa/public_html/daliyhisab/server/node_modules/mysql/lib/Connection.js:526:10)
    at Query._callback (/home/appzetoa/public_html/daliyhisab/server/node_modules/mysql/lib/Connection.js:488:16)
Global error handler: TypeError: Cannot read properties of undefined (reading 'user_id')
    at updateUserLanguage (file:///home/appzetoa/public_html/daliyhisab/server/controller/languageController.js:138:29)
    at Layer.handleRequest (/home/appzetoa/public_html/daliyhisab/server/node_modules/router/lib/layer.js:152:17)
    at next (/home/appzetoa/public_html/daliyhisab/server/node_modules/router/lib/route.js:157:13)
    at multerMiddleware (/home/appzetoa/public_html/daliyhisab/server/node_modules/multer/lib/make-middleware.js:19:41)
    at Layer.handleRequest (/home/appzetoa/public_html/daliyhisab/server/node_modules/router/lib/layer.js:152:17)
    at next (/home/appzetoa/public_html/daliyhisab/server/node_modules/router/lib/route.js:157:13)
    at file:///home/appzetoa/public_html/daliyhisab/server/router/authentication.js:90:13
    at Query.<anonymous> (file:///home/appzetoa/public_html/daliyhisab/server/connection/dbConfig.js:155:25)
    at Query.<anonymous> (/home/appzetoa/public_html/daliyhisab/server/node_modules/mysql/lib/Connection.js:526:10)
    at Query._callback (/home/appzetoa/public_html/daliyhisab/server/node_modules/mysql/lib/Connection.js:488:16)
Global error handler: TypeError: Cannot read properties of undefined (reading 'user_id')
    at updateUserLanguage (file:///home/appzetoa/public_html/daliyhisab/server/controller/languageController.js:138:29)
    at Layer.handleRequest (/home/appzetoa/public_html/daliyhisab/server/node_modules/router/lib/layer.js:152:17)
    at next (/home/appzetoa/public_html/daliyhisab/server/node_modules/router/lib/route.js:157:13)
    at multerMiddleware (/home/appzetoa/public_html/daliyhisab/server/node_modules/multer/lib/make-middleware.js:19:41)
    at Layer.handleRequest (/home/appzetoa/public_html/daliyhisab/server/node_modules/router/lib/layer.js:152:17)
    at next (/home/appzetoa/public_html/daliyhisab/server/node_modules/router/lib/route.js:157:13)
    at file:///home/appzetoa/public_html/daliyhisab/server/router/authentication.js:90:13
    at Query.<anonymous> (file:///home/appzetoa/public_html/daliyhisab/server/connection/dbConfig.js:155:25)
    at Query.<anonymous> (/home/appzetoa/public_html/daliyhisab/server/node_modules/mysql/lib/Connection.js:526:10)
    at Query._callback (/home/appzetoa/public_html/daliyhisab/server/node_modules/mysql/lib/Connection.js:488:16)
Global error handler: TypeError: Cannot read properties of undefined (reading 'user_id')
    at updateUserLanguage (file:///home/appzetoa/public_html/daliyhisab/server/controller/languageController.js:138:29)
    at Layer.handleRequest (/home/appzetoa/public_html/daliyhisab/server/node_modules/router/lib/layer.js:152:17)
    at next (/home/appzetoa/public_html/daliyhisab/server/node_modules/router/lib/route.js:157:13)
    at multerMiddleware (/home/appzetoa/public_html/daliyhisab/server/node_modules/multer/lib/make-middleware.js:19:41)
    at Layer.handleRequest (/home/appzetoa/public_html/daliyhisab/server/node_modules/router/lib/layer.js:152:17)
    at next (/home/appzetoa/public_html/daliyhisab/server/node_modules/router/lib/route.js:157:13)
    at file:///home/appzetoa/public_html/daliyhisab/server/router/authentication.js:90:13
    at Query.<anonymous> (file:///home/appzetoa/public_html/daliyhisab/server/connection/dbConfig.js:155:25)
    at Query.<anonymous> (/home/appzetoa/public_html/daliyhisab/server/node_modules/mysql/lib/Connection.js:526:10)
    at Query._callback (/home/appzetoa/public_html/daliyhisab/server/node_modules/mysql/lib/Connection.js:488:16)
Global error handler: TypeError: Cannot read properties of undefined (reading 'user_id')
    at updateUserLanguage (file:///home/appzetoa/public_html/daliyhisab/server/controller/languageController.js:138:29)
    at Layer.handleRequest (/home/appzetoa/public_html/daliyhisab/server/node_modules/router/lib/layer.js:152:17)
    at next (/home/appzetoa/public_html/daliyhisab/server/node_modules/router/lib/route.js:157:13)
    at multerMiddleware (/home/appzetoa/public_html/daliyhisab/server/node_modules/multer/lib/make-middleware.js:19:41)
    at Layer.handleRequest (/home/appzetoa/public_html/daliyhisab/server/node_modules/router/lib/layer.js:152:17)
    at next (/home/appzetoa/public_html/daliyhisab/server/node_modules/router/lib/route.js:157:13)
    at file:///home/appzetoa/public_html/daliyhisab/server/router/authentication.js:90:13
    at Query.<anonymous> (file:///home/appzetoa/public_html/daliyhisab/server/connection/dbConfig.js:155:25)
    at Query.<anonymous> (/home/appzetoa/public_html/daliyhisab/server/node_modules/mysql/lib/Connection.js:526:10)
    at Query._callback (/home/appzetoa/public_html/daliyhisab/server/node_modules/mysql/lib/Connection.js:488:16)
Global error handler: TypeError: Cannot read properties of undefined (reading 'user_id')
    at updateUserLanguage (file:///home/appzetoa/public_html/daliyhisab/server/controller/languageController.js:138:29)
    at Layer.handleRequest (/home/appzetoa/public_html/daliyhisab/server/node_modules/router/lib/layer.js:152:17)
    at next (/home/appzetoa/public_html/daliyhisab/server/node_modules/router/lib/route.js:157:13)
    at multerMiddleware (/home/appzetoa/public_html/daliyhisab/server/node_modules/multer/lib/make-middleware.js:19:41)
    at Layer.handleRequest (/home/appzetoa/public_html/daliyhisab/server/node_modules/router/lib/layer.js:152:17)
    at next (/home/appzetoa/public_html/daliyhisab/server/node_modules/router/lib/route.js:157:13)
    at file:///home/appzetoa/public_html/daliyhisab/server/router/authentication.js:90:13
    at Query.<anonymous> (file:///home/appzetoa/public_html/daliyhisab/server/connection/dbConfig.js:155:25)
    at Query.<anonymous> (/home/appzetoa/public_html/daliyhisab/server/node_modules/mysql/lib/Connection.js:526:10)
    at Query._callback (/home/appzetoa/public_html/daliyhisab/server/node_modules/mysql/lib/Connection.js:488:16)
Global error handler: TypeError: Cannot read properties of undefined (reading 'user_id')
    at updateUserLanguage (file:///home/appzetoa/public_html/daliyhisab/server/controller/languageController.js:138:29)
    at Layer.handleRequest (/home/appzetoa/public_html/daliyhisab/server/node_modules/router/lib/layer.js:152:17)
    at next (/home/appzetoa/public_html/daliyhisab/server/node_modules/router/lib/route.js:157:13)
    at multerMiddleware (/home/appzetoa/public_html/daliyhisab/server/node_modules/multer/lib/make-middleware.js:19:41)
    at Layer.handleRequest (/home/appzetoa/public_html/daliyhisab/server/node_modules/router/lib/layer.js:152:17)
    at next (/home/appzetoa/public_html/daliyhisab/server/node_modules/router/lib/route.js:157:13)
    at file:///home/appzetoa/public_html/daliyhisab/server/router/authentication.js:90:13
    at Query.<anonymous> (file:///home/appzetoa/public_html/daliyhisab/server/connection/dbConfig.js:155:25)
    at Query.<anonymous> (/home/appzetoa/public_html/daliyhisab/server/node_modules/mysql/lib/Connection.js:526:10)
    at Query._callback (/home/appzetoa/public_html/daliyhisab/server/node_modules/mysql/lib/Connection.js:488:16)
Global error handler: TypeError: Cannot read properties of undefined (reading 'user_id')
    at updateUserLanguage (file:///home/appzetoa/public_html/daliyhisab/server/controller/languageController.js:138:29)
    at Layer.handleRequest (/home/appzetoa/public_html/daliyhisab/server/node_modules/router/lib/layer.js:152:17)
    at next (/home/appzetoa/public_html/daliyhisab/server/node_modules/router/lib/route.js:157:13)
    at multerMiddleware (/home/appzetoa/public_html/daliyhisab/server/node_modules/multer/lib/make-middleware.js:19:41)
    at Layer.handleRequest (/home/appzetoa/public_html/daliyhisab/server/node_modules/router/lib/layer.js:152:17)
    at next (/home/appzetoa/public_html/daliyhisab/server/node_modules/router/lib/route.js:157:13)
    at file:///home/appzetoa/public_html/daliyhisab/server/router/authentication.js:90:13
    at Query.<anonymous> (file:///home/appzetoa/public_html/daliyhisab/server/connection/dbConfig.js:155:25)
    at Query.<anonymous> (/home/appzetoa/public_html/daliyhisab/server/node_modules/mysql/lib/Connection.js:526:10)
    at Query._callback (/home/appzetoa/public_html/daliyhisab/server/node_modules/mysql/lib/Connection.js:488:16)
Global error handler: TypeError: Cannot read properties of undefined (reading 'user_id')
    at updateUserLanguage (file:///home/appzetoa/public_html/daliyhisab/server/controller/languageController.js:138:29)
    at Layer.handleRequest (/home/appzetoa/public_html/daliyhisab/server/node_modules/router/lib/layer.js:152:17)
    at next (/home/appzetoa/public_html/daliyhisab/server/node_modules/router/lib/route.js:157:13)
    at multerMiddleware (/home/appzetoa/public_html/daliyhisab/server/node_modules/multer/lib/make-middleware.js:19:41)
    at Layer.handleRequest (/home/appzetoa/public_html/daliyhisab/server/node_modules/router/lib/layer.js:152:17)
    at next (/home/appzetoa/public_html/daliyhisab/server/node_modules/router/lib/route.js:157:13)
    at file:///home/appzetoa/public_html/daliyhisab/server/router/authentication.js:90:13
    at Query.<anonymous> (file:///home/appzetoa/public_html/daliyhisab/server/connection/dbConfig.js:155:25)
    at Query.<anonymous> (/home/appzetoa/public_html/daliyhisab/server/node_modules/mysql/lib/Connection.js:526:10)
    at Query._callback (/home/appzetoa/public_html/daliyhisab/server/node_modules/mysql/lib/Connection.js:488:16)
Global error handler: TypeError: Cannot read properties of undefined (reading 'user_id')
    at updateUserLanguage (file:///home/appzetoa/public_html/daliyhisab/server/controller/languageController.js:138:29)
    at Layer.handleRequest (/home/appzetoa/public_html/daliyhisab/server/node_modules/router/lib/layer.js:152:17)
    at next (/home/appzetoa/public_html/daliyhisab/server/node_modules/router/lib/route.js:157:13)
    at multerMiddleware (/home/appzetoa/public_html/daliyhisab/server/node_modules/multer/lib/make-middleware.js:19:41)
    at Layer.handleRequest (/home/appzetoa/public_html/daliyhisab/server/node_modules/router/lib/layer.js:152:17)
    at next (/home/appzetoa/public_html/daliyhisab/server/node_modules/router/lib/route.js:157:13)
    at file:///home/appzetoa/public_html/daliyhisab/server/router/authentication.js:90:13
    at Query.<anonymous> (file:///home/appzetoa/public_html/daliyhisab/server/connection/dbConfig.js:155:25)
    at Query.<anonymous> (/home/appzetoa/public_html/daliyhisab/server/node_modules/mysql/lib/Connection.js:526:10)
    at Query._callback (/home/appzetoa/public_html/daliyhisab/server/node_modules/mysql/lib/Connection.js:488:16)
Global error handler: TypeError: Cannot read properties of undefined (reading 'user_id')
    at updateUserLanguage (file:///home/appzetoa/public_html/daliyhisab/server/controller/languageController.js:138:29)
    at Layer.handleRequest (/home/appzetoa/public_html/daliyhisab/server/node_modules/router/lib/layer.js:152:17)
    at next (/home/appzetoa/public_html/daliyhisab/server/node_modules/router/lib/route.js:157:13)
    at multerMiddleware (/home/appzetoa/public_html/daliyhisab/server/node_modules/multer/lib/make-middleware.js:19:41)
    at Layer.handleRequest (/home/appzetoa/public_html/daliyhisab/server/node_modules/router/lib/layer.js:152:17)
    at next (/home/appzetoa/public_html/daliyhisab/server/node_modules/router/lib/route.js:157:13)
    at file:///home/appzetoa/public_html/daliyhisab/server/router/authentication.js:90:13
    at Query.<anonymous> (file:///home/appzetoa/public_html/daliyhisab/server/connection/dbConfig.js:155:25)
    at Query.<anonymous> (/home/appzetoa/public_html/daliyhisab/server/node_modules/mysql/lib/Connection.js:526:10)
    at Query._callback (/home/appzetoa/public_html/daliyhisab/server/node_modules/mysql/lib/Connection.js:488:16)
Global error handler: TypeError: Cannot read properties of undefined (reading 'user_id')
    at updateUserLanguage (file:///home/appzetoa/public_html/daliyhisab/server/controller/languageController.js:138:29)
    at Layer.handleRequest (/home/appzetoa/public_html/daliyhisab/server/node_modules/router/lib/layer.js:152:17)
    at next (/home/appzetoa/public_html/daliyhisab/server/node_modules/router/lib/route.js:157:13)
    at multerMiddleware (/home/appzetoa/public_html/daliyhisab/server/node_modules/multer/lib/make-middleware.js:19:41)
    at Layer.handleRequest (/home/appzetoa/public_html/daliyhisab/server/node_modules/router/lib/layer.js:152:17)
    at next (/home/appzetoa/public_html/daliyhisab/server/node_modules/router/lib/route.js:157:13)
    at file:///home/appzetoa/public_html/daliyhisab/server/router/authentication.js:90:13
    at Query.<anonymous> (file:///home/appzetoa/public_html/daliyhisab/server/connection/dbConfig.js:155:25)
    at Query.<anonymous> (/home/appzetoa/public_html/daliyhisab/server/node_modules/mysql/lib/Connection.js:526:10)
    at Query._callback (/home/appzetoa/public_html/daliyhisab/server/node_modules/mysql/lib/Connection.js:488:16)
Global error handler: TypeError: Cannot read properties of undefined (reading 'user_id')
    at updateUserLanguage (file:///home/appzetoa/public_html/daliyhisab/server/controller/languageController.js:138:29)
    at Layer.handleRequest (/home/appzetoa/public_html/daliyhisab/server/node_modules/router/lib/layer.js:152:17)
    at next (/home/appzetoa/public_html/daliyhisab/server/node_modules/router/lib/route.js:157:13)
    at multerMiddleware (/home/appzetoa/public_html/daliyhisab/server/node_modules/multer/lib/make-middleware.js:19:41)
    at Layer.handleRequest (/home/appzetoa/public_html/daliyhisab/server/node_modules/router/lib/layer.js:152:17)
    at next (/home/appzetoa/public_html/daliyhisab/server/node_modules/router/lib/route.js:157:13)
    at file:///home/appzetoa/public_html/daliyhisab/server/router/authentication.js:90:13
    at Query.<anonymous> (file:///home/appzetoa/public_html/daliyhisab/server/connection/dbConfig.js:155:25)
    at Query.<anonymous> (/home/appzetoa/public_html/daliyhisab/server/node_modules/mysql/lib/Connection.js:526:10)
    at Query._callback (/home/appzetoa/public_html/daliyhisab/server/node_modules/mysql/lib/Connection.js:488:16)
Global error handler: TypeError: Cannot read properties of undefined (reading 'user_id')
    at updateUserLanguage (file:///home/appzetoa/public_html/daliyhisab/server/controller/languageController.js:138:29)
    at Layer.handleRequest (/home/appzetoa/public_html/daliyhisab/server/node_modules/router/lib/layer.js:152:17)
    at next (/home/appzetoa/public_html/daliyhisab/server/node_modules/router/lib/route.js:157:13)
    at multerMiddleware (/home/appzetoa/public_html/daliyhisab/server/node_modules/multer/lib/make-middleware.js:19:41)
    at Layer.handleRequest (/home/appzetoa/public_html/daliyhisab/server/node_modules/router/lib/layer.js:152:17)
    at next (/home/appzetoa/public_html/daliyhisab/server/node_modules/router/lib/route.js:157:13)
    at file:///home/appzetoa/public_html/daliyhisab/server/router/authentication.js:90:13
    at Query.<anonymous> (file:///home/appzetoa/public_html/daliyhisab/server/connection/dbConfig.js:155:25)
    at Query.<anonymous> (/home/appzetoa/public_html/daliyhisab/server/node_modules/mysql/lib/Connection.js:526:10)
    at Query._callback (/home/appzetoa/public_html/daliyhisab/server/node_modules/mysql/lib/Connection.js:488:16)
Global error handler: TypeError: Cannot read properties of undefined (reading 'user_id')
    at updateUserLanguage (file:///home/appzetoa/public_html/daliyhisab/server/controller/languageController.js:138:29)
    at Layer.handleRequest (/home/appzetoa/public_html/daliyhisab/server/node_modules/router/lib/layer.js:152:17)
    at next (/home/appzetoa/public_html/daliyhisab/server/node_modules/router/lib/route.js:157:13)
    at multerMiddleware (/home/appzetoa/public_html/daliyhisab/server/node_modules/multer/lib/make-middleware.js:19:41)
    at Layer.handleRequest (/home/appzetoa/public_html/daliyhisab/server/node_modules/router/lib/layer.js:152:17)
    at next (/home/appzetoa/public_html/daliyhisab/server/node_modules/router/lib/route.js:157:13)
    at file:///home/appzetoa/public_html/daliyhisab/server/router/authentication.js:90:13
    at Query.<anonymous> (file:///home/appzetoa/public_html/daliyhisab/server/connection/dbConfig.js:155:25)
    at Query.<anonymous> (/home/appzetoa/public_html/daliyhisab/server/node_modules/mysql/lib/Connection.js:526:10)
    at Query._callback (/home/appzetoa/public_html/daliyhisab/server/node_modules/mysql/lib/Connection.js:488:16)
Global error handler: TypeError: Cannot read properties of undefined (reading 'user_id')
    at updateUserLanguage (file:///home/appzetoa/public_html/daliyhisab/server/controller/languageController.js:138:29)
    at Layer.handleRequest (/home/appzetoa/public_html/daliyhisab/server/node_modules/router/lib/layer.js:152:17)
    at next (/home/appzetoa/public_html/daliyhisab/server/node_modules/router/lib/route.js:157:13)
    at multerMiddleware (/home/appzetoa/public_html/daliyhisab/server/node_modules/multer/lib/make-middleware.js:19:41)
    at Layer.handleRequest (/home/appzetoa/public_html/daliyhisab/server/node_modules/router/lib/layer.js:152:17)
    at next (/home/appzetoa/public_html/daliyhisab/server/node_modules/router/lib/route.js:157:13)
    at file:///home/appzetoa/public_html/daliyhisab/server/router/authentication.js:90:13
    at Query.<anonymous> (file:///home/appzetoa/public_html/daliyhisab/server/connection/dbConfig.js:155:25)
    at Query.<anonymous> (/home/appzetoa/public_html/daliyhisab/server/node_modules/mysql/lib/Connection.js:526:10)
    at Query._callback (/home/appzetoa/public_html/daliyhisab/server/node_modules/mysql/lib/Connection.js:488:16)
Global error handler: TypeError: Cannot read properties of undefined (reading 'user_id')
    at updateUserLanguage (file:///home/appzetoa/public_html/daliyhisab/server/controller/languageController.js:138:29)
    at Layer.handleRequest (/home/appzetoa/public_html/daliyhisab/server/node_modules/router/lib/layer.js:152:17)
    at next (/home/appzetoa/public_html/daliyhisab/server/node_modules/router/lib/route.js:157:13)
    at multerMiddleware (/home/appzetoa/public_html/daliyhisab/server/node_modules/multer/lib/make-middleware.js:19:41)
    at Layer.handleRequest (/home/appzetoa/public_html/daliyhisab/server/node_modules/router/lib/layer.js:152:17)
    at next (/home/appzetoa/public_html/daliyhisab/server/node_modules/router/lib/route.js:157:13)
    at file:///home/appzetoa/public_html/daliyhisab/server/router/authentication.js:90:13
    at Query.<anonymous> (file:///home/appzetoa/public_html/daliyhisab/server/connection/dbConfig.js:155:25)
    at Query.<anonymous> (/home/appzetoa/public_html/daliyhisab/server/node_modules/mysql/lib/Connection.js:526:10)
    at Query._callback (/home/appzetoa/public_html/daliyhisab/server/node_modules/mysql/lib/Connection.js:488:16)
Global error handler: TypeError: Cannot read properties of undefined (reading 'user_id')
    at updateUserLanguage (file:///home/appzetoa/public_html/daliyhisab/server/controller/languageController.js:138:29)
    at Layer.handleRequest (/home/appzetoa/public_html/daliyhisab/server/node_modules/router/lib/layer.js:152:17)
    at next (/home/appzetoa/public_html/daliyhisab/server/node_modules/router/lib/route.js:157:13)
    at multerMiddleware (/home/appzetoa/public_html/daliyhisab/server/node_modules/multer/lib/make-middleware.js:19:41)
    at Layer.handleRequest (/home/appzetoa/public_html/daliyhisab/server/node_modules/router/lib/layer.js:152:17)
    at next (/home/appzetoa/public_html/daliyhisab/server/node_modules/router/lib/route.js:157:13)
    at file:///home/appzetoa/public_html/daliyhisab/server/router/authentication.js:90:13
    at Query.<anonymous> (file:///home/appzetoa/public_html/daliyhisab/server/connection/dbConfig.js:155:25)
    at Query.<anonymous> (/home/appzetoa/public_html/daliyhisab/server/node_modules/mysql/lib/Connection.js:526:10)
    at Query._callback (/home/appzetoa/public_html/daliyhisab/server/node_modules/mysql/lib/Connection.js:488:16)
Global error handler: TypeError: Cannot read properties of undefined (reading 'user_id')
    at updateUserLanguage (file:///home/appzetoa/public_html/daliyhisab/server/controller/languageController.js:138:29)
    at Layer.handleRequest (/home/appzetoa/public_html/daliyhisab/server/node_modules/router/lib/layer.js:152:17)
    at next (/home/appzetoa/public_html/daliyhisab/server/node_modules/router/lib/route.js:157:13)
    at multerMiddleware (/home/appzetoa/public_html/daliyhisab/server/node_modules/multer/lib/make-middleware.js:19:41)
    at Layer.handleRequest (/home/appzetoa/public_html/daliyhisab/server/node_modules/router/lib/layer.js:152:17)
    at next (/home/appzetoa/public_html/daliyhisab/server/node_modules/router/lib/route.js:157:13)
    at file:///home/appzetoa/public_html/daliyhisab/server/router/authentication.js:90:13
    at Query.<anonymous> (file:///home/appzetoa/public_html/daliyhisab/server/connection/dbConfig.js:155:25)
    at Query.<anonymous> (/home/appzetoa/public_html/daliyhisab/server/node_modules/mysql/lib/Connection.js:526:10)
    at Query._callback (/home/appzetoa/public_html/daliyhisab/server/node_modules/mysql/lib/Connection.js:488:16)
Global error handler: TypeError: Cannot read properties of undefined (reading 'user_id')
    at updateUserLanguage (file:///home/appzetoa/public_html/daliyhisab/server/controller/languageController.js:138:29)
    at Layer.handleRequest (/home/appzetoa/public_html/daliyhisab/server/node_modules/router/lib/layer.js:152:17)
    at next (/home/appzetoa/public_html/daliyhisab/server/node_modules/router/lib/route.js:157:13)
    at multerMiddleware (/home/appzetoa/public_html/daliyhisab/server/node_modules/multer/lib/make-middleware.js:19:41)
    at Layer.handleRequest (/home/appzetoa/public_html/daliyhisab/server/node_modules/router/lib/layer.js:152:17)
    at next (/home/appzetoa/public_html/daliyhisab/server/node_modules/router/lib/route.js:157:13)
    at file:///home/appzetoa/public_html/daliyhisab/server/router/authentication.js:90:13
    at Query.<anonymous> (file:///home/appzetoa/public_html/daliyhisab/server/connection/dbConfig.js:155:25)
    at Query.<anonymous> (/home/appzetoa/public_html/daliyhisab/server/node_modules/mysql/lib/Connection.js:526:10)
    at Query._callback (/home/appzetoa/public_html/daliyhisab/server/node_modules/mysql/lib/Connection.js:488:16)
Global error handler: TypeError: Cannot read properties of undefined (reading 'user_id')
    at updateUserLanguage (file:///home/appzetoa/public_html/daliyhisab/server/controller/languageController.js:138:29)
    at Layer.handleRequest (/home/appzetoa/public_html/daliyhisab/server/node_modules/router/lib/layer.js:152:17)
    at next (/home/appzetoa/public_html/daliyhisab/server/node_modules/router/lib/route.js:157:13)
    at multerMiddleware (/home/appzetoa/public_html/daliyhisab/server/node_modules/multer/lib/make-middleware.js:19:41)
    at Layer.handleRequest (/home/appzetoa/public_html/daliyhisab/server/node_modules/router/lib/layer.js:152:17)
    at next (/home/appzetoa/public_html/daliyhisab/server/node_modules/router/lib/route.js:157:13)
    at file:///home/appzetoa/public_html/daliyhisab/server/router/authentication.js:90:13
    at Query.<anonymous> (file:///home/appzetoa/public_html/daliyhisab/server/connection/dbConfig.js:155:25)
    at Query.<anonymous> (/home/appzetoa/public_html/daliyhisab/server/node_modules/mysql/lib/Connection.js:526:10)
    at Query._callback (/home/appzetoa/public_html/daliyhisab/server/node_modules/mysql/lib/Connection.js:488:16)
Global error handler: TypeError: Cannot read properties of undefined (reading 'user_id')
    at updateUserLanguage (file:///home/appzetoa/public_html/daliyhisab/server/controller/languageController.js:138:29)
    at Layer.handleRequest (/home/appzetoa/public_html/daliyhisab/server/node_modules/router/lib/layer.js:152:17)
    at next (/home/appzetoa/public_html/daliyhisab/server/node_modules/router/lib/route.js:157:13)
    at multerMiddleware (/home/appzetoa/public_html/daliyhisab/server/node_modules/multer/lib/make-middleware.js:19:41)
    at Layer.handleRequest (/home/appzetoa/public_html/daliyhisab/server/node_modules/router/lib/layer.js:152:17)
    at next (/home/appzetoa/public_html/daliyhisab/server/node_modules/router/lib/route.js:157:13)
    at file:///home/appzetoa/public_html/daliyhisab/server/router/authentication.js:90:13
    at Query.<anonymous> (file:///home/appzetoa/public_html/daliyhisab/server/connection/dbConfig.js:155:25)
    at Query.<anonymous> (/home/appzetoa/public_html/daliyhisab/server/node_modules/mysql/lib/Connection.js:526:10)
    at Query._callback (/home/appzetoa/public_html/daliyhisab/server/node_modules/mysql/lib/Connection.js:488:16)
Global error handler: TypeError: Cannot read properties of undefined (reading 'user_id')
    at updateUserLanguage (file:///home/appzetoa/public_html/daliyhisab/server/controller/languageController.js:138:29)
    at Layer.handleRequest (/home/appzetoa/public_html/daliyhisab/server/node_modules/router/lib/layer.js:152:17)
    at next (/home/appzetoa/public_html/daliyhisab/server/node_modules/router/lib/route.js:157:13)
    at multerMiddleware (/home/appzetoa/public_html/daliyhisab/server/node_modules/multer/lib/make-middleware.js:19:41)
    at Layer.handleRequest (/home/appzetoa/public_html/daliyhisab/server/node_modules/router/lib/layer.js:152:17)
    at next (/home/appzetoa/public_html/daliyhisab/server/node_modules/router/lib/route.js:157:13)
    at file:///home/appzetoa/public_html/daliyhisab/server/router/authentication.js:90:13
    at Query.<anonymous> (file:///home/appzetoa/public_html/daliyhisab/server/connection/dbConfig.js:155:25)
    at Query.<anonymous> (/home/appzetoa/public_html/daliyhisab/server/node_modules/mysql/lib/Connection.js:526:10)
    at Query._callback (/home/appzetoa/public_html/daliyhisab/server/node_modules/mysql/lib/Connection.js:488:16)
Global error handler: TypeError: Cannot read properties of undefined (reading 'user_id')
    at updateUserLanguage (file:///home/appzetoa/public_html/daliyhisab/server/controller/languageController.js:138:29)
    at Layer.handleRequest (/home/appzetoa/public_html/daliyhisab/server/node_modules/router/lib/layer.js:152:17)
    at next (/home/appzetoa/public_html/daliyhisab/server/node_modules/router/lib/route.js:157:13)
    at multerMiddleware (/home/appzetoa/public_html/daliyhisab/server/node_modules/multer/lib/make-middleware.js:19:41)
    at Layer.handleRequest (/home/appzetoa/public_html/daliyhisab/server/node_modules/router/lib/layer.js:152:17)
    at next (/home/appzetoa/public_html/daliyhisab/server/node_modules/router/lib/route.js:157:13)
    at file:///home/appzetoa/public_html/daliyhisab/server/router/authentication.js:90:13
    at Query.<anonymous> (file:///home/appzetoa/public_html/daliyhisab/server/connection/dbConfig.js:155:25)
    at Query.<anonymous> (/home/appzetoa/public_html/daliyhisab/server/node_modules/mysql/lib/Connection.js:526:10)
    at Query._callback (/home/appzetoa/public_html/daliyhisab/server/node_modules/mysql/lib/Connection.js:488:16)
Global error handler: TypeError: Cannot read properties of undefined (reading 'user_id')
    at updateUserLanguage (file:///home/appzetoa/public_html/daliyhisab/server/controller/languageController.js:138:29)
    at Layer.handleRequest (/home/appzetoa/public_html/daliyhisab/server/node_modules/router/lib/layer.js:152:17)
    at next (/home/appzetoa/public_html/daliyhisab/server/node_modules/router/lib/route.js:157:13)
    at multerMiddleware (/home/appzetoa/public_html/daliyhisab/server/node_modules/multer/lib/make-middleware.js:19:41)
    at Layer.handleRequest (/home/appzetoa/public_html/daliyhisab/server/node_modules/router/lib/layer.js:152:17)
    at next (/home/appzetoa/public_html/daliyhisab/server/node_modules/router/lib/route.js:157:13)
    at file:///home/appzetoa/public_html/daliyhisab/server/router/authentication.js:90:13
    at Query.<anonymous> (file:///home/appzetoa/public_html/daliyhisab/server/connection/dbConfig.js:155:25)
    at Query.<anonymous> (/home/appzetoa/public_html/daliyhisab/server/node_modules/mysql/lib/Connection.js:526:10)
    at Query._callback (/home/appzetoa/public_html/daliyhisab/server/node_modules/mysql/lib/Connection.js:488:16)
Global error handler: TypeError: Cannot read properties of undefined (reading 'user_id')
    at updateUserLanguage (file:///home/appzetoa/public_html/daliyhisab/server/controller/languageController.js:138:29)
    at Layer.handleRequest (/home/appzetoa/public_html/daliyhisab/server/node_modules/router/lib/layer.js:152:17)
    at next (/home/appzetoa/public_html/daliyhisab/server/node_modules/router/lib/route.js:157:13)
    at multerMiddleware (/home/appzetoa/public_html/daliyhisab/server/node_modules/multer/lib/make-middleware.js:19:41)
    at Layer.handleRequest (/home/appzetoa/public_html/daliyhisab/server/node_modules/router/lib/layer.js:152:17)
    at next (/home/appzetoa/public_html/daliyhisab/server/node_modules/router/lib/route.js:157:13)
    at file:///home/appzetoa/public_html/daliyhisab/server/router/authentication.js:90:13
    at Query.<anonymous> (file:///home/appzetoa/public_html/daliyhisab/server/connection/dbConfig.js:155:25)
    at Query.<anonymous> (/home/appzetoa/public_html/daliyhisab/server/node_modules/mysql/lib/Connection.js:526:10)
    at Query._callback (/home/appzetoa/public_html/daliyhisab/server/node_modules/mysql/lib/Connection.js:488:16)
Global error handler: TypeError: Cannot read properties of undefined (reading 'user_id')
    at updateUserLanguage (file:///home/appzetoa/public_html/daliyhisab/server/controller/languageController.js:138:29)
    at Layer.handleRequest (/home/appzetoa/public_html/daliyhisab/server/node_modules/router/lib/layer.js:152:17)
    at next (/home/appzetoa/public_html/daliyhisab/server/node_modules/router/lib/route.js:157:13)
    at multerMiddleware (/home/appzetoa/public_html/daliyhisab/server/node_modules/multer/lib/make-middleware.js:19:41)
    at Layer.handleRequest (/home/appzetoa/public_html/daliyhisab/server/node_modules/router/lib/layer.js:152:17)
    at next (/home/appzetoa/public_html/daliyhisab/server/node_modules/router/lib/route.js:157:13)
    at file:///home/appzetoa/public_html/daliyhisab/server/router/authentication.js:90:13
    at Query.<anonymous> (file:///home/appzetoa/public_html/daliyhisab/server/connection/dbConfig.js:155:25)
    at Query.<anonymous> (/home/appzetoa/public_html/daliyhisab/server/node_modules/mysql/lib/Connection.js:526:10)
    at Query._callback (/home/appzetoa/public_html/daliyhisab/server/node_modules/mysql/lib/Connection.js:488:16)
Global error handler: TypeError: Cannot read properties of undefined (reading 'user_id')
    at updateUserLanguage (file:///home/appzetoa/public_html/daliyhisab/server/controller/languageController.js:138:29)
    at Layer.handleRequest (/home/appzetoa/public_html/daliyhisab/server/node_modules/router/lib/layer.js:152:17)
    at next (/home/appzetoa/public_html/daliyhisab/server/node_modules/router/lib/route.js:157:13)
    at multerMiddleware (/home/appzetoa/public_html/daliyhisab/server/node_modules/multer/lib/make-middleware.js:19:41)
    at Layer.handleRequest (/home/appzetoa/public_html/daliyhisab/server/node_modules/router/lib/layer.js:152:17)
    at next (/home/appzetoa/public_html/daliyhisab/server/node_modules/router/lib/route.js:157:13)
    at file:///home/appzetoa/public_html/daliyhisab/server/router/authentication.js:90:13
    at Query.<anonymous> (file:///home/appzetoa/public_html/daliyhisab/server/connection/dbConfig.js:155:25)
    at Query.<anonymous> (/home/appzetoa/public_html/daliyhisab/server/node_modules/mysql/lib/Connection.js:526:10)
    at Query._callback (/home/appzetoa/public_html/daliyhisab/server/node_modules/mysql/lib/Connection.js:488:16)
Global error handler: TypeError: Cannot read properties of undefined (reading 'user_id')
    at updateUserLanguage (file:///home/appzetoa/public_html/daliyhisab/server/controller/languageController.js:138:29)
    at Layer.handleRequest (/home/appzetoa/public_html/daliyhisab/server/node_modules/router/lib/layer.js:152:17)
    at next (/home/appzetoa/public_html/daliyhisab/server/node_modules/router/lib/route.js:157:13)
    at multerMiddleware (/home/appzetoa/public_html/daliyhisab/server/node_modules/multer/lib/make-middleware.js:19:41)
    at Layer.handleRequest (/home/appzetoa/public_html/daliyhisab/server/node_modules/router/lib/layer.js:152:17)
    at next (/home/appzetoa/public_html/daliyhisab/server/node_modules/router/lib/route.js:157:13)
    at file:///home/appzetoa/public_html/daliyhisab/server/router/authentication.js:90:13
    at Query.<anonymous> (file:///home/appzetoa/public_html/daliyhisab/server/connection/dbConfig.js:155:25)
    at Query.<anonymous> (/home/appzetoa/public_html/daliyhisab/server/node_modules/mysql/lib/Connection.js:526:10)
    at Query._callback (/home/appzetoa/public_html/daliyhisab/server/node_modules/mysql/lib/Connection.js:488:16)
Global error handler: TypeError: Cannot read properties of undefined (reading 'user_id')
    at updateUserLanguage (file:///home/appzetoa/public_html/daliyhisab/server/controller/languageController.js:138:29)
    at Layer.handleRequest (/home/appzetoa/public_html/daliyhisab/server/node_modules/router/lib/layer.js:152:17)
    at next (/home/appzetoa/public_html/daliyhisab/server/node_modules/router/lib/route.js:157:13)
    at multerMiddleware (/home/appzetoa/public_html/daliyhisab/server/node_modules/multer/lib/make-middleware.js:19:41)
    at Layer.handleRequest (/home/appzetoa/public_html/daliyhisab/server/node_modules/router/lib/layer.js:152:17)
    at next (/home/appzetoa/public_html/daliyhisab/server/node_modules/router/lib/route.js:157:13)
    at file:///home/appzetoa/public_html/daliyhisab/server/router/authentication.js:90:13
    at Query.<anonymous> (file:///home/appzetoa/public_html/daliyhisab/server/connection/dbConfig.js:155:25)
    at Query.<anonymous> (/home/appzetoa/public_html/daliyhisab/server/node_modules/mysql/lib/Connection.js:526:10)
    at Query._callback (/home/appzetoa/public_html/daliyhisab/server/node_modules/mysql/lib/Connection.js:488:16)
Global error handler: TypeError: Cannot read properties of undefined (reading 'user_id')
    at updateUserLanguage (file:///home/appzetoa/public_html/daliyhisab/server/controller/languageController.js:138:29)
    at Layer.handleRequest (/home/appzetoa/public_html/daliyhisab/server/node_modules/router/lib/layer.js:152:17)
    at next (/home/appzetoa/public_html/daliyhisab/server/node_modules/router/lib/route.js:157:13)
    at multerMiddleware (/home/appzetoa/public_html/daliyhisab/server/node_modules/multer/lib/make-middleware.js:19:41)
    at Layer.handleRequest (/home/appzetoa/public_html/daliyhisab/server/node_modules/router/lib/layer.js:152:17)
    at next (/home/appzetoa/public_html/daliyhisab/server/node_modules/router/lib/route.js:157:13)
    at file:///home/appzetoa/public_html/daliyhisab/server/router/authentication.js:90:13
    at Query.<anonymous> (file:///home/appzetoa/public_html/daliyhisab/server/connection/dbConfig.js:155:25)
    at Query.<anonymous> (/home/appzetoa/public_html/daliyhisab/server/node_modules/mysql/lib/Connection.js:526:10)
    at Query._callback (/home/appzetoa/public_html/daliyhisab/server/node_modules/mysql/lib/Connection.js:488:16)
Global error handler: TypeError: Cannot read properties of undefined (reading 'user_id')
    at updateUserLanguage (file:///home/appzetoa/public_html/daliyhisab/server/controller/languageController.js:138:29)
    at Layer.handleRequest (/home/appzetoa/public_html/daliyhisab/server/node_modules/router/lib/layer.js:152:17)
    at next (/home/appzetoa/public_html/daliyhisab/server/node_modules/router/lib/route.js:157:13)
    at multerMiddleware (/home/appzetoa/public_html/daliyhisab/server/node_modules/multer/lib/make-middleware.js:19:41)
    at Layer.handleRequest (/home/appzetoa/public_html/daliyhisab/server/node_modules/router/lib/layer.js:152:17)
    at next (/home/appzetoa/public_html/daliyhisab/server/node_modules/router/lib/route.js:157:13)
    at file:///home/appzetoa/public_html/daliyhisab/server/router/authentication.js:90:13
    at Query.<anonymous> (file:///home/appzetoa/public_html/daliyhisab/server/connection/dbConfig.js:155:25)
    at Query.<anonymous> (/home/appzetoa/public_html/daliyhisab/server/node_modules/mysql/lib/Connection.js:526:10)
    at Query._callback (/home/appzetoa/public_html/daliyhisab/server/node_modules/mysql/lib/Connection.js:488:16)
Global error handler: TypeError: Cannot read properties of undefined (reading 'user_id')
    at updateUserLanguage (file:///home/appzetoa/public_html/daliyhisab/server/controller/languageController.js:138:29)
    at Layer.handleRequest (/home/appzetoa/public_html/daliyhisab/server/node_modules/router/lib/layer.js:152:17)
    at next (/home/appzetoa/public_html/daliyhisab/server/node_modules/router/lib/route.js:157:13)
    at multerMiddleware (/home/appzetoa/public_html/daliyhisab/server/node_modules/multer/lib/make-middleware.js:19:41)
    at Layer.handleRequest (/home/appzetoa/public_html/daliyhisab/server/node_modules/router/lib/layer.js:152:17)
    at next (/home/appzetoa/public_html/daliyhisab/server/node_modules/router/lib/route.js:157:13)
    at file:///home/appzetoa/public_html/daliyhisab/server/router/authentication.js:90:13
    at Query.<anonymous> (file:///home/appzetoa/public_html/daliyhisab/server/connection/dbConfig.js:155:25)
    at Query.<anonymous> (/home/appzetoa/public_html/daliyhisab/server/node_modules/mysql/lib/Connection.js:526:10)
    at Query._callback (/home/appzetoa/public_html/daliyhisab/server/node_modules/mysql/lib/Connection.js:488:16)
Global error handler: TypeError: Cannot read properties of undefined (reading 'user_id')
    at updateUserLanguage (file:///home/appzetoa/public_html/daliyhisab/server/controller/languageController.js:138:29)
    at Layer.handleRequest (/home/appzetoa/public_html/daliyhisab/server/node_modules/router/lib/layer.js:152:17)
    at next (/home/appzetoa/public_html/daliyhisab/server/node_modules/router/lib/route.js:157:13)
    at multerMiddleware (/home/appzetoa/public_html/daliyhisab/server/node_modules/multer/lib/make-middleware.js:19:41)
    at Layer.handleRequest (/home/appzetoa/public_html/daliyhisab/server/node_modules/router/lib/layer.js:152:17)
    at next (/home/appzetoa/public_html/daliyhisab/server/node_modules/router/lib/route.js:157:13)
    at file:///home/appzetoa/public_html/daliyhisab/server/router/authentication.js:90:13
    at Query.<anonymous> (file:///home/appzetoa/public_html/daliyhisab/server/connection/dbConfig.js:155:25)
    at Query.<anonymous> (/home/appzetoa/public_html/daliyhisab/server/node_modules/mysql/lib/Connection.js:526:10)
    at Query._callback (/home/appzetoa/public_html/daliyhisab/server/node_modules/mysql/lib/Connection.js:488:16)
Global error handler: TypeError: Cannot read properties of undefined (reading 'user_id')
    at updateUserLanguage (file:///home/appzetoa/public_html/daliyhisab/server/controller/languageController.js:138:29)
    at Layer.handleRequest (/home/appzetoa/public_html/daliyhisab/server/node_modules/router/lib/layer.js:152:17)
    at next (/home/appzetoa/public_html/daliyhisab/server/node_modules/router/lib/route.js:157:13)
    at multerMiddleware (/home/appzetoa/public_html/daliyhisab/server/node_modules/multer/lib/make-middleware.js:19:41)
    at Layer.handleRequest (/home/appzetoa/public_html/daliyhisab/server/node_modules/router/lib/layer.js:152:17)
    at next (/home/appzetoa/public_html/daliyhisab/server/node_modules/router/lib/route.js:157:13)
    at file:///home/appzetoa/public_html/daliyhisab/server/router/authentication.js:90:13
    at Query.<anonymous> (file:///home/appzetoa/public_html/daliyhisab/server/connection/dbConfig.js:155:25)
    at Query.<anonymous> (/home/appzetoa/public_html/daliyhisab/server/node_modules/mysql/lib/Connection.js:526:10)
    at Query._callback (/home/appzetoa/public_html/daliyhisab/server/node_modules/mysql/lib/Connection.js:488:16)
Global error handler: TypeError: Cannot read properties of undefined (reading 'user_id')
    at updateUserLanguage (file:///home/appzetoa/public_html/daliyhisab/server/controller/languageController.js:138:29)
    at Layer.handleRequest (/home/appzetoa/public_html/daliyhisab/server/node_modules/router/lib/layer.js:152:17)
    at next (/home/appzetoa/public_html/daliyhisab/server/node_modules/router/lib/route.js:157:13)
    at multerMiddleware (/home/appzetoa/public_html/daliyhisab/server/node_modules/multer/lib/make-middleware.js:19:41)
    at Layer.handleRequest (/home/appzetoa/public_html/daliyhisab/server/node_modules/router/lib/layer.js:152:17)
    at next (/home/appzetoa/public_html/daliyhisab/server/node_modules/router/lib/route.js:157:13)
    at file:///home/appzetoa/public_html/daliyhisab/server/router/authentication.js:90:13
    at Query.<anonymous> (file:///home/appzetoa/public_html/daliyhisab/server/connection/dbConfig.js:155:25)
    at Query.<anonymous> (/home/appzetoa/public_html/daliyhisab/server/node_modules/mysql/lib/Connection.js:526:10)
    at Query._callback (/home/appzetoa/public_html/daliyhisab/server/node_modules/mysql/lib/Connection.js:488:16)
Global error handler: TypeError: Cannot read properties of undefined (reading 'user_id')
    at updateUserLanguage (file:///home/appzetoa/public_html/daliyhisab/server/controller/languageController.js:138:29)
    at Layer.handleRequest (/home/appzetoa/public_html/daliyhisab/server/node_modules/router/lib/layer.js:152:17)
    at next (/home/appzetoa/public_html/daliyhisab/server/node_modules/router/lib/route.js:157:13)
    at multerMiddleware (/home/appzetoa/public_html/daliyhisab/server/node_modules/multer/lib/make-middleware.js:19:41)
    at Layer.handleRequest (/home/appzetoa/public_html/daliyhisab/server/node_modules/router/lib/layer.js:152:17)
    at next (/home/appzetoa/public_html/daliyhisab/server/node_modules/router/lib/route.js:157:13)
    at file:///home/appzetoa/public_html/daliyhisab/server/router/authentication.js:90:13
    at Query.<anonymous> (file:///home/appzetoa/public_html/daliyhisab/server/connection/dbConfig.js:155:25)
    at Query.<anonymous> (/home/appzetoa/public_html/daliyhisab/server/node_modules/mysql/lib/Connection.js:526:10)
    at Query._callback (/home/appzetoa/public_html/daliyhisab/server/node_modules/mysql/lib/Connection.js:488:16)
Global error handler: TypeError: Cannot read properties of undefined (reading 'user_id')
    at updateUserLanguage (file:///home/appzetoa/public_html/daliyhisab/server/controller/languageController.js:138:29)
    at Layer.handleRequest (/home/appzetoa/public_html/daliyhisab/server/node_modules/router/lib/layer.js:152:17)
    at next (/home/appzetoa/public_html/daliyhisab/server/node_modules/router/lib/route.js:157:13)
    at multerMiddleware (/home/appzetoa/public_html/daliyhisab/server/node_modules/multer/lib/make-middleware.js:19:41)
    at Layer.handleRequest (/home/appzetoa/public_html/daliyhisab/server/node_modules/router/lib/layer.js:152:17)
    at next (/home/appzetoa/public_html/daliyhisab/server/node_modules/router/lib/route.js:157:13)
    at file:///home/appzetoa/public_html/daliyhisab/server/router/authentication.js:90:13
    at Query.<anonymous> (file:///home/appzetoa/public_html/daliyhisab/server/connection/dbConfig.js:155:25)
    at Query.<anonymous> (/home/appzetoa/public_html/daliyhisab/server/node_modules/mysql/lib/Connection.js:526:10)
    at Query._callback (/home/appzetoa/public_html/daliyhisab/server/node_modules/mysql/lib/Connection.js:488:16)
Global error handler: TypeError: Cannot read properties of undefined (reading 'user_id')
    at updateUserLanguage (file:///home/appzetoa/public_html/daliyhisab/server/controller/languageController.js:138:29)
    at Layer.handleRequest (/home/appzetoa/public_html/daliyhisab/server/node_modules/router/lib/layer.js:152:17)
    at next (/home/appzetoa/public_html/daliyhisab/server/node_modules/router/lib/route.js:157:13)
    at multerMiddleware (/home/appzetoa/public_html/daliyhisab/server/node_modules/multer/lib/make-middleware.js:19:41)
    at Layer.handleRequest (/home/appzetoa/public_html/daliyhisab/server/node_modules/router/lib/layer.js:152:17)
    at next (/home/appzetoa/public_html/daliyhisab/server/node_modules/router/lib/route.js:157:13)
    at file:///home/appzetoa/public_html/daliyhisab/server/router/authentication.js:90:13
    at Query.<anonymous> (file:///home/appzetoa/public_html/daliyhisab/server/connection/dbConfig.js:155:25)
    at Query.<anonymous> (/home/appzetoa/public_html/daliyhisab/server/node_modules/mysql/lib/Connection.js:526:10)
    at Query._callback (/home/appzetoa/public_html/daliyhisab/server/node_modules/mysql/lib/Connection.js:488:16)
Failed token 59: messaging/registration-token-not-registered Requested entity was not found.
Token: dcfUQqPwS3ClaLvcZG--NB:APA91bG...
Failed token 74: messaging/registration-token-not-registered Requested entity was not found.
Token: dalML1klTHOESqvYVXXwj_:APA91bE...
❌ Query error: ER_PARSE_ERROR: You have an error in your SQL syntax; check the manual that corresponds to your MySQL server version for the right syntax to use near 'low_priority,
        COUNT(CASE WHEN priority = 2 THEN 1 END) as medium_priorit' at line 9
Query: 
      SELECT 
        COUNT(*) as total_tickets,
        COUNT(CASE WHEN delete_flag = 0 THEN 1 END...
Uncaught Exception: TypeError: Cannot read properties of null (reading 'release')
    at Query.<anonymous> (file:///home/appzetoa/public_html/daliyhisab/server/connection/dbConfig.js:221:45)
    at Query.<anonymous> (/home/appzetoa/public_html/daliyhisab/server/node_modules/mysql/lib/Connection.js:526:10)
    at Query._callback (/home/appzetoa/public_html/daliyhisab/server/node_modules/mysql/lib/Connection.js:488:16)
    at Sequence.end (/home/appzetoa/public_html/daliyhisab/server/node_modules/mysql/lib/protocol/sequences/Sequence.js:83:24)
    at Query._handleFinalResultPacket (/home/appzetoa/public_html/daliyhisab/server/node_modules/mysql/lib/protocol/sequences/Query.js:149:8)
    at Query.OkPacket (/home/appzetoa/public_html/daliyhisab/server/node_modules/mysql/lib/protocol/sequences/Query.js:74:10)
    at Protocol._parsePacket (/home/appzetoa/public_html/daliyhisab/server/node_modules/mysql/lib/protocol/Protocol.js:291:23)
    at Parser._parsePacket (/home/appzetoa/public_html/daliyhisab/server/node_modules/mysql/lib/protocol/Parser.js:433:10)
    at Parser.write (/home/appzetoa/public_html/daliyhisab/server/node_modules/mysql/lib/protocol/Parser.js:43:10)
    at Protocol.write (/home/appzetoa/public_html/daliyhisab/server/node_modules/mysql/lib/protocol/Protocol.js:38:16)
❌ Recurring Payments API Error: Status 500
Failed token 24: messaging/registration-token-not-registered Requested entity was not found.
Token: cRFzAoOWSQ6CkrBcySN0Tv:APA91bF...
Failed token 49: messaging/registration-token-not-registered Requested entity was not found.
Token: dxfB_yqPSS2vNVLdhSGjx0:APA91bH...
❌ Query error: ER_NO_SUCH_TABLE: Table 'appzetoa_daily_hisab.reminder_master' doesn't exist
Query: DELETE FROM reminder_master WHERE user_id = ?...
Error deleting reminders: Error: ER_NO_SUCH_TABLE: Table 'appzetoa_daily_hisab.reminder_master' doesn't exist
    at Sequence._packetToError (/home/appzetoa/public_html/daliyhisab/server/node_modules/mysql/lib/protocol/sequences/Sequence.js:47:14)
    at Query.ErrorPacket (/home/appzetoa/public_html/daliyhisab/server/node_modules/mysql/lib/protocol/sequences/Query.js:79:18)
    at Protocol._parsePacket (/home/appzetoa/public_html/daliyhisab/server/node_modules/mysql/lib/protocol/Protocol.js:291:23)
    at Parser._parsePacket (/home/appzetoa/public_html/daliyhisab/server/node_modules/mysql/lib/protocol/Parser.js:433:10)
    at Parser.write (/home/appzetoa/public_html/daliyhisab/server/node_modules/mysql/lib/protocol/Parser.js:43:10)
    at Protocol.write (/home/appzetoa/public_html/daliyhisab/server/node_modules/mysql/lib/protocol/Protocol.js:38:16)
    at Socket.<anonymous> (/home/appzetoa/public_html/daliyhisab/server/node_modules/mysql/lib/Connection.js:88:28)
    at Socket.<anonymous> (/home/appzetoa/public_html/daliyhisab/server/node_modules/mysql/lib/Connection.js:526:10)
    at Socket.emit (node:events:524:28)
    at addChunk (node:internal/streams/readable:561:12)
    --------------------
    at Protocol._enqueue (/home/appzetoa/public_html/daliyhisab/server/node_modules/mysql/lib/protocol/Protocol.js:144:48)
    at PoolConnection.query (/home/appzetoa/public_html/daliyhisab/server/node_modules/mysql/lib/Connection.js:198:25)
    at Query.<anonymous> (file:///home/appzetoa/public_html/daliyhisab/server/connection/dbConfig.js:138:22)
    at Query.<anonymous> (/home/appzetoa/public_html/daliyhisab/server/node_modules/mysql/lib/Connection.js:526:10)
    at Query._callback (/home/appzetoa/public_html/daliyhisab/server/node_modules/mysql/lib/Connection.js:488:16)
    at Sequence.end (/home/appzetoa/public_html/daliyhisab/server/node_modules/mysql/lib/protocol/sequences/Sequence.js:83:24)
    at Query._handleFinalResultPacket (/home/appzetoa/public_html/daliyhisab/server/node_modules/mysql/lib/protocol/sequences/Query.js:149:8)
    at Query.OkPacket (/home/appzetoa/public_html/daliyhisab/server/node_modules/mysql/lib/protocol/sequences/Query.js:74:10)
    at Protocol._parsePacket (/home/appzetoa/public_html/daliyhisab/server/node_modules/mysql/lib/protocol/Protocol.js:291:23)
    at Parser._parsePacket (/home/appzetoa/public_html/daliyhisab/server/node_modules/mysql/lib/protocol/Parser.js:433:10) {
  code: 'ER_NO_SUCH_TABLE',
  errno: 1146,
  sqlMessage: "Table 'appzetoa_daily_hisab.reminder_master' doesn't exist",
  sqlState: '42S02',
  index: 0,
  sql: 'DELETE FROM reminder_master WHERE user_id = 56'
}
❌ Query error: ER_NO_SUCH_TABLE: Table 'appzetoa_daily_hisab.recurring_payment_master' doesn't exist
Query: DELETE FROM recurring_payment_master WHERE user_id = ?...
Error deleting recurring payments: Error: ER_NO_SUCH_TABLE: Table 'appzetoa_daily_hisab.recurring_payment_master' doesn't exist
    at Sequence._packetToError (/home/appzetoa/public_html/daliyhisab/server/node_modules/mysql/lib/protocol/sequences/Sequence.js:47:14)
    at Query.ErrorPacket (/home/appzetoa/public_html/daliyhisab/server/node_modules/mysql/lib/protocol/sequences/Query.js:79:18)
    at Protocol._parsePacket (/home/appzetoa/public_html/daliyhisab/server/node_modules/mysql/lib/protocol/Protocol.js:291:23)
    at Parser._parsePacket (/home/appzetoa/public_html/daliyhisab/server/node_modules/mysql/lib/protocol/Parser.js:433:10)
    at Parser.write (/home/appzetoa/public_html/daliyhisab/server/node_modules/mysql/lib/protocol/Parser.js:43:10)
    at Protocol.write (/home/appzetoa/public_html/daliyhisab/server/node_modules/mysql/lib/protocol/Protocol.js:38:16)
    at Socket.<anonymous> (/home/appzetoa/public_html/daliyhisab/server/node_modules/mysql/lib/Connection.js:88:28)
    at Socket.<anonymous> (/home/appzetoa/public_html/daliyhisab/server/node_modules/mysql/lib/Connection.js:526:10)
    at Socket.emit (node:events:524:28)
    at addChunk (node:internal/streams/readable:561:12)
    --------------------
    at Protocol._enqueue (/home/appzetoa/public_html/daliyhisab/server/node_modules/mysql/lib/protocol/Protocol.js:144:48)
    at PoolConnection.query (/home/appzetoa/public_html/daliyhisab/server/node_modules/mysql/lib/Connection.js:198:25)
    at Query.<anonymous> (file:///home/appzetoa/public_html/daliyhisab/server/connection/dbConfig.js:138:22)
    at Query.<anonymous> (/home/appzetoa/public_html/daliyhisab/server/node_modules/mysql/lib/Connection.js:526:10)
    at Query._callback (/home/appzetoa/public_html/daliyhisab/server/node_modules/mysql/lib/Connection.js:488:16)
    at Sequence.end (/home/appzetoa/public_html/daliyhisab/server/node_modules/mysql/lib/protocol/sequences/Sequence.js:83:24)
    at Query._handleFinalResultPacket (/home/appzetoa/public_html/daliyhisab/server/node_modules/mysql/lib/protocol/sequences/Query.js:149:8)
    at Query.OkPacket (/home/appzetoa/public_html/daliyhisab/server/node_modules/mysql/lib/protocol/sequences/Query.js:74:10)
    at Protocol._parsePacket (/home/appzetoa/public_html/daliyhisab/server/node_modules/mysql/lib/protocol/Protocol.js:291:23)
    at Parser._parsePacket (/home/appzetoa/public_html/daliyhisab/server/node_modules/mysql/lib/protocol/Parser.js:433:10) {
  code: 'ER_NO_SUCH_TABLE',
  errno: 1146,
  sqlMessage: "Table 'appzetoa_daily_hisab.recurring_payment_master' doesn't exist",
  sqlState: '42S02',
  index: 0,
  sql: 'DELETE FROM recurring_payment_master WHERE user_id = 56'
}
❌ Query error: ER_NO_SUCH_TABLE: Table 'appzetoa_daily_hisab.notification_master' doesn't exist
Query: DELETE FROM notification_master WHERE user_id = ?...
Error deleting notifications: Error: ER_NO_SUCH_TABLE: Table 'appzetoa_daily_hisab.notification_master' doesn't exist
    at Sequence._packetToError (/home/appzetoa/public_html/daliyhisab/server/node_modules/mysql/lib/protocol/sequences/Sequence.js:47:14)
    at Query.ErrorPacket (/home/appzetoa/public_html/daliyhisab/server/node_modules/mysql/lib/protocol/sequences/Query.js:79:18)
    at Protocol._parsePacket (/home/appzetoa/public_html/daliyhisab/server/node_modules/mysql/lib/protocol/Protocol.js:291:23)
    at Parser._parsePacket (/home/appzetoa/public_html/daliyhisab/server/node_modules/mysql/lib/protocol/Parser.js:433:10)
    at Parser.write (/home/appzetoa/public_html/daliyhisab/server/node_modules/mysql/lib/protocol/Parser.js:43:10)
    at Protocol.write (/home/appzetoa/public_html/daliyhisab/server/node_modules/mysql/lib/protocol/Protocol.js:38:16)
    at Socket.<anonymous> (/home/appzetoa/public_html/daliyhisab/server/node_modules/mysql/lib/Connection.js:88:28)
    at Socket.<anonymous> (/home/appzetoa/public_html/daliyhisab/server/node_modules/mysql/lib/Connection.js:526:10)
    at Socket.emit (node:events:524:28)
    at addChunk (node:internal/streams/readable:561:12)
    --------------------
    at Protocol._enqueue (/home/appzetoa/public_html/daliyhisab/server/node_modules/mysql/lib/protocol/Protocol.js:144:48)
    at PoolConnection.query (/home/appzetoa/public_html/daliyhisab/server/node_modules/mysql/lib/Connection.js:198:25)
    at Query.<anonymous> (file:///home/appzetoa/public_html/daliyhisab/server/connection/dbConfig.js:138:22)
    at Query.<anonymous> (/home/appzetoa/public_html/daliyhisab/server/node_modules/mysql/lib/Connection.js:526:10)
    at Query._callback (/home/appzetoa/public_html/daliyhisab/server/node_modules/mysql/lib/Connection.js:488:16)
    at Sequence.end (/home/appzetoa/public_html/daliyhisab/server/node_modules/mysql/lib/protocol/sequences/Sequence.js:83:24)
    at Query._handleFinalResultPacket (/home/appzetoa/public_html/daliyhisab/server/node_modules/mysql/lib/protocol/sequences/Query.js:149:8)
    at Query.OkPacket (/home/appzetoa/public_html/daliyhisab/server/node_modules/mysql/lib/protocol/sequences/Query.js:74:10)
    at Protocol._parsePacket (/home/appzetoa/public_html/daliyhisab/server/node_modules/mysql/lib/protocol/Protocol.js:291:23)
    at Parser._parsePacket (/home/appzetoa/public_html/daliyhisab/server/node_modules/mysql/lib/protocol/Parser.js:433:10) {
  code: 'ER_NO_SUCH_TABLE',
  errno: 1146,
  sqlMessage: "Table 'appzetoa_daily_hisab.notification_master' doesn't exist",
  sqlState: '42S02',
  index: 0,
  sql: 'DELETE FROM notification_master WHERE user_id = 56'
}
Uncaught Exception: TypeError: Cannot read properties of null (reading 'release')
    at Query.<anonymous> (file:///home/appzetoa/public_html/daliyhisab/server/connection/dbConfig.js:221:45)
    at Query.<anonymous> (/home/appzetoa/public_html/daliyhisab/server/node_modules/mysql/lib/Connection.js:526:10)
    at Query._callback (/home/appzetoa/public_html/daliyhisab/server/node_modules/mysql/lib/Connection.js:488:16)
    at Sequence.end (/home/appzetoa/public_html/daliyhisab/server/node_modules/mysql/lib/protocol/sequences/Sequence.js:83:24)
    at Query._handleFinalResultPacket (/home/appzetoa/public_html/daliyhisab/server/node_modules/mysql/lib/protocol/sequences/Query.js:149:8)
    at Query.OkPacket (/home/appzetoa/public_html/daliyhisab/server/node_modules/mysql/lib/protocol/sequences/Query.js:74:10)
    at Protocol._parsePacket (/home/appzetoa/public_html/daliyhisab/server/node_modules/mysql/lib/protocol/Protocol.js:291:23)
    at Parser._parsePacket (/home/appzetoa/public_html/daliyhisab/server/node_modules/mysql/lib/protocol/Parser.js:433:10)
    at Parser.write (/home/appzetoa/public_html/daliyhisab/server/node_modules/mysql/lib/protocol/Parser.js:43:10)
    at Protocol.write (/home/appzetoa/public_html/daliyhisab/server/node_modules/mysql/lib/protocol/Protocol.js:38:16)
❌ Query error: ER_NO_SUCH_TABLE: Table 'appzetoa_daily_hisab.reminder_master' doesn't exist
Query: DELETE FROM reminder_master WHERE user_id = ?...
Error deleting reminders: Error: ER_NO_SUCH_TABLE: Table 'appzetoa_daily_hisab.reminder_master' doesn't exist
    at Sequence._packetToError (/home/appzetoa/public_html/daliyhisab/server/node_modules/mysql/lib/protocol/sequences/Sequence.js:47:14)
    at Query.ErrorPacket (/home/appzetoa/public_html/daliyhisab/server/node_modules/mysql/lib/protocol/sequences/Query.js:79:18)
    at Protocol._parsePacket (/home/appzetoa/public_html/daliyhisab/server/node_modules/mysql/lib/protocol/Protocol.js:291:23)
    at Parser._parsePacket (/home/appzetoa/public_html/daliyhisab/server/node_modules/mysql/lib/protocol/Parser.js:433:10)
    at Parser.write (/home/appzetoa/public_html/daliyhisab/server/node_modules/mysql/lib/protocol/Parser.js:43:10)
    at Protocol.write (/home/appzetoa/public_html/daliyhisab/server/node_modules/mysql/lib/protocol/Protocol.js:38:16)
    at Socket.<anonymous> (/home/appzetoa/public_html/daliyhisab/server/node_modules/mysql/lib/Connection.js:88:28)
    at Socket.<anonymous> (/home/appzetoa/public_html/daliyhisab/server/node_modules/mysql/lib/Connection.js:526:10)
    at Socket.emit (node:events:524:28)
    at addChunk (node:internal/streams/readable:561:12)
    --------------------
    at Protocol._enqueue (/home/appzetoa/public_html/daliyhisab/server/node_modules/mysql/lib/protocol/Protocol.js:144:48)
    at PoolConnection.query (/home/appzetoa/public_html/daliyhisab/server/node_modules/mysql/lib/Connection.js:198:25)
    at Query.<anonymous> (file:///home/appzetoa/public_html/daliyhisab/server/connection/dbConfig.js:138:22)
    at Query.<anonymous> (/home/appzetoa/public_html/daliyhisab/server/node_modules/mysql/lib/Connection.js:526:10)
    at Query._callback (/home/appzetoa/public_html/daliyhisab/server/node_modules/mysql/lib/Connection.js:488:16)
    at Sequence.end (/home/appzetoa/public_html/daliyhisab/server/node_modules/mysql/lib/protocol/sequences/Sequence.js:83:24)
    at Query._handleFinalResultPacket (/home/appzetoa/public_html/daliyhisab/server/node_modules/mysql/lib/protocol/sequences/Query.js:149:8)
    at Query.OkPacket (/home/appzetoa/public_html/daliyhisab/server/node_modules/mysql/lib/protocol/sequences/Query.js:74:10)
    at Protocol._parsePacket (/home/appzetoa/public_html/daliyhisab/server/node_modules/mysql/lib/protocol/Protocol.js:291:23)
    at Parser._parsePacket (/home/appzetoa/public_html/daliyhisab/server/node_modules/mysql/lib/protocol/Parser.js:433:10) {
  code: 'ER_NO_SUCH_TABLE',
  errno: 1146,
  sqlMessage: "Table 'appzetoa_daily_hisab.reminder_master' doesn't exist",
  sqlState: '42S02',
  index: 0,
  sql: 'DELETE FROM reminder_master WHERE user_id = 266'
}
❌ Query error: ER_NO_SUCH_TABLE: Table 'appzetoa_daily_hisab.recurring_payment_master' doesn't exist
Query: DELETE FROM recurring_payment_master WHERE user_id = ?...
Error deleting recurring payments: Error: ER_NO_SUCH_TABLE: Table 'appzetoa_daily_hisab.recurring_payment_master' doesn't exist
    at Sequence._packetToError (/home/appzetoa/public_html/daliyhisab/server/node_modules/mysql/lib/protocol/sequences/Sequence.js:47:14)
    at Query.ErrorPacket (/home/appzetoa/public_html/daliyhisab/server/node_modules/mysql/lib/protocol/sequences/Query.js:79:18)
    at Protocol._parsePacket (/home/appzetoa/public_html/daliyhisab/server/node_modules/mysql/lib/protocol/Protocol.js:291:23)
    at Parser._parsePacket (/home/appzetoa/public_html/daliyhisab/server/node_modules/mysql/lib/protocol/Parser.js:433:10)
    at Parser.write (/home/appzetoa/public_html/daliyhisab/server/node_modules/mysql/lib/protocol/Parser.js:43:10)
    at Protocol.write (/home/appzetoa/public_html/daliyhisab/server/node_modules/mysql/lib/protocol/Protocol.js:38:16)
    at Socket.<anonymous> (/home/appzetoa/public_html/daliyhisab/server/node_modules/mysql/lib/Connection.js:88:28)
    at Socket.<anonymous> (/home/appzetoa/public_html/daliyhisab/server/node_modules/mysql/lib/Connection.js:526:10)
    at Socket.emit (node:events:524:28)
    at addChunk (node:internal/streams/readable:561:12)
    --------------------
    at Protocol._enqueue (/home/appzetoa/public_html/daliyhisab/server/node_modules/mysql/lib/protocol/Protocol.js:144:48)
    at PoolConnection.query (/home/appzetoa/public_html/daliyhisab/server/node_modules/mysql/lib/Connection.js:198:25)
    at Query.<anonymous> (file:///home/appzetoa/public_html/daliyhisab/server/connection/dbConfig.js:138:22)
    at Query.<anonymous> (/home/appzetoa/public_html/daliyhisab/server/node_modules/mysql/lib/Connection.js:526:10)
    at Query._callback (/home/appzetoa/public_html/daliyhisab/server/node_modules/mysql/lib/Connection.js:488:16)
    at Sequence.end (/home/appzetoa/public_html/daliyhisab/server/node_modules/mysql/lib/protocol/sequences/Sequence.js:83:24)
    at Query._handleFinalResultPacket (/home/appzetoa/public_html/daliyhisab/server/node_modules/mysql/lib/protocol/sequences/Query.js:149:8)
    at Query.OkPacket (/home/appzetoa/public_html/daliyhisab/server/node_modules/mysql/lib/protocol/sequences/Query.js:74:10)
    at Protocol._parsePacket (/home/appzetoa/public_html/daliyhisab/server/node_modules/mysql/lib/protocol/Protocol.js:291:23)
    at Parser._parsePacket (/home/appzetoa/public_html/daliyhisab/server/node_modules/mysql/lib/protocol/Parser.js:433:10) {
  code: 'ER_NO_SUCH_TABLE',
  errno: 1146,
  sqlMessage: "Table 'appzetoa_daily_hisab.recurring_payment_master' doesn't exist",
  sqlState: '42S02',
  index: 0,
  sql: 'DELETE FROM recurring_payment_master WHERE user_id = 266'
}
❌ Query error: ER_NO_SUCH_TABLE: Table 'appzetoa_daily_hisab.notification_master' doesn't exist
Query: DELETE FROM notification_master WHERE user_id = ?...
Error deleting notifications: Error: ER_NO_SUCH_TABLE: Table 'appzetoa_daily_hisab.notification_master' doesn't exist
    at Sequence._packetToError (/home/appzetoa/public_html/daliyhisab/server/node_modules/mysql/lib/protocol/sequences/Sequence.js:47:14)
    at Query.ErrorPacket (/home/appzetoa/public_html/daliyhisab/server/node_modules/mysql/lib/protocol/sequences/Query.js:79:18)
    at Protocol._parsePacket (/home/appzetoa/public_html/daliyhisab/server/node_modules/mysql/lib/protocol/Protocol.js:291:23)
    at Parser._parsePacket (/home/appzetoa/public_html/daliyhisab/server/node_modules/mysql/lib/protocol/Parser.js:433:10)
    at Parser.write (/home/appzetoa/public_html/daliyhisab/server/node_modules/mysql/lib/protocol/Parser.js:43:10)
    at Protocol.write (/home/appzetoa/public_html/daliyhisab/server/node_modules/mysql/lib/protocol/Protocol.js:38:16)
    at Socket.<anonymous> (/home/appzetoa/public_html/daliyhisab/server/node_modules/mysql/lib/Connection.js:88:28)
    at Socket.<anonymous> (/home/appzetoa/public_html/daliyhisab/server/node_modules/mysql/lib/Connection.js:526:10)
    at Socket.emit (node:events:524:28)
    at addChunk (node:internal/streams/readable:561:12)
    --------------------
    at Protocol._enqueue (/home/appzetoa/public_html/daliyhisab/server/node_modules/mysql/lib/protocol/Protocol.js:144:48)
    at PoolConnection.query (/home/appzetoa/public_html/daliyhisab/server/node_modules/mysql/lib/Connection.js:198:25)
    at Query.<anonymous> (file:///home/appzetoa/public_html/daliyhisab/server/connection/dbConfig.js:138:22)
    at Query.<anonymous> (/home/appzetoa/public_html/daliyhisab/server/node_modules/mysql/lib/Connection.js:526:10)
    at Query._callback (/home/appzetoa/public_html/daliyhisab/server/node_modules/mysql/lib/Connection.js:488:16)
    at Sequence.end (/home/appzetoa/public_html/daliyhisab/server/node_modules/mysql/lib/protocol/sequences/Sequence.js:83:24)
    at Query._handleFinalResultPacket (/home/appzetoa/public_html/daliyhisab/server/node_modules/mysql/lib/protocol/sequences/Query.js:149:8)
    at Query.OkPacket (/home/appzetoa/public_html/daliyhisab/server/node_modules/mysql/lib/protocol/sequences/Query.js:74:10)
    at Protocol._parsePacket (/home/appzetoa/public_html/daliyhisab/server/node_modules/mysql/lib/protocol/Protocol.js:291:23)
    at Parser._parsePacket (/home/appzetoa/public_html/daliyhisab/server/node_modules/mysql/lib/protocol/Parser.js:433:10) {
  code: 'ER_NO_SUCH_TABLE',
  errno: 1146,
  sqlMessage: "Table 'appzetoa_daily_hisab.notification_master' doesn't exist",
  sqlState: '42S02',
  index: 0,
  sql: 'DELETE FROM notification_master WHERE user_id = 266'
}
❌ Query error: ER_PARSE_ERROR: You have an error in your SQL syntax; check the manual that corresponds to your MySQL server version for the right syntax to use near 'low_priority,
        COUNT(CASE WHEN priority = 2 THEN 1 END) as medium_priorit' at line 9
Query: 
      SELECT 
        COUNT(*) as total_tickets,
        COUNT(CASE WHEN delete_flag = 0 THEN 1 END...
Failed token 69: messaging/registration-token-not-registered Requested entity was not found.
Token: eEmYqrJrRBmCo9Ms0HyKjb:APA91bF...
❌ Query error: ER_PARSE_ERROR: You have an error in your SQL syntax; check the manual that corresponds to your MySQL server version for the right syntax to use near 'low_priority,
        COUNT(CASE WHEN priority = 2 THEN 1 END) as medium_priorit' at line 9
Query: 
      SELECT 
        COUNT(*) as total_tickets,
        COUNT(CASE WHEN delete_flag = 0 THEN 1 END...
Global error handler: TypeError: Cannot read properties of undefined (reading 'user_id')
    at updateUserLanguage (file:///home/appzetoa/public_html/daliyhisab/server/controller/languageController.js:138:29)
    at Layer.handleRequest (/home/appzetoa/public_html/daliyhisab/server/node_modules/router/lib/layer.js:152:17)
    at next (/home/appzetoa/public_html/daliyhisab/server/node_modules/router/lib/route.js:157:13)
    at multerMiddleware (/home/appzetoa/public_html/daliyhisab/server/node_modules/multer/lib/make-middleware.js:19:41)
    at Layer.handleRequest (/home/appzetoa/public_html/daliyhisab/server/node_modules/router/lib/layer.js:152:17)
    at next (/home/appzetoa/public_html/daliyhisab/server/node_modules/router/lib/route.js:157:13)
    at file:///home/appzetoa/public_html/daliyhisab/server/router/authentication.js:90:13
    at Query.<anonymous> (file:///home/appzetoa/public_html/daliyhisab/server/connection/dbConfig.js:155:25)
    at Query.<anonymous> (/home/appzetoa/public_html/daliyhisab/server/node_modules/mysql/lib/Connection.js:526:10)
    at Query._callback (/home/appzetoa/public_html/daliyhisab/server/node_modules/mysql/lib/Connection.js:488:16)
Global error handler: TypeError: Cannot read properties of undefined (reading 'user_id')
    at updateUserLanguage (file:///home/appzetoa/public_html/daliyhisab/server/controller/languageController.js:138:29)
    at Layer.handleRequest (/home/appzetoa/public_html/daliyhisab/server/node_modules/router/lib/layer.js:152:17)
    at next (/home/appzetoa/public_html/daliyhisab/server/node_modules/router/lib/route.js:157:13)
    at multerMiddleware (/home/appzetoa/public_html/daliyhisab/server/node_modules/multer/lib/make-middleware.js:19:41)
    at Layer.handleRequest (/home/appzetoa/public_html/daliyhisab/server/node_modules/router/lib/layer.js:152:17)
    at next (/home/appzetoa/public_html/daliyhisab/server/node_modules/router/lib/route.js:157:13)
    at file:///home/appzetoa/public_html/daliyhisab/server/router/authentication.js:90:13
    at Query.<anonymous> (file:///home/appzetoa/public_html/daliyhisab/server/connection/dbConfig.js:155:25)
    at Query.<anonymous> (/home/appzetoa/public_html/daliyhisab/server/node_modules/mysql/lib/Connection.js:526:10)
    at Query._callback (/home/appzetoa/public_html/daliyhisab/server/node_modules/mysql/lib/Connection.js:488:16)
Global error handler: TypeError: Cannot read properties of undefined (reading 'user_id')
    at updateUserLanguage (file:///home/appzetoa/public_html/daliyhisab/server/controller/languageController.js:138:29)
    at Layer.handleRequest (/home/appzetoa/public_html/daliyhisab/server/node_modules/router/lib/layer.js:152:17)
    at next (/home/appzetoa/public_html/daliyhisab/server/node_modules/router/lib/route.js:157:13)
    at multerMiddleware (/home/appzetoa/public_html/daliyhisab/server/node_modules/multer/lib/make-middleware.js:19:41)
    at Layer.handleRequest (/home/appzetoa/public_html/daliyhisab/server/node_modules/router/lib/layer.js:152:17)
    at next (/home/appzetoa/public_html/daliyhisab/server/node_modules/router/lib/route.js:157:13)
    at file:///home/appzetoa/public_html/daliyhisab/server/router/authentication.js:90:13
    at Query.<anonymous> (file:///home/appzetoa/public_html/daliyhisab/server/connection/dbConfig.js:155:25)
    at Query.<anonymous> (/home/appzetoa/public_html/daliyhisab/server/node_modules/mysql/lib/Connection.js:526:10)
    at Query._callback (/home/appzetoa/public_html/daliyhisab/server/node_modules/mysql/lib/Connection.js:488:16)
Global error handler: TypeError: Cannot read properties of undefined (reading 'user_id')
    at updateUserLanguage (file:///home/appzetoa/public_html/daliyhisab/server/controller/languageController.js:138:29)
    at Layer.handleRequest (/home/appzetoa/public_html/daliyhisab/server/node_modules/router/lib/layer.js:152:17)
    at next (/home/appzetoa/public_html/daliyhisab/server/node_modules/router/lib/route.js:157:13)
    at multerMiddleware (/home/appzetoa/public_html/daliyhisab/server/node_modules/multer/lib/make-middleware.js:19:41)
    at Layer.handleRequest (/home/appzetoa/public_html/daliyhisab/server/node_modules/router/lib/layer.js:152:17)
    at next (/home/appzetoa/public_html/daliyhisab/server/node_modules/router/lib/route.js:157:13)
    at file:///home/appzetoa/public_html/daliyhisab/server/router/authentication.js:90:13
    at Query.<anonymous> (file:///home/appzetoa/public_html/daliyhisab/server/connection/dbConfig.js:155:25)
    at Query.<anonymous> (/home/appzetoa/public_html/daliyhisab/server/node_modules/mysql/lib/Connection.js:526:10)
    at Query._callback (/home/appzetoa/public_html/daliyhisab/server/node_modules/mysql/lib/Connection.js:488:16)
Global error handler: TypeError: Cannot read properties of undefined (reading 'user_id')
    at updateUserLanguage (file:///home/appzetoa/public_html/daliyhisab/server/controller/languageController.js:138:29)
    at Layer.handleRequest (/home/appzetoa/public_html/daliyhisab/server/node_modules/router/lib/layer.js:152:17)
    at next (/home/appzetoa/public_html/daliyhisab/server/node_modules/router/lib/route.js:157:13)
    at multerMiddleware (/home/appzetoa/public_html/daliyhisab/server/node_modules/multer/lib/make-middleware.js:19:41)
    at Layer.handleRequest (/home/appzetoa/public_html/daliyhisab/server/node_modules/router/lib/layer.js:152:17)
    at next (/home/appzetoa/public_html/daliyhisab/server/node_modules/router/lib/route.js:157:13)
    at file:///home/appzetoa/public_html/daliyhisab/server/router/authentication.js:90:13
    at Query.<anonymous> (file:///home/appzetoa/public_html/daliyhisab/server/connection/dbConfig.js:155:25)
    at Query.<anonymous> (/home/appzetoa/public_html/daliyhisab/server/node_modules/mysql/lib/Connection.js:526:10)
    at Query._callback (/home/appzetoa/public_html/daliyhisab/server/node_modules/mysql/lib/Connection.js:488:16)
Global error handler: TypeError: Cannot read properties of undefined (reading 'user_id')
    at updateUserLanguage (file:///home/appzetoa/public_html/daliyhisab/server/controller/languageController.js:138:29)
    at Layer.handleRequest (/home/appzetoa/public_html/daliyhisab/server/node_modules/router/lib/layer.js:152:17)
    at next (/home/appzetoa/public_html/daliyhisab/server/node_modules/router/lib/route.js:157:13)
    at multerMiddleware (/home/appzetoa/public_html/daliyhisab/server/node_modules/multer/lib/make-middleware.js:19:41)
    at Layer.handleRequest (/home/appzetoa/public_html/daliyhisab/server/node_modules/router/lib/layer.js:152:17)
    at next (/home/appzetoa/public_html/daliyhisab/server/node_modules/router/lib/route.js:157:13)
    at file:///home/appzetoa/public_html/daliyhisab/server/router/authentication.js:90:13
    at Query.<anonymous> (file:///home/appzetoa/public_html/daliyhisab/server/connection/dbConfig.js:155:25)
    at Query.<anonymous> (/home/appzetoa/public_html/daliyhisab/server/node_modules/mysql/lib/Connection.js:526:10)
    at Query._callback (/home/appzetoa/public_html/daliyhisab/server/node_modules/mysql/lib/Connection.js:488:16)
Uncaught Exception: TypeError: Cannot read properties of null (reading 'release')
    at Query.<anonymous> (file:///home/appzetoa/public_html/daliyhisab/server/connection/dbConfig.js:221:45)
    at Query.<anonymous> (/home/appzetoa/public_html/daliyhisab/server/node_modules/mysql/lib/Connection.js:526:10)
    at Query._callback (/home/appzetoa/public_html/daliyhisab/server/node_modules/mysql/lib/Connection.js:488:16)
    at Sequence.end (/home/appzetoa/public_html/daliyhisab/server/node_modules/mysql/lib/protocol/sequences/Sequence.js:83:24)
    at Query._handleFinalResultPacket (/home/appzetoa/public_html/daliyhisab/server/node_modules/mysql/lib/protocol/sequences/Query.js:149:8)
    at Query.OkPacket (/home/appzetoa/public_html/daliyhisab/server/node_modules/mysql/lib/protocol/sequences/Query.js:74:10)
    at Protocol._parsePacket (/home/appzetoa/public_html/daliyhisab/server/node_modules/mysql/lib/protocol/Protocol.js:291:23)
    at Parser._parsePacket (/home/appzetoa/public_html/daliyhisab/server/node_modules/mysql/lib/protocol/Parser.js:433:10)
    at Parser.write (/home/appzetoa/public_html/daliyhisab/server/node_modules/mysql/lib/protocol/Parser.js:43:10)
    at Protocol.write (/home/appzetoa/public_html/daliyhisab/server/node_modules/mysql/lib/protocol/Protocol.js:38:16)
❌ Recurring Payments API Error: Status 503
Global error handler: TypeError: Cannot read properties of undefined (reading 'user_id')
    at updateUserLanguage (file:///home/appzetoa/public_html/daliyhisab/server/controller/languageController.js:138:29)
    at Layer.handleRequest (/home/appzetoa/public_html/daliyhisab/server/node_modules/router/lib/layer.js:152:17)
    at next (/home/appzetoa/public_html/daliyhisab/server/node_modules/router/lib/route.js:157:13)
    at multerMiddleware (/home/appzetoa/public_html/daliyhisab/server/node_modules/multer/lib/make-middleware.js:19:41)
    at Layer.handleRequest (/home/appzetoa/public_html/daliyhisab/server/node_modules/router/lib/layer.js:152:17)
    at next (/home/appzetoa/public_html/daliyhisab/server/node_modules/router/lib/route.js:157:13)
    at file:///home/appzetoa/public_html/daliyhisab/server/router/authentication.js:90:13
    at Query.<anonymous> (file:///home/appzetoa/public_html/daliyhisab/server/connection/dbConfig.js:155:25)
    at Query.<anonymous> (/home/appzetoa/public_html/daliyhisab/server/node_modules/mysql/lib/Connection.js:526:10)
    at Query._callback (/home/appzetoa/public_html/daliyhisab/server/node_modules/mysql/lib/Connection.js:488:16)
Global error handler: TypeError: Cannot read properties of undefined (reading 'user_id')
    at updateUserLanguage (file:///home/appzetoa/public_html/daliyhisab/server/controller/languageController.js:138:29)
    at Layer.handleRequest (/home/appzetoa/public_html/daliyhisab/server/node_modules/router/lib/layer.js:152:17)
    at next (/home/appzetoa/public_html/daliyhisab/server/node_modules/router/lib/route.js:157:13)
    at multerMiddleware (/home/appzetoa/public_html/daliyhisab/server/node_modules/multer/lib/make-middleware.js:19:41)
    at Layer.handleRequest (/home/appzetoa/public_html/daliyhisab/server/node_modules/router/lib/layer.js:152:17)
    at next (/home/appzetoa/public_html/daliyhisab/server/node_modules/router/lib/route.js:157:13)
    at file:///home/appzetoa/public_html/daliyhisab/server/router/authentication.js:90:13
    at Query.<anonymous> (file:///home/appzetoa/public_html/daliyhisab/server/connection/dbConfig.js:155:25)
    at Query.<anonymous> (/home/appzetoa/public_html/daliyhisab/server/node_modules/mysql/lib/Connection.js:526:10)
    at Query._callback (/home/appzetoa/public_html/daliyhisab/server/node_modules/mysql/lib/Connection.js:488:16)
⚠️ commit() called but no active transaction
⚠️ rollback() called but no active transaction
Uncaught Exception: TypeError: Cannot read properties of null (reading 'release')
    at Query.<anonymous> (file:///home/appzetoa/public_html/daliyhisab/server/connection/dbConfig.js:221:45)
    at Query.<anonymous> (/home/appzetoa/public_html/daliyhisab/server/node_modules/mysql/lib/Connection.js:526:10)
    at Query._callback (/home/appzetoa/public_html/daliyhisab/server/node_modules/mysql/lib/Connection.js:488:16)
    at Sequence.end (/home/appzetoa/public_html/daliyhisab/server/node_modules/mysql/lib/protocol/sequences/Sequence.js:83:24)
    at Query._handleFinalResultPacket (/home/appzetoa/public_html/daliyhisab/server/node_modules/mysql/lib/protocol/sequences/Query.js:149:8)
    at Query.OkPacket (/home/appzetoa/public_html/daliyhisab/server/node_modules/mysql/lib/protocol/sequences/Query.js:74:10)
    at Protocol._parsePacket (/home/appzetoa/public_html/daliyhisab/server/node_modules/mysql/lib/protocol/Protocol.js:291:23)
    at Parser._parsePacket (/home/appzetoa/public_html/daliyhisab/server/node_modules/mysql/lib/protocol/Parser.js:433:10)
    at Parser.write (/home/appzetoa/public_html/daliyhisab/server/node_modules/mysql/lib/protocol/Parser.js:43:10)
    at Protocol.write (/home/appzetoa/public_html/daliyhisab/server/node_modules/mysql/lib/protocol/Protocol.js:38:16)
❌ Recurring Payments API Error: Status 503
Uncaught Exception: TypeError: Cannot read properties of null (reading 'release')
    at Query.<anonymous> (file:///home/appzetoa/public_html/daliyhisab/server/connection/dbConfig.js:221:45)
    at Query.<anonymous> (/home/appzetoa/public_html/daliyhisab/server/node_modules/mysql/lib/Connection.js:526:10)
    at Query._callback (/home/appzetoa/public_html/daliyhisab/server/node_modules/mysql/lib/Connection.js:488:16)
    at Sequence.end (/home/appzetoa/public_html/daliyhisab/server/node_modules/mysql/lib/protocol/sequences/Sequence.js:83:24)
    at Query._handleFinalResultPacket (/home/appzetoa/public_html/daliyhisab/server/node_modules/mysql/lib/protocol/sequences/Query.js:149:8)
    at Query.OkPacket (/home/appzetoa/public_html/daliyhisab/server/node_modules/mysql/lib/protocol/sequences/Query.js:74:10)
    at Protocol._parsePacket (/home/appzetoa/public_html/daliyhisab/server/node_modules/mysql/lib/protocol/Protocol.js:291:23)
    at Parser._parsePacket (/home/appzetoa/public_html/daliyhisab/server/node_modules/mysql/lib/protocol/Parser.js:433:10)
    at Parser.write (/home/appzetoa/public_html/daliyhisab/server/node_modules/mysql/lib/protocol/Parser.js:43:10)
    at Protocol.write (/home/appzetoa/public_html/daliyhisab/server/node_modules/mysql/lib/protocol/Protocol.js:38:16)
❌ Recurring Payments API Error: Status 503
Uncaught Exception: TypeError: Cannot read properties of null (reading 'release')
    at Query.<anonymous> (file:///home/appzetoa/public_html/daliyhisab/server/connection/dbConfig.js:221:45)
    at Query.<anonymous> (/home/appzetoa/public_html/daliyhisab/server/node_modules/mysql/lib/Connection.js:526:10)
    at Query._callback (/home/appzetoa/public_html/daliyhisab/server/node_modules/mysql/lib/Connection.js:488:16)
    at Sequence.end (/home/appzetoa/public_html/daliyhisab/server/node_modules/mysql/lib/protocol/sequences/Sequence.js:83:24)
    at Query._handleFinalResultPacket (/home/appzetoa/public_html/daliyhisab/server/node_modules/mysql/lib/protocol/sequences/Query.js:149:8)
    at Query.OkPacket (/home/appzetoa/public_html/daliyhisab/server/node_modules/mysql/lib/protocol/sequences/Query.js:74:10)
    at Protocol._parsePacket (/home/appzetoa/public_html/daliyhisab/server/node_modules/mysql/lib/protocol/Protocol.js:291:23)
    at Parser._parsePacket (/home/appzetoa/public_html/daliyhisab/server/node_modules/mysql/lib/protocol/Parser.js:433:10)
    at Parser.write (/home/appzetoa/public_html/daliyhisab/server/node_modules/mysql/lib/protocol/Parser.js:43:10)
    at Protocol.write (/home/appzetoa/public_html/daliyhisab/server/node_modules/mysql/lib/protocol/Protocol.js:38:16)
❌ Recurring Payments API Error: Status 503
⚠️ commit() called but no active transaction
⚠️ rollback() called but no active transaction
Uncaught Exception: TypeError: Cannot read properties of null (reading 'release')
    at Query.<anonymous> (file:///home/appzetoa/public_html/daliyhisab/server/connection/dbConfig.js:221:45)
    at Query.<anonymous> (/home/appzetoa/public_html/daliyhisab/server/node_modules/mysql/lib/Connection.js:526:10)
    at Query._callback (/home/appzetoa/public_html/daliyhisab/server/node_modules/mysql/lib/Connection.js:488:16)
    at Sequence.end (/home/appzetoa/public_html/daliyhisab/server/node_modules/mysql/lib/protocol/sequences/Sequence.js:83:24)
    at Query._handleFinalResultPacket (/home/appzetoa/public_html/daliyhisab/server/node_modules/mysql/lib/protocol/sequences/Query.js:149:8)
    at Query.OkPacket (/home/appzetoa/public_html/daliyhisab/server/node_modules/mysql/lib/protocol/sequences/Query.js:74:10)
    at Protocol._parsePacket (/home/appzetoa/public_html/daliyhisab/server/node_modules/mysql/lib/protocol/Protocol.js:291:23)
    at Parser._parsePacket (/home/appzetoa/public_html/daliyhisab/server/node_modules/mysql/lib/protocol/Parser.js:433:10)
    at Parser.write (/home/appzetoa/public_html/daliyhisab/server/node_modules/mysql/lib/protocol/Parser.js:43:10)
    at Protocol.write (/home/appzetoa/public_html/daliyhisab/server/node_modules/mysql/lib/protocol/Protocol.js:38:16)
❌ Recurring Payments API Error: Status 503
Uncaught Exception: TypeError: Cannot read properties of null (reading 'release')
    at Query.<anonymous> (file:///home/appzetoa/public_html/daliyhisab/server/connection/dbConfig.js:221:45)
    at Query.<anonymous> (/home/appzetoa/public_html/daliyhisab/server/node_modules/mysql/lib/Connection.js:526:10)
    at Query._callback (/home/appzetoa/public_html/daliyhisab/server/node_modules/mysql/lib/Connection.js:488:16)
    at Sequence.end (/home/appzetoa/public_html/daliyhisab/server/node_modules/mysql/lib/protocol/sequences/Sequence.js:83:24)
    at Query._handleFinalResultPacket (/home/appzetoa/public_html/daliyhisab/server/node_modules/mysql/lib/protocol/sequences/Query.js:149:8)
    at Query.OkPacket (/home/appzetoa/public_html/daliyhisab/server/node_modules/mysql/lib/protocol/sequences/Query.js:74:10)
    at Protocol._parsePacket (/home/appzetoa/public_html/daliyhisab/server/node_modules/mysql/lib/protocol/Protocol.js:291:23)
    at Parser._parsePacket (/home/appzetoa/public_html/daliyhisab/server/node_modules/mysql/lib/protocol/Parser.js:433:10)
    at Parser.write (/home/appzetoa/public_html/daliyhisab/server/node_modules/mysql/lib/protocol/Parser.js:43:10)
    at Protocol.write (/home/appzetoa/public_html/daliyhisab/server/node_modules/mysql/lib/protocol/Protocol.js:38:16)
⚠️ commit() called but no active transaction
⚠️ rollback() called but no active transaction
Uncaught Exception: TypeError: Cannot read properties of null (reading 'release')
    at Query.<anonymous> (file:///home/appzetoa/public_html/daliyhisab/server/connection/dbConfig.js:221:45)
    at Query.<anonymous> (/home/appzetoa/public_html/daliyhisab/server/node_modules/mysql/lib/Connection.js:526:10)
    at Query._callback (/home/appzetoa/public_html/daliyhisab/server/node_modules/mysql/lib/Connection.js:488:16)
    at Sequence.end (/home/appzetoa/public_html/daliyhisab/server/node_modules/mysql/lib/protocol/sequences/Sequence.js:83:24)
    at Query._handleFinalResultPacket (/home/appzetoa/public_html/daliyhisab/server/node_modules/mysql/lib/protocol/sequences/Query.js:149:8)
    at Query.OkPacket (/home/appzetoa/public_html/daliyhisab/server/node_modules/mysql/lib/protocol/sequences/Query.js:74:10)
    at Protocol._parsePacket (/home/appzetoa/public_html/daliyhisab/server/node_modules/mysql/lib/protocol/Protocol.js:291:23)
    at Parser._parsePacket (/home/appzetoa/public_html/daliyhisab/server/node_modules/mysql/lib/protocol/Parser.js:433:10)
    at Parser.write (/home/appzetoa/public_html/daliyhisab/server/node_modules/mysql/lib/protocol/Parser.js:43:10)
    at Protocol.write (/home/appzetoa/public_html/daliyhisab/server/node_modules/mysql/lib/protocol/Protocol.js:38:16)
❌ Recurring Payments API Error: Status 503
Uncaught Exception: TypeError: Cannot read properties of null (reading 'release')
    at Query.<anonymous> (file:///home/appzetoa/public_html/daliyhisab/server/connection/dbConfig.js:221:45)
    at Query.<anonymous> (/home/appzetoa/public_html/daliyhisab/server/node_modules/mysql/lib/Connection.js:526:10)
    at Query._callback (/home/appzetoa/public_html/daliyhisab/server/node_modules/mysql/lib/Connection.js:488:16)
    at Sequence.end (/home/appzetoa/public_html/daliyhisab/server/node_modules/mysql/lib/protocol/sequences/Sequence.js:83:24)
    at Query._handleFinalResultPacket (/home/appzetoa/public_html/daliyhisab/server/node_modules/mysql/lib/protocol/sequences/Query.js:149:8)
    at Query.OkPacket (/home/appzetoa/public_html/daliyhisab/server/node_modules/mysql/lib/protocol/sequences/Query.js:74:10)
    at Protocol._parsePacket (/home/appzetoa/public_html/daliyhisab/server/node_modules/mysql/lib/protocol/Protocol.js:291:23)
    at Parser._parsePacket (/home/appzetoa/public_html/daliyhisab/server/node_modules/mysql/lib/protocol/Parser.js:433:10)
    at Parser.write (/home/appzetoa/public_html/daliyhisab/server/node_modules/mysql/lib/protocol/Parser.js:43:10)
    at Protocol.write (/home/appzetoa/public_html/daliyhisab/server/node_modules/mysql/lib/protocol/Protocol.js:38:16)
❌ Recurring Payments API Error: Status 503
Uncaught Exception: TypeError: Cannot read properties of null (reading 'release')
    at Query.<anonymous> (file:///home/appzetoa/public_html/daliyhisab/server/connection/dbConfig.js:221:45)
    at Query.<anonymous> (/home/appzetoa/public_html/daliyhisab/server/node_modules/mysql/lib/Connection.js:526:10)
    at Query._callback (/home/appzetoa/public_html/daliyhisab/server/node_modules/mysql/lib/Connection.js:488:16)
    at Sequence.end (/home/appzetoa/public_html/daliyhisab/server/node_modules/mysql/lib/protocol/sequences/Sequence.js:83:24)
    at Query._handleFinalResultPacket (/home/appzetoa/public_html/daliyhisab/server/node_modules/mysql/lib/protocol/sequences/Query.js:149:8)
    at Query.OkPacket (/home/appzetoa/public_html/daliyhisab/server/node_modules/mysql/lib/protocol/sequences/Query.js:74:10)
    at Protocol._parsePacket (/home/appzetoa/public_html/daliyhisab/server/node_modules/mysql/lib/protocol/Protocol.js:291:23)
    at Parser._parsePacket (/home/appzetoa/public_html/daliyhisab/server/node_modules/mysql/lib/protocol/Parser.js:433:10)
    at Parser.write (/home/appzetoa/public_html/daliyhisab/server/node_modules/mysql/lib/protocol/Parser.js:43:10)
    at Protocol.write (/home/appzetoa/public_html/daliyhisab/server/node_modules/mysql/lib/protocol/Protocol.js:38:16)
❌ Recurring Payments API Error: Status 503
Uncaught Exception: TypeError: Cannot read properties of null (reading 'release')
    at Query.<anonymous> (file:///home/appzetoa/public_html/daliyhisab/server/connection/dbConfig.js:221:45)
    at Query.<anonymous> (/home/appzetoa/public_html/daliyhisab/server/node_modules/mysql/lib/Connection.js:526:10)
    at Query._callback (/home/appzetoa/public_html/daliyhisab/server/node_modules/mysql/lib/Connection.js:488:16)
    at Sequence.end (/home/appzetoa/public_html/daliyhisab/server/node_modules/mysql/lib/protocol/sequences/Sequence.js:83:24)
    at Query._handleFinalResultPacket (/home/appzetoa/public_html/daliyhisab/server/node_modules/mysql/lib/protocol/sequences/Query.js:149:8)
    at Query.OkPacket (/home/appzetoa/public_html/daliyhisab/server/node_modules/mysql/lib/protocol/sequences/Query.js:74:10)
    at Protocol._parsePacket (/home/appzetoa/public_html/daliyhisab/server/node_modules/mysql/lib/protocol/Protocol.js:291:23)
    at Parser._parsePacket (/home/appzetoa/public_html/daliyhisab/server/node_modules/mysql/lib/protocol/Parser.js:433:10)
    at Parser.write (/home/appzetoa/public_html/daliyhisab/server/node_modules/mysql/lib/protocol/Parser.js:43:10)
    at Protocol.write (/home/appzetoa/public_html/daliyhisab/server/node_modules/mysql/lib/protocol/Protocol.js:38:16)
❌ Recurring Payments API Error: Status 503
Uncaught Exception: TypeError: Cannot read properties of null (reading 'release')
    at Query.<anonymous> (file:///home/appzetoa/public_html/daliyhisab/server/connection/dbConfig.js:221:45)
    at Query.<anonymous> (/home/appzetoa/public_html/daliyhisab/server/node_modules/mysql/lib/Connection.js:526:10)
    at Query._callback (/home/appzetoa/public_html/daliyhisab/server/node_modules/mysql/lib/Connection.js:488:16)
    at Sequence.end (/home/appzetoa/public_html/daliyhisab/server/node_modules/mysql/lib/protocol/sequences/Sequence.js:83:24)
    at Query._handleFinalResultPacket (/home/appzetoa/public_html/daliyhisab/server/node_modules/mysql/lib/protocol/sequences/Query.js:149:8)
    at Query.OkPacket (/home/appzetoa/public_html/daliyhisab/server/node_modules/mysql/lib/protocol/sequences/Query.js:74:10)
    at Protocol._parsePacket (/home/appzetoa/public_html/daliyhisab/server/node_modules/mysql/lib/protocol/Protocol.js:291:23)
    at Parser._parsePacket (/home/appzetoa/public_html/daliyhisab/server/node_modules/mysql/lib/protocol/Parser.js:433:10)
    at Parser.write (/home/appzetoa/public_html/daliyhisab/server/node_modules/mysql/lib/protocol/Parser.js:43:10)
    at Protocol.write (/home/appzetoa/public_html/daliyhisab/server/node_modules/mysql/lib/protocol/Protocol.js:38:16)
❌ Recurring Payments API Error: Status 503
Uncaught Exception: TypeError: Cannot read properties of null (reading 'release')
    at Query.<anonymous> (file:///home/appzetoa/public_html/daliyhisab/server/connection/dbConfig.js:221:45)
    at Query.<anonymous> (/home/appzetoa/public_html/daliyhisab/server/node_modules/mysql/lib/Connection.js:526:10)
    at Query._callback (/home/appzetoa/public_html/daliyhisab/server/node_modules/mysql/lib/Connection.js:488:16)
    at Sequence.end (/home/appzetoa/public_html/daliyhisab/server/node_modules/mysql/lib/protocol/sequences/Sequence.js:83:24)
    at Query._handleFinalResultPacket (/home/appzetoa/public_html/daliyhisab/server/node_modules/mysql/lib/protocol/sequences/Query.js:149:8)
    at Query.OkPacket (/home/appzetoa/public_html/daliyhisab/server/node_modules/mysql/lib/protocol/sequences/Query.js:74:10)
    at Protocol._parsePacket (/home/appzetoa/public_html/daliyhisab/server/node_modules/mysql/lib/protocol/Protocol.js:291:23)
    at Parser._parsePacket (/home/appzetoa/public_html/daliyhisab/server/node_modules/mysql/lib/protocol/Parser.js:433:10)
    at Parser.write (/home/appzetoa/public_html/daliyhisab/server/node_modules/mysql/lib/protocol/Parser.js:43:10)
    at Protocol.write (/home/appzetoa/public_html/daliyhisab/server/node_modules/mysql/lib/protocol/Protocol.js:38:16)
❌ Recurring Payments API Error: Status 503
❌ Query error: ER_LOCK_WAIT_TIMEOUT: Lock wait timeout exceeded; try restarting transaction
Query: 
                          UPDATE recurring_payments 
                          SET execution_count ...
❌ Query error in transaction: ER_LOCK_WAIT_TIMEOUT: Lock wait timeout exceeded; try restarting transaction
Query: 
                          UPDATE recurring_payments 
                          SET execution_count ...
⚠️ commit() called but no active transaction
⚠️ rollback() called but no active transaction
   ⚠️  Errors: 2 payments failed
Uncaught Exception: TypeError: Cannot read properties of null (reading 'release')
    at Query.<anonymous> (file:///home/appzetoa/public_html/daliyhisab/server/connection/dbConfig.js:221:45)
    at Query.<anonymous> (/home/appzetoa/public_html/daliyhisab/server/node_modules/mysql/lib/Connection.js:526:10)
    at Query._callback (/home/appzetoa/public_html/daliyhisab/server/node_modules/mysql/lib/Connection.js:488:16)
    at Sequence.end (/home/appzetoa/public_html/daliyhisab/server/node_modules/mysql/lib/protocol/sequences/Sequence.js:83:24)
    at Query._handleFinalResultPacket (/home/appzetoa/public_html/daliyhisab/server/node_modules/mysql/lib/protocol/sequences/Query.js:149:8)
    at Query.OkPacket (/home/appzetoa/public_html/daliyhisab/server/node_modules/mysql/lib/protocol/sequences/Query.js:74:10)
    at Protocol._parsePacket (/home/appzetoa/public_html/daliyhisab/server/node_modules/mysql/lib/protocol/Protocol.js:291:23)
    at Parser._parsePacket (/home/appzetoa/public_html/daliyhisab/server/node_modules/mysql/lib/protocol/Parser.js:433:10)
    at Parser.write (/home/appzetoa/public_html/daliyhisab/server/node_modules/mysql/lib/protocol/Parser.js:43:10)
    at Protocol.write (/home/appzetoa/public_html/daliyhisab/server/node_modules/mysql/lib/protocol/Protocol.js:38:16)
Uncaught Exception: TypeError: Cannot read properties of null (reading 'release')
    at Query.<anonymous> (file:///home/appzetoa/public_html/daliyhisab/server/connection/dbConfig.js:221:45)
    at Query.<anonymous> (/home/appzetoa/public_html/daliyhisab/server/node_modules/mysql/lib/Connection.js:526:10)
    at Query._callback (/home/appzetoa/public_html/daliyhisab/server/node_modules/mysql/lib/Connection.js:488:16)
    at Sequence.end (/home/appzetoa/public_html/daliyhisab/server/node_modules/mysql/lib/protocol/sequences/Sequence.js:83:24)
    at Query._handleFinalResultPacket (/home/appzetoa/public_html/daliyhisab/server/node_modules/mysql/lib/protocol/sequences/Query.js:149:8)
    at Query.OkPacket (/home/appzetoa/public_html/daliyhisab/server/node_modules/mysql/lib/protocol/sequences/Query.js:74:10)
    at Protocol._parsePacket (/home/appzetoa/public_html/daliyhisab/server/node_modules/mysql/lib/protocol/Protocol.js:291:23)
    at Parser._parsePacket (/home/appzetoa/public_html/daliyhisab/server/node_modules/mysql/lib/protocol/Parser.js:433:10)
    at Parser.write (/home/appzetoa/public_html/daliyhisab/server/node_modules/mysql/lib/protocol/Parser.js:43:10)
    at Protocol.write (/home/appzetoa/public_html/daliyhisab/server/node_modules/mysql/lib/protocol/Protocol.js:38:16)
Uncaught Exception: TypeError: Cannot read properties of null (reading 'release')
    at Query.<anonymous> (file:///home/appzetoa/public_html/daliyhisab/server/connection/dbConfig.js:221:45)
    at Query.<anonymous> (/home/appzetoa/public_html/daliyhisab/server/node_modules/mysql/lib/Connection.js:526:10)
    at Query._callback (/home/appzetoa/public_html/daliyhisab/server/node_modules/mysql/lib/Connection.js:488:16)
    at Sequence.end (/home/appzetoa/public_html/daliyhisab/server/node_modules/mysql/lib/protocol/sequences/Sequence.js:83:24)
    at Query._handleFinalResultPacket (/home/appzetoa/public_html/daliyhisab/server/node_modules/mysql/lib/protocol/sequences/Query.js:149:8)
    at Query.OkPacket (/home/appzetoa/public_html/daliyhisab/server/node_modules/mysql/lib/protocol/sequences/Query.js:74:10)
    at Protocol._parsePacket (/home/appzetoa/public_html/daliyhisab/server/node_modules/mysql/lib/protocol/Protocol.js:291:23)
    at Parser._parsePacket (/home/appzetoa/public_html/daliyhisab/server/node_modules/mysql/lib/protocol/Parser.js:433:10)
    at Parser.write (/home/appzetoa/public_html/daliyhisab/server/node_modules/mysql/lib/protocol/Parser.js:43:10)
    at Protocol.write (/home/appzetoa/public_html/daliyhisab/server/node_modules/mysql/lib/protocol/Protocol.js:38:16)
Uncaught Exception: TypeError: Cannot read properties of null (reading 'release')
    at Query.<anonymous> (file:///home/appzetoa/public_html/daliyhisab/server/connection/dbConfig.js:221:45)
    at Query.<anonymous> (/home/appzetoa/public_html/daliyhisab/server/node_modules/mysql/lib/Connection.js:526:10)
    at Query._callback (/home/appzetoa/public_html/daliyhisab/server/node_modules/mysql/lib/Connection.js:488:16)
    at Sequence.end (/home/appzetoa/public_html/daliyhisab/server/node_modules/mysql/lib/protocol/sequences/Sequence.js:83:24)
    at Query._handleFinalResultPacket (/home/appzetoa/public_html/daliyhisab/server/node_modules/mysql/lib/protocol/sequences/Query.js:149:8)
    at Query.OkPacket (/home/appzetoa/public_html/daliyhisab/server/node_modules/mysql/lib/protocol/sequences/Query.js:74:10)
    at Protocol._parsePacket (/home/appzetoa/public_html/daliyhisab/server/node_modules/mysql/lib/protocol/Protocol.js:291:23)
    at Parser._parsePacket (/home/appzetoa/public_html/daliyhisab/server/node_modules/mysql/lib/protocol/Parser.js:433:10)
    at Parser.write (/home/appzetoa/public_html/daliyhisab/server/node_modules/mysql/lib/protocol/Parser.js:43:10)
    at Protocol.write (/home/appzetoa/public_html/daliyhisab/server/node_modules/mysql/lib/protocol/Protocol.js:38:16)
❌ Recurring Payments API Error: Status 503
❌ Query error: ER_PARSE_ERROR: You have an error in your SQL syntax; check the manual that corresponds to your MySQL server version for the right syntax to use near 'low_priority,
        COUNT(CASE WHEN priority = 2 THEN 1 END) as medium_priorit' at line 9
Query: 
      SELECT 
        COUNT(*) as total_tickets,
        COUNT(CASE WHEN delete_flag = 0 THEN 1 END...
Error sending to single token: FirebaseMessagingError: NotRegistered
    at FirebaseMessagingError.fromServerError (/home/appzetoa/public_html/daliyhisab/server/node_modules/firebase-admin/lib/utils/error.js:269:16)
    at createFirebaseError (/home/appzetoa/public_html/daliyhisab/server/node_modules/firebase-admin/lib/messaging/messaging-errors-internal.js:36:47)
    at /home/appzetoa/public_html/daliyhisab/server/node_modules/firebase-admin/lib/messaging/messaging-api-request-internal.js:74:75
    at process.processTicksAndRejections (node:internal/process/task_queues:95:5)
    at async Object.sendToUsers (file:///home/appzetoa/public_html/daliyhisab/server/controller/notificationController.js:103:28)
    at async file:///home/appzetoa/public_html/daliyhisab/server/controller/adminController.js:2257:42 {
  errorInfo: {
    code: 'messaging/registration-token-not-registered',
    message: 'NotRegistered'
  },
  codePrefix: 'messaging'
}
⚠️ Failed to send notification to user 444: NotRegistered
❌ Query error: ER_NO_SUCH_TABLE: Table 'appzetoa_daily_hisab.reminder_master' doesn't exist
Query: DELETE FROM reminder_master WHERE user_id = ?...
Error deleting reminders: Error: ER_NO_SUCH_TABLE: Table 'appzetoa_daily_hisab.reminder_master' doesn't exist
    at Sequence._packetToError (/home/appzetoa/public_html/daliyhisab/server/node_modules/mysql/lib/protocol/sequences/Sequence.js:47:14)
    at Query.ErrorPacket (/home/appzetoa/public_html/daliyhisab/server/node_modules/mysql/lib/protocol/sequences/Query.js:79:18)
    at Protocol._parsePacket (/home/appzetoa/public_html/daliyhisab/server/node_modules/mysql/lib/protocol/Protocol.js:291:23)
    at Parser._parsePacket (/home/appzetoa/public_html/daliyhisab/server/node_modules/mysql/lib/protocol/Parser.js:433:10)
    at Parser.write (/home/appzetoa/public_html/daliyhisab/server/node_modules/mysql/lib/protocol/Parser.js:43:10)
    at Protocol.write (/home/appzetoa/public_html/daliyhisab/server/node_modules/mysql/lib/protocol/Protocol.js:38:16)
    at Socket.<anonymous> (/home/appzetoa/public_html/daliyhisab/server/node_modules/mysql/lib/Connection.js:88:28)
    at Socket.<anonymous> (/home/appzetoa/public_html/daliyhisab/server/node_modules/mysql/lib/Connection.js:526:10)
    at Socket.emit (node:events:524:28)
    at addChunk (node:internal/streams/readable:561:12)
    --------------------
    at Protocol._enqueue (/home/appzetoa/public_html/daliyhisab/server/node_modules/mysql/lib/protocol/Protocol.js:144:48)
    at PoolConnection.query (/home/appzetoa/public_html/daliyhisab/server/node_modules/mysql/lib/Connection.js:198:25)
    at Query.<anonymous> (file:///home/appzetoa/public_html/daliyhisab/server/connection/dbConfig.js:138:22)
    at Query.<anonymous> (/home/appzetoa/public_html/daliyhisab/server/node_modules/mysql/lib/Connection.js:526:10)
    at Query._callback (/home/appzetoa/public_html/daliyhisab/server/node_modules/mysql/lib/Connection.js:488:16)
    at Sequence.end (/home/appzetoa/public_html/daliyhisab/server/node_modules/mysql/lib/protocol/sequences/Sequence.js:83:24)
    at Query._handleFinalResultPacket (/home/appzetoa/public_html/daliyhisab/server/node_modules/mysql/lib/protocol/sequences/Query.js:149:8)
    at Query.OkPacket (/home/appzetoa/public_html/daliyhisab/server/node_modules/mysql/lib/protocol/sequences/Query.js:74:10)
    at Protocol._parsePacket (/home/appzetoa/public_html/daliyhisab/server/node_modules/mysql/lib/protocol/Protocol.js:291:23)
    at Parser._parsePacket (/home/appzetoa/public_html/daliyhisab/server/node_modules/mysql/lib/protocol/Parser.js:433:10) {
  code: 'ER_NO_SUCH_TABLE',
  errno: 1146,
  sqlMessage: "Table 'appzetoa_daily_hisab.reminder_master' doesn't exist",
  sqlState: '42S02',
  index: 0,
  sql: 'DELETE FROM reminder_master WHERE user_id = 444'
}
❌ Query error: ER_NO_SUCH_TABLE: Table 'appzetoa_daily_hisab.recurring_payment_master' doesn't exist
Query: DELETE FROM recurring_payment_master WHERE user_id = ?...
Error deleting recurring payments: Error: ER_NO_SUCH_TABLE: Table 'appzetoa_daily_hisab.recurring_payment_master' doesn't exist
    at Sequence._packetToError (/home/appzetoa/public_html/daliyhisab/server/node_modules/mysql/lib/protocol/sequences/Sequence.js:47:14)
    at Query.ErrorPacket (/home/appzetoa/public_html/daliyhisab/server/node_modules/mysql/lib/protocol/sequences/Query.js:79:18)
    at Protocol._parsePacket (/home/appzetoa/public_html/daliyhisab/server/node_modules/mysql/lib/protocol/Protocol.js:291:23)
    at Parser._parsePacket (/home/appzetoa/public_html/daliyhisab/server/node_modules/mysql/lib/protocol/Parser.js:433:10)
    at Parser.write (/home/appzetoa/public_html/daliyhisab/server/node_modules/mysql/lib/protocol/Parser.js:43:10)
    at Protocol.write (/home/appzetoa/public_html/daliyhisab/server/node_modules/mysql/lib/protocol/Protocol.js:38:16)
    at Socket.<anonymous> (/home/appzetoa/public_html/daliyhisab/server/node_modules/mysql/lib/Connection.js:88:28)
    at Socket.<anonymous> (/home/appzetoa/public_html/daliyhisab/server/node_modules/mysql/lib/Connection.js:526:10)
    at Socket.emit (node:events:524:28)
    at addChunk (node:internal/streams/readable:561:12)
    --------------------
    at Protocol._enqueue (/home/appzetoa/public_html/daliyhisab/server/node_modules/mysql/lib/protocol/Protocol.js:144:48)
    at PoolConnection.query (/home/appzetoa/public_html/daliyhisab/server/node_modules/mysql/lib/Connection.js:198:25)
    at Query.<anonymous> (file:///home/appzetoa/public_html/daliyhisab/server/connection/dbConfig.js:138:22)
    at Query.<anonymous> (/home/appzetoa/public_html/daliyhisab/server/node_modules/mysql/lib/Connection.js:526:10)
    at Query._callback (/home/appzetoa/public_html/daliyhisab/server/node_modules/mysql/lib/Connection.js:488:16)
    at Sequence.end (/home/appzetoa/public_html/daliyhisab/server/node_modules/mysql/lib/protocol/sequences/Sequence.js:83:24)
    at Query._handleFinalResultPacket (/home/appzetoa/public_html/daliyhisab/server/node_modules/mysql/lib/protocol/sequences/Query.js:149:8)
    at Query.OkPacket (/home/appzetoa/public_html/daliyhisab/server/node_modules/mysql/lib/protocol/sequences/Query.js:74:10)
    at Protocol._parsePacket (/home/appzetoa/public_html/daliyhisab/server/node_modules/mysql/lib/protocol/Protocol.js:291:23)
    at Parser._parsePacket (/home/appzetoa/public_html/daliyhisab/server/node_modules/mysql/lib/protocol/Parser.js:433:10) {
  code: 'ER_NO_SUCH_TABLE',
  errno: 1146,
  sqlMessage: "Table 'appzetoa_daily_hisab.recurring_payment_master' doesn't exist",
  sqlState: '42S02',
  index: 0,
  sql: 'DELETE FROM recurring_payment_master WHERE user_id = 444'
}
❌ Query error: ER_NO_SUCH_TABLE: Table 'appzetoa_daily_hisab.notification_master' doesn't exist
Query: DELETE FROM notification_master WHERE user_id = ?...
Error deleting notifications: Error: ER_NO_SUCH_TABLE: Table 'appzetoa_daily_hisab.notification_master' doesn't exist
    at Sequence._packetToError (/home/appzetoa/public_html/daliyhisab/server/node_modules/mysql/lib/protocol/sequences/Sequence.js:47:14)
    at Query.ErrorPacket (/home/appzetoa/public_html/daliyhisab/server/node_modules/mysql/lib/protocol/sequences/Query.js:79:18)
    at Protocol._parsePacket (/home/appzetoa/public_html/daliyhisab/server/node_modules/mysql/lib/protocol/Protocol.js:291:23)
    at Parser._parsePacket (/home/appzetoa/public_html/daliyhisab/server/node_modules/mysql/lib/protocol/Parser.js:433:10)
    at Parser.write (/home/appzetoa/public_html/daliyhisab/server/node_modules/mysql/lib/protocol/Parser.js:43:10)
    at Protocol.write (/home/appzetoa/public_html/daliyhisab/server/node_modules/mysql/lib/protocol/Protocol.js:38:16)
    at Socket.<anonymous> (/home/appzetoa/public_html/daliyhisab/server/node_modules/mysql/lib/Connection.js:88:28)
    at Socket.<anonymous> (/home/appzetoa/public_html/daliyhisab/server/node_modules/mysql/lib/Connection.js:526:10)
    at Socket.emit (node:events:524:28)
    at addChunk (node:internal/streams/readable:561:12)
    --------------------
    at Protocol._enqueue (/home/appzetoa/public_html/daliyhisab/server/node_modules/mysql/lib/protocol/Protocol.js:144:48)
    at PoolConnection.query (/home/appzetoa/public_html/daliyhisab/server/node_modules/mysql/lib/Connection.js:198:25)
    at Query.<anonymous> (file:///home/appzetoa/public_html/daliyhisab/server/connection/dbConfig.js:138:22)
    at Query.<anonymous> (/home/appzetoa/public_html/daliyhisab/server/node_modules/mysql/lib/Connection.js:526:10)
    at Query._callback (/home/appzetoa/public_html/daliyhisab/server/node_modules/mysql/lib/Connection.js:488:16)
    at Sequence.end (/home/appzetoa/public_html/daliyhisab/server/node_modules/mysql/lib/protocol/sequences/Sequence.js:83:24)
    at Query._handleFinalResultPacket (/home/appzetoa/public_html/daliyhisab/server/node_modules/mysql/lib/protocol/sequences/Query.js:149:8)
    at Query.OkPacket (/home/appzetoa/public_html/daliyhisab/server/node_modules/mysql/lib/protocol/sequences/Query.js:74:10)
    at Protocol._parsePacket (/home/appzetoa/public_html/daliyhisab/server/node_modules/mysql/lib/protocol/Protocol.js:291:23)
    at Parser._parsePacket (/home/appzetoa/public_html/daliyhisab/server/node_modules/mysql/lib/protocol/Parser.js:433:10) {
  code: 'ER_NO_SUCH_TABLE',
  errno: 1146,
  sqlMessage: "Table 'appzetoa_daily_hisab.notification_master' doesn't exist",
  sqlState: '42S02',
  index: 0,
  sql: 'DELETE FROM notification_master WHERE user_id = 444'
}
❌ Query error: ER_NO_SUCH_TABLE: Table 'appzetoa_daily_hisab.reminder_master' doesn't exist
Query: DELETE FROM reminder_master WHERE user_id = ?...
Error deleting reminders: Error: ER_NO_SUCH_TABLE: Table 'appzetoa_daily_hisab.reminder_master' doesn't exist
    at Sequence._packetToError (/home/appzetoa/public_html/daliyhisab/server/node_modules/mysql/lib/protocol/sequences/Sequence.js:47:14)
    at Query.ErrorPacket (/home/appzetoa/public_html/daliyhisab/server/node_modules/mysql/lib/protocol/sequences/Query.js:79:18)
    at Protocol._parsePacket (/home/appzetoa/public_html/daliyhisab/server/node_modules/mysql/lib/protocol/Protocol.js:291:23)
    at Parser._parsePacket (/home/appzetoa/public_html/daliyhisab/server/node_modules/mysql/lib/protocol/Parser.js:433:10)
    at Parser.write (/home/appzetoa/public_html/daliyhisab/server/node_modules/mysql/lib/protocol/Parser.js:43:10)
    at Protocol.write (/home/appzetoa/public_html/daliyhisab/server/node_modules/mysql/lib/protocol/Protocol.js:38:16)
    at Socket.<anonymous> (/home/appzetoa/public_html/daliyhisab/server/node_modules/mysql/lib/Connection.js:88:28)
    at Socket.<anonymous> (/home/appzetoa/public_html/daliyhisab/server/node_modules/mysql/lib/Connection.js:526:10)
    at Socket.emit (node:events:524:28)
    at addChunk (node:internal/streams/readable:561:12)
    --------------------
    at Protocol._enqueue (/home/appzetoa/public_html/daliyhisab/server/node_modules/mysql/lib/protocol/Protocol.js:144:48)
    at PoolConnection.query (/home/appzetoa/public_html/daliyhisab/server/node_modules/mysql/lib/Connection.js:198:25)
    at Query.<anonymous> (file:///home/appzetoa/public_html/daliyhisab/server/connection/dbConfig.js:138:22)
    at Query.<anonymous> (/home/appzetoa/public_html/daliyhisab/server/node_modules/mysql/lib/Connection.js:526:10)
    at Query._callback (/home/appzetoa/public_html/daliyhisab/server/node_modules/mysql/lib/Connection.js:488:16)
    at Sequence.end (/home/appzetoa/public_html/daliyhisab/server/node_modules/mysql/lib/protocol/sequences/Sequence.js:83:24)
    at Query._handleFinalResultPacket (/home/appzetoa/public_html/daliyhisab/server/node_modules/mysql/lib/protocol/sequences/Query.js:149:8)
    at Query.OkPacket (/home/appzetoa/public_html/daliyhisab/server/node_modules/mysql/lib/protocol/sequences/Query.js:74:10)
    at Protocol._parsePacket (/home/appzetoa/public_html/daliyhisab/server/node_modules/mysql/lib/protocol/Protocol.js:291:23)
    at Parser._parsePacket (/home/appzetoa/public_html/daliyhisab/server/node_modules/mysql/lib/protocol/Parser.js:433:10) {
  code: 'ER_NO_SUCH_TABLE',
  errno: 1146,
  sqlMessage: "Table 'appzetoa_daily_hisab.reminder_master' doesn't exist",
  sqlState: '42S02',
  index: 0,
  sql: 'DELETE FROM reminder_master WHERE user_id = 456'
}
❌ Query error: ER_NO_SUCH_TABLE: Table 'appzetoa_daily_hisab.recurring_payment_master' doesn't exist
Query: DELETE FROM recurring_payment_master WHERE user_id = ?...
Error deleting recurring payments: Error: ER_NO_SUCH_TABLE: Table 'appzetoa_daily_hisab.recurring_payment_master' doesn't exist
    at Sequence._packetToError (/home/appzetoa/public_html/daliyhisab/server/node_modules/mysql/lib/protocol/sequences/Sequence.js:47:14)
    at Query.ErrorPacket (/home/appzetoa/public_html/daliyhisab/server/node_modules/mysql/lib/protocol/sequences/Query.js:79:18)
    at Protocol._parsePacket (/home/appzetoa/public_html/daliyhisab/server/node_modules/mysql/lib/protocol/Protocol.js:291:23)
    at Parser._parsePacket (/home/appzetoa/public_html/daliyhisab/server/node_modules/mysql/lib/protocol/Parser.js:433:10)
    at Parser.write (/home/appzetoa/public_html/daliyhisab/server/node_modules/mysql/lib/protocol/Parser.js:43:10)
    at Protocol.write (/home/appzetoa/public_html/daliyhisab/server/node_modules/mysql/lib/protocol/Protocol.js:38:16)
    at Socket.<anonymous> (/home/appzetoa/public_html/daliyhisab/server/node_modules/mysql/lib/Connection.js:88:28)
    at Socket.<anonymous> (/home/appzetoa/public_html/daliyhisab/server/node_modules/mysql/lib/Connection.js:526:10)
    at Socket.emit (node:events:524:28)
    at addChunk (node:internal/streams/readable:561:12)
    --------------------
    at Protocol._enqueue (/home/appzetoa/public_html/daliyhisab/server/node_modules/mysql/lib/protocol/Protocol.js:144:48)
    at PoolConnection.query (/home/appzetoa/public_html/daliyhisab/server/node_modules/mysql/lib/Connection.js:198:25)
    at Query.<anonymous> (file:///home/appzetoa/public_html/daliyhisab/server/connection/dbConfig.js:138:22)
    at Query.<anonymous> (/home/appzetoa/public_html/daliyhisab/server/node_modules/mysql/lib/Connection.js:526:10)
    at Query._callback (/home/appzetoa/public_html/daliyhisab/server/node_modules/mysql/lib/Connection.js:488:16)
    at Sequence.end (/home/appzetoa/public_html/daliyhisab/server/node_modules/mysql/lib/protocol/sequences/Sequence.js:83:24)
    at Query._handleFinalResultPacket (/home/appzetoa/public_html/daliyhisab/server/node_modules/mysql/lib/protocol/sequences/Query.js:149:8)
    at Query.OkPacket (/home/appzetoa/public_html/daliyhisab/server/node_modules/mysql/lib/protocol/sequences/Query.js:74:10)
    at Protocol._parsePacket (/home/appzetoa/public_html/daliyhisab/server/node_modules/mysql/lib/protocol/Protocol.js:291:23)
    at Parser._parsePacket (/home/appzetoa/public_html/daliyhisab/server/node_modules/mysql/lib/protocol/Parser.js:433:10) {
  code: 'ER_NO_SUCH_TABLE',
  errno: 1146,
  sqlMessage: "Table 'appzetoa_daily_hisab.recurring_payment_master' doesn't exist",
  sqlState: '42S02',
  index: 0,
  sql: 'DELETE FROM recurring_payment_master WHERE user_id = 456'
}
❌ Query error: ER_NO_SUCH_TABLE: Table 'appzetoa_daily_hisab.notification_master' doesn't exist
Query: DELETE FROM notification_master WHERE user_id = ?...
Error deleting notifications: Error: ER_NO_SUCH_TABLE: Table 'appzetoa_daily_hisab.notification_master' doesn't exist
    at Sequence._packetToError (/home/appzetoa/public_html/daliyhisab/server/node_modules/mysql/lib/protocol/sequences/Sequence.js:47:14)
    at Query.ErrorPacket (/home/appzetoa/public_html/daliyhisab/server/node_modules/mysql/lib/protocol/sequences/Query.js:79:18)
    at Protocol._parsePacket (/home/appzetoa/public_html/daliyhisab/server/node_modules/mysql/lib/protocol/Protocol.js:291:23)
    at Parser._parsePacket (/home/appzetoa/public_html/daliyhisab/server/node_modules/mysql/lib/protocol/Parser.js:433:10)
    at Parser.write (/home/appzetoa/public_html/daliyhisab/server/node_modules/mysql/lib/protocol/Parser.js:43:10)
    at Protocol.write (/home/appzetoa/public_html/daliyhisab/server/node_modules/mysql/lib/protocol/Protocol.js:38:16)
    at Socket.<anonymous> (/home/appzetoa/public_html/daliyhisab/server/node_modules/mysql/lib/Connection.js:88:28)
    at Socket.<anonymous> (/home/appzetoa/public_html/daliyhisab/server/node_modules/mysql/lib/Connection.js:526:10)
    at Socket.emit (node:events:524:28)
    at addChunk (node:internal/streams/readable:561:12)
    --------------------
    at Protocol._enqueue (/home/appzetoa/public_html/daliyhisab/server/node_modules/mysql/lib/protocol/Protocol.js:144:48)
    at PoolConnection.query (/home/appzetoa/public_html/daliyhisab/server/node_modules/mysql/lib/Connection.js:198:25)
    at Query.<anonymous> (file:///home/appzetoa/public_html/daliyhisab/server/connection/dbConfig.js:138:22)
    at Query.<anonymous> (/home/appzetoa/public_html/daliyhisab/server/node_modules/mysql/lib/Connection.js:526:10)
    at Query._callback (/home/appzetoa/public_html/daliyhisab/server/node_modules/mysql/lib/Connection.js:488:16)
    at Sequence.end (/home/appzetoa/public_html/daliyhisab/server/node_modules/mysql/lib/protocol/sequences/Sequence.js:83:24)
    at Query._handleFinalResultPacket (/home/appzetoa/public_html/daliyhisab/server/node_modules/mysql/lib/protocol/sequences/Query.js:149:8)
    at Query.OkPacket (/home/appzetoa/public_html/daliyhisab/server/node_modules/mysql/lib/protocol/sequences/Query.js:74:10)
    at Protocol._parsePacket (/home/appzetoa/public_html/daliyhisab/server/node_modules/mysql/lib/protocol/Protocol.js:291:23)
    at Parser._parsePacket (/home/appzetoa/public_html/daliyhisab/server/node_modules/mysql/lib/protocol/Parser.js:433:10) {
  code: 'ER_NO_SUCH_TABLE',
  errno: 1146,
  sqlMessage: "Table 'appzetoa_daily_hisab.notification_master' doesn't exist",
  sqlState: '42S02',
  index: 0,
  sql: 'DELETE FROM notification_master WHERE user_id = 456'
}
❌ Query error: ER_BAD_FIELD_ERROR: Unknown column 'account_id' in 'where clause'
Query: DELETE FROM team_member_master WHERE account_id = ? AND user_id = ?...
Error deleting team members: Error: ER_BAD_FIELD_ERROR: Unknown column 'account_id' in 'where clause'
    at Sequence._packetToError (/home/appzetoa/public_html/daliyhisab/server/node_modules/mysql/lib/protocol/sequences/Sequence.js:47:14)
    at Query.ErrorPacket (/home/appzetoa/public_html/daliyhisab/server/node_modules/mysql/lib/protocol/sequences/Query.js:79:18)
    at Protocol._parsePacket (/home/appzetoa/public_html/daliyhisab/server/node_modules/mysql/lib/protocol/Protocol.js:291:23)
    at Parser._parsePacket (/home/appzetoa/public_html/daliyhisab/server/node_modules/mysql/lib/protocol/Parser.js:433:10)
    at Parser.write (/home/appzetoa/public_html/daliyhisab/server/node_modules/mysql/lib/protocol/Parser.js:43:10)
    at Protocol.write (/home/appzetoa/public_html/daliyhisab/server/node_modules/mysql/lib/protocol/Protocol.js:38:16)
    at Socket.<anonymous> (/home/appzetoa/public_html/daliyhisab/server/node_modules/mysql/lib/Connection.js:88:28)
    at Socket.<anonymous> (/home/appzetoa/public_html/daliyhisab/server/node_modules/mysql/lib/Connection.js:526:10)
    at Socket.emit (node:events:524:28)
    at addChunk (node:internal/streams/readable:561:12)
    --------------------
    at Protocol._enqueue (/home/appzetoa/public_html/daliyhisab/server/node_modules/mysql/lib/protocol/Protocol.js:144:48)
    at PoolConnection.query (/home/appzetoa/public_html/daliyhisab/server/node_modules/mysql/lib/Connection.js:198:25)
    at Query.<anonymous> (file:///home/appzetoa/public_html/daliyhisab/server/connection/dbConfig.js:138:22)
    at Query.<anonymous> (/home/appzetoa/public_html/daliyhisab/server/node_modules/mysql/lib/Connection.js:526:10)
    at Query._callback (/home/appzetoa/public_html/daliyhisab/server/node_modules/mysql/lib/Connection.js:488:16)
    at Sequence.end (/home/appzetoa/public_html/daliyhisab/server/node_modules/mysql/lib/protocol/sequences/Sequence.js:83:24)
    at Query._handleFinalResultPacket (/home/appzetoa/public_html/daliyhisab/server/node_modules/mysql/lib/protocol/sequences/Query.js:149:8)
    at Query.OkPacket (/home/appzetoa/public_html/daliyhisab/server/node_modules/mysql/lib/protocol/sequences/Query.js:74:10)
    at Protocol._parsePacket (/home/appzetoa/public_html/daliyhisab/server/node_modules/mysql/lib/protocol/Protocol.js:291:23)
    at Parser._parsePacket (/home/appzetoa/public_html/daliyhisab/server/node_modules/mysql/lib/protocol/Parser.js:433:10) {
  code: 'ER_BAD_FIELD_ERROR',
  errno: 1054,
  sqlMessage: "Unknown column 'account_id' in 'where clause'",
  sqlState: '42S22',
  index: 0,
  sql: "DELETE FROM team_member_master WHERE account_id = '483' AND user_id = '455'"
}
❌ Query error: ER_BAD_FIELD_ERROR: Unknown column 'account_id' in 'where clause'
Query: DELETE FROM team_member_master WHERE account_id = ? AND user_id = ?...
Error deleting team members: Error: ER_BAD_FIELD_ERROR: Unknown column 'account_id' in 'where clause'
    at Sequence._packetToError (/home/appzetoa/public_html/daliyhisab/server/node_modules/mysql/lib/protocol/sequences/Sequence.js:47:14)
    at Query.ErrorPacket (/home/appzetoa/public_html/daliyhisab/server/node_modules/mysql/lib/protocol/sequences/Query.js:79:18)
    at Protocol._parsePacket (/home/appzetoa/public_html/daliyhisab/server/node_modules/mysql/lib/protocol/Protocol.js:291:23)
    at Parser._parsePacket (/home/appzetoa/public_html/daliyhisab/server/node_modules/mysql/lib/protocol/Parser.js:433:10)
    at Parser.write (/home/appzetoa/public_html/daliyhisab/server/node_modules/mysql/lib/protocol/Parser.js:43:10)
    at Protocol.write (/home/appzetoa/public_html/daliyhisab/server/node_modules/mysql/lib/protocol/Protocol.js:38:16)
    at Socket.<anonymous> (/home/appzetoa/public_html/daliyhisab/server/node_modules/mysql/lib/Connection.js:88:28)
    at Socket.<anonymous> (/home/appzetoa/public_html/daliyhisab/server/node_modules/mysql/lib/Connection.js:526:10)
    at Socket.emit (node:events:524:28)
    at addChunk (node:internal/streams/readable:561:12)
    --------------------
    at Protocol._enqueue (/home/appzetoa/public_html/daliyhisab/server/node_modules/mysql/lib/protocol/Protocol.js:144:48)
    at PoolConnection.query (/home/appzetoa/public_html/daliyhisab/server/node_modules/mysql/lib/Connection.js:198:25)
    at Query.<anonymous> (file:///home/appzetoa/public_html/daliyhisab/server/connection/dbConfig.js:138:22)
    at Query.<anonymous> (/home/appzetoa/public_html/daliyhisab/server/node_modules/mysql/lib/Connection.js:526:10)
    at Query._callback (/home/appzetoa/public_html/daliyhisab/server/node_modules/mysql/lib/Connection.js:488:16)
    at Sequence.end (/home/appzetoa/public_html/daliyhisab/server/node_modules/mysql/lib/protocol/sequences/Sequence.js:83:24)
    at Query._handleFinalResultPacket (/home/appzetoa/public_html/daliyhisab/server/node_modules/mysql/lib/protocol/sequences/Query.js:149:8)
    at Query.OkPacket (/home/appzetoa/public_html/daliyhisab/server/node_modules/mysql/lib/protocol/sequences/Query.js:74:10)
    at Protocol._parsePacket (/home/appzetoa/public_html/daliyhisab/server/node_modules/mysql/lib/protocol/Protocol.js:291:23)
    at Parser._parsePacket (/home/appzetoa/public_html/daliyhisab/server/node_modules/mysql/lib/protocol/Parser.js:433:10) {
  code: 'ER_BAD_FIELD_ERROR',
  errno: 1054,
  sqlMessage: "Unknown column 'account_id' in 'where clause'",
  sqlState: '42S22',
  index: 0,
  sql: "DELETE FROM team_member_master WHERE account_id = '484' AND user_id = '455'"
}
❌ Query error: ER_BAD_FIELD_ERROR: Unknown column 'account_id' in 'where clause'
Query: DELETE FROM team_member_master WHERE account_id = ? AND user_id = ?...
Error deleting team members: Error: ER_BAD_FIELD_ERROR: Unknown column 'account_id' in 'where clause'
    at Sequence._packetToError (/home/appzetoa/public_html/daliyhisab/server/node_modules/mysql/lib/protocol/sequences/Sequence.js:47:14)
    at Query.ErrorPacket (/home/appzetoa/public_html/daliyhisab/server/node_modules/mysql/lib/protocol/sequences/Query.js:79:18)
    at Protocol._parsePacket (/home/appzetoa/public_html/daliyhisab/server/node_modules/mysql/lib/protocol/Protocol.js:291:23)
    at Parser._parsePacket (/home/appzetoa/public_html/daliyhisab/server/node_modules/mysql/lib/protocol/Parser.js:433:10)
    at Parser.write (/home/appzetoa/public_html/daliyhisab/server/node_modules/mysql/lib/protocol/Parser.js:43:10)
    at Protocol.write (/home/appzetoa/public_html/daliyhisab/server/node_modules/mysql/lib/protocol/Protocol.js:38:16)
    at Socket.<anonymous> (/home/appzetoa/public_html/daliyhisab/server/node_modules/mysql/lib/Connection.js:88:28)
    at Socket.<anonymous> (/home/appzetoa/public_html/daliyhisab/server/node_modules/mysql/lib/Connection.js:526:10)
    at Socket.emit (node:events:524:28)
    at addChunk (node:internal/streams/readable:561:12)
    --------------------
    at Protocol._enqueue (/home/appzetoa/public_html/daliyhisab/server/node_modules/mysql/lib/protocol/Protocol.js:144:48)
    at PoolConnection.query (/home/appzetoa/public_html/daliyhisab/server/node_modules/mysql/lib/Connection.js:198:25)
    at Query.<anonymous> (file:///home/appzetoa/public_html/daliyhisab/server/connection/dbConfig.js:138:22)
    at Query.<anonymous> (/home/appzetoa/public_html/daliyhisab/server/node_modules/mysql/lib/Connection.js:526:10)
    at Query._callback (/home/appzetoa/public_html/daliyhisab/server/node_modules/mysql/lib/Connection.js:488:16)
    at Sequence.end (/home/appzetoa/public_html/daliyhisab/server/node_modules/mysql/lib/protocol/sequences/Sequence.js:83:24)
    at Query._handleFinalResultPacket (/home/appzetoa/public_html/daliyhisab/server/node_modules/mysql/lib/protocol/sequences/Query.js:149:8)
    at Query.OkPacket (/home/appzetoa/public_html/daliyhisab/server/node_modules/mysql/lib/protocol/sequences/Query.js:74:10)
    at Protocol._parsePacket (/home/appzetoa/public_html/daliyhisab/server/node_modules/mysql/lib/protocol/Protocol.js:291:23)
    at Parser._parsePacket (/home/appzetoa/public_html/daliyhisab/server/node_modules/mysql/lib/protocol/Parser.js:433:10) {
  code: 'ER_BAD_FIELD_ERROR',
  errno: 1054,
  sqlMessage: "Unknown column 'account_id' in 'where clause'",
  sqlState: '42S22',
  index: 0,
  sql: "DELETE FROM team_member_master WHERE account_id = '485' AND user_id = '455'"
}
❌ Query error: ER_BAD_FIELD_ERROR: Unknown column 'account_id' in 'where clause'
Query: DELETE FROM team_member_master WHERE account_id = ? AND user_id = ?...
Error deleting team members: Error: ER_BAD_FIELD_ERROR: Unknown column 'account_id' in 'where clause'
    at Sequence._packetToError (/home/appzetoa/public_html/daliyhisab/server/node_modules/mysql/lib/protocol/sequences/Sequence.js:47:14)
    at Query.ErrorPacket (/home/appzetoa/public_html/daliyhisab/server/node_modules/mysql/lib/protocol/sequences/Query.js:79:18)
    at Protocol._parsePacket (/home/appzetoa/public_html/daliyhisab/server/node_modules/mysql/lib/protocol/Protocol.js:291:23)
    at Parser._parsePacket (/home/appzetoa/public_html/daliyhisab/server/node_modules/mysql/lib/protocol/Parser.js:433:10)
    at Parser.write (/home/appzetoa/public_html/daliyhisab/server/node_modules/mysql/lib/protocol/Parser.js:43:10)
    at Protocol.write (/home/appzetoa/public_html/daliyhisab/server/node_modules/mysql/lib/protocol/Protocol.js:38:16)
    at Socket.<anonymous> (/home/appzetoa/public_html/daliyhisab/server/node_modules/mysql/lib/Connection.js:88:28)
    at Socket.<anonymous> (/home/appzetoa/public_html/daliyhisab/server/node_modules/mysql/lib/Connection.js:526:10)
    at Socket.emit (node:events:524:28)
    at addChunk (node:internal/streams/readable:561:12)
    --------------------
    at Protocol._enqueue (/home/appzetoa/public_html/daliyhisab/server/node_modules/mysql/lib/protocol/Protocol.js:144:48)
    at PoolConnection.query (/home/appzetoa/public_html/daliyhisab/server/node_modules/mysql/lib/Connection.js:198:25)
    at Query.<anonymous> (file:///home/appzetoa/public_html/daliyhisab/server/connection/dbConfig.js:138:22)
    at Query.<anonymous> (/home/appzetoa/public_html/daliyhisab/server/node_modules/mysql/lib/Connection.js:526:10)
    at Query._callback (/home/appzetoa/public_html/daliyhisab/server/node_modules/mysql/lib/Connection.js:488:16)
    at Sequence.end (/home/appzetoa/public_html/daliyhisab/server/node_modules/mysql/lib/protocol/sequences/Sequence.js:83:24)
    at Query._handleFinalResultPacket (/home/appzetoa/public_html/daliyhisab/server/node_modules/mysql/lib/protocol/sequences/Query.js:149:8)
    at Query.OkPacket (/home/appzetoa/public_html/daliyhisab/server/node_modules/mysql/lib/protocol/sequences/Query.js:74:10)
    at Protocol._parsePacket (/home/appzetoa/public_html/daliyhisab/server/node_modules/mysql/lib/protocol/Protocol.js:291:23)
    at Parser._parsePacket (/home/appzetoa/public_html/daliyhisab/server/node_modules/mysql/lib/protocol/Parser.js:433:10) {
  code: 'ER_BAD_FIELD_ERROR',
  errno: 1054,
  sqlMessage: "Unknown column 'account_id' in 'where clause'",
  sqlState: '42S22',
  index: 0,
  sql: "DELETE FROM team_member_master WHERE account_id = '482' AND user_id = '457'"
}
❌ Query error: ER_PARSE_ERROR: You have an error in your SQL syntax; check the manual that corresponds to your MySQL server version for the right syntax to use near 'low_priority,
        COUNT(CASE WHEN priority = 2 THEN 1 END) as medium_priorit' at line 9
Query: 
      SELECT 
        COUNT(*) as total_tickets,
        COUNT(CASE WHEN delete_flag = 0 THEN 1 END...
❌ Query error: ER_PARSE_ERROR: You have an error in your SQL syntax; check the manual that corresponds to your MySQL server version for the right syntax to use near 'low_priority,
        COUNT(CASE WHEN priority = 2 THEN 1 END) as medium_priorit' at line 9
Query: 
      SELECT 
        COUNT(*) as total_tickets,
        COUNT(CASE WHEN delete_flag = 0 THEN 1 END...
❌ Query error: ER_PARSE_ERROR: You have an error in your SQL syntax; check the manual that corresponds to your MySQL server version for the right syntax to use near 'low_priority,
        COUNT(CASE WHEN priority = 2 THEN 1 END) as medium_priorit' at line 9
Query: 
      SELECT 
        COUNT(*) as total_tickets,
        COUNT(CASE WHEN delete_flag = 0 THEN 1 END...
❌ Error getting connection from pool: Error: connect ECONNREFUSED 127.0.0.1:3306
    at TCPConnectWrap.afterConnect [as oncomplete] (node:net:1611:16)
    --------------------
    at Protocol._enqueue (/home/appzetoa/public_html/daliyhisab/server/node_modules/mysql/lib/protocol/Protocol.js:144:48)
    at Protocol.handshake (/home/appzetoa/public_html/daliyhisab/server/node_modules/mysql/lib/protocol/Protocol.js:51:23)
    at PoolConnection.connect (/home/appzetoa/public_html/daliyhisab/server/node_modules/mysql/lib/Connection.js:116:18)
    at Pool.getConnection (/home/appzetoa/public_html/daliyhisab/server/node_modules/mysql/lib/Pool.js:48:16)
    at Object.query (file:///home/appzetoa/public_html/daliyhisab/server/connection/dbConfig.js:100:14)
    at executeRecurringPayments (file:///home/appzetoa/public_html/daliyhisab/server/controller/recurringPaymentController.js:302:16)
    at Layer.handleRequest (/home/appzetoa/public_html/daliyhisab/server/node_modules/router/lib/layer.js:152:17)
    at next (/home/appzetoa/public_html/daliyhisab/server/node_modules/router/lib/route.js:157:13)
    at multerMiddleware (/home/appzetoa/public_html/daliyhisab/server/node_modules/multer/lib/make-middleware.js:19:41)
    at Layer.handleRequest (/home/appzetoa/public_html/daliyhisab/server/node_modules/router/lib/layer.js:152:17) {
  errno: -111,
  code: 'ECONNREFUSED',
  syscall: 'connect',
  address: '127.0.0.1',
  port: 3306,
  fatal: true
}
Error code: ECONNREFUSED
❌ Retry failed: Error: connect ECONNREFUSED 127.0.0.1:3306
    at TCPConnectWrap.afterConnect [as oncomplete] (node:net:1611:16)
    --------------------
    at Protocol._enqueue (/home/appzetoa/public_html/daliyhisab/server/node_modules/mysql/lib/protocol/Protocol.js:144:48)
    at Protocol.handshake (/home/appzetoa/public_html/daliyhisab/server/node_modules/mysql/lib/protocol/Protocol.js:51:23)
    at PoolConnection.connect (/home/appzetoa/public_html/daliyhisab/server/node_modules/mysql/lib/Connection.js:116:18)
    at Pool.getConnection (/home/appzetoa/public_html/daliyhisab/server/node_modules/mysql/lib/Pool.js:48:16)
    at Timeout._onTimeout (file:///home/appzetoa/public_html/daliyhisab/server/connection/dbConfig.js:106:26)
    at listOnTimeout (node:internal/timers:581:17)
    at process.processTimers (node:internal/timers:519:7) {
  errno: -111,
  code: 'ECONNREFUSED',
  syscall: 'connect',
  address: '127.0.0.1',
  port: 3306,
  fatal: true
}
❌ Recurring Payments Execution Failed: [
  'Internal server error',
  'आंतरिक सर्वर त्रुटि',
  'आंतरिक सर्व्हर त्रुटी'
]
[2026-05-06T17:35:01.070Z] [PID: 2818051] [32m[NODE-CRON][32m [33m[WARN][0m missed execution at Thu May 07 2026 01:35:00 GMT+0800 (Singapore Standard Time)! Possible blocking IO or high CPU user at the same process used by node-cron.
[2026-05-06T17:35:01.073Z] [PID: 3117053] [32m[NODE-CRON][32m [33m[WARN][0m missed execution at Thu May 07 2026 01:35:00 GMT+0800 (Singapore Standard Time)! Possible blocking IO or high CPU user at the same process used by node-cron.
Uncaught Exception: TypeError: Cannot read properties of null (reading 'release')
    at Query.<anonymous> (file:///home/appzetoa/public_html/daliyhisab/server/connection/dbConfig.js:221:45)
    at Query.<anonymous> (/home/appzetoa/public_html/daliyhisab/server/node_modules/mysql/lib/Connection.js:526:10)
    at Query._callback (/home/appzetoa/public_html/daliyhisab/server/node_modules/mysql/lib/Connection.js:488:16)
    at Sequence.end (/home/appzetoa/public_html/daliyhisab/server/node_modules/mysql/lib/protocol/sequences/Sequence.js:83:24)
    at Query._handleFinalResultPacket (/home/appzetoa/public_html/daliyhisab/server/node_modules/mysql/lib/protocol/sequences/Query.js:149:8)
    at Query.OkPacket (/home/appzetoa/public_html/daliyhisab/server/node_modules/mysql/lib/protocol/sequences/Query.js:74:10)
    at Protocol._parsePacket (/home/appzetoa/public_html/daliyhisab/server/node_modules/mysql/lib/protocol/Protocol.js:291:23)
    at Parser._parsePacket (/home/appzetoa/public_html/daliyhisab/server/node_modules/mysql/lib/protocol/Parser.js:433:10)
    at Parser.write (/home/appzetoa/public_html/daliyhisab/server/node_modules/mysql/lib/protocol/Parser.js:43:10)
    at Protocol.write (/home/appzetoa/public_html/daliyhisab/server/node_modules/mysql/lib/protocol/Protocol.js:38:16)
❌ Recurring Payments API Error: Status 503
⚠️ commit() called but no active transaction
⚠️ rollback() called but no active transaction
Uncaught Exception: TypeError: Cannot read properties of null (reading 'release')
    at Query.<anonymous> (file:///home/appzetoa/public_html/daliyhisab/server/connection/dbConfig.js:221:45)
    at Query.<anonymous> (/home/appzetoa/public_html/daliyhisab/server/node_modules/mysql/lib/Connection.js:526:10)
    at Query._callback (/home/appzetoa/public_html/daliyhisab/server/node_modules/mysql/lib/Connection.js:488:16)
    at Sequence.end (/home/appzetoa/public_html/daliyhisab/server/node_modules/mysql/lib/protocol/sequences/Sequence.js:83:24)
    at Query._handleFinalResultPacket (/home/appzetoa/public_html/daliyhisab/server/node_modules/mysql/lib/protocol/sequences/Query.js:149:8)
    at Query.OkPacket (/home/appzetoa/public_html/daliyhisab/server/node_modules/mysql/lib/protocol/sequences/Query.js:74:10)
    at Protocol._parsePacket (/home/appzetoa/public_html/daliyhisab/server/node_modules/mysql/lib/protocol/Protocol.js:291:23)
    at Parser._parsePacket (/home/appzetoa/public_html/daliyhisab/server/node_modules/mysql/lib/protocol/Parser.js:433:10)
    at Parser.write (/home/appzetoa/public_html/daliyhisab/server/node_modules/mysql/lib/protocol/Parser.js:43:10)
    at Protocol.write (/home/appzetoa/public_html/daliyhisab/server/node_modules/mysql/lib/protocol/Protocol.js:38:16)
❌ Recurring Payments API Error: Status 503
Uncaught Exception: TypeError: Cannot read properties of null (reading 'release')
    at Query.<anonymous> (file:///home/appzetoa/public_html/daliyhisab/server/connection/dbConfig.js:221:45)
    at Query.<anonymous> (/home/appzetoa/public_html/daliyhisab/server/node_modules/mysql/lib/Connection.js:526:10)
    at Query._callback (/home/appzetoa/public_html/daliyhisab/server/node_modules/mysql/lib/Connection.js:488:16)
    at Sequence.end (/home/appzetoa/public_html/daliyhisab/server/node_modules/mysql/lib/protocol/sequences/Sequence.js:83:24)
    at Query._handleFinalResultPacket (/home/appzetoa/public_html/daliyhisab/server/node_modules/mysql/lib/protocol/sequences/Query.js:149:8)
    at Query.OkPacket (/home/appzetoa/public_html/daliyhisab/server/node_modules/mysql/lib/protocol/sequences/Query.js:74:10)
    at Protocol._parsePacket (/home/appzetoa/public_html/daliyhisab/server/node_modules/mysql/lib/protocol/Protocol.js:291:23)
    at Parser._parsePacket (/home/appzetoa/public_html/daliyhisab/server/node_modules/mysql/lib/protocol/Parser.js:433:10)
    at Parser.write (/home/appzetoa/public_html/daliyhisab/server/node_modules/mysql/lib/protocol/Parser.js:43:10)
    at Protocol.write (/home/appzetoa/public_html/daliyhisab/server/node_modules/mysql/lib/protocol/Protocol.js:38:16)
❌ Recurring Payments API Error: Status 503
Uncaught Exception: TypeError: Cannot read properties of null (reading 'release')
    at Query.<anonymous> (file:///home/appzetoa/public_html/daliyhisab/server/connection/dbConfig.js:221:45)
    at Query.<anonymous> (/home/appzetoa/public_html/daliyhisab/server/node_modules/mysql/lib/Connection.js:526:10)
    at Query._callback (/home/appzetoa/public_html/daliyhisab/server/node_modules/mysql/lib/Connection.js:488:16)
    at Sequence.end (/home/appzetoa/public_html/daliyhisab/server/node_modules/mysql/lib/protocol/sequences/Sequence.js:83:24)
    at Query._handleFinalResultPacket (/home/appzetoa/public_html/daliyhisab/server/node_modules/mysql/lib/protocol/sequences/Query.js:149:8)
    at Query.OkPacket (/home/appzetoa/public_html/daliyhisab/server/node_modules/mysql/lib/protocol/sequences/Query.js:74:10)
    at Protocol._parsePacket (/home/appzetoa/public_html/daliyhisab/server/node_modules/mysql/lib/protocol/Protocol.js:291:23)
    at Parser._parsePacket (/home/appzetoa/public_html/daliyhisab/server/node_modules/mysql/lib/protocol/Parser.js:433:10)
    at Parser.write (/home/appzetoa/public_html/daliyhisab/server/node_modules/mysql/lib/protocol/Parser.js:43:10)
    at Protocol.write (/home/appzetoa/public_html/daliyhisab/server/node_modules/mysql/lib/protocol/Protocol.js:38:16)
❌ Query error: ER_LOCK_WAIT_TIMEOUT: Lock wait timeout exceeded; try restarting transaction
Query: 
                          UPDATE recurring_payments 
                          SET execution_count ...
❌ Query error in transaction: ER_LOCK_WAIT_TIMEOUT: Lock wait timeout exceeded; try restarting transaction
Query: 
                          UPDATE recurring_payments 
                          SET execution_count ...
Uncaught Exception: TypeError: Cannot read properties of null (reading 'release')
    at Query.<anonymous> (file:///home/appzetoa/public_html/daliyhisab/server/connection/dbConfig.js:207:45)
    at Query.<anonymous> (/home/appzetoa/public_html/daliyhisab/server/node_modules/mysql/lib/Connection.js:526:10)
    at Query._callback (/home/appzetoa/public_html/daliyhisab/server/node_modules/mysql/lib/Connection.js:488:16)
    at Sequence.end (/home/appzetoa/public_html/daliyhisab/server/node_modules/mysql/lib/protocol/sequences/Sequence.js:83:24)
    at Query._handleFinalResultPacket (/home/appzetoa/public_html/daliyhisab/server/node_modules/mysql/lib/protocol/sequences/Query.js:149:8)
    at Query.OkPacket (/home/appzetoa/public_html/daliyhisab/server/node_modules/mysql/lib/protocol/sequences/Query.js:74:10)
    at Protocol._parsePacket (/home/appzetoa/public_html/daliyhisab/server/node_modules/mysql/lib/protocol/Protocol.js:291:23)
    at Parser._parsePacket (/home/appzetoa/public_html/daliyhisab/server/node_modules/mysql/lib/protocol/Parser.js:433:10)
    at Parser.write (/home/appzetoa/public_html/daliyhisab/server/node_modules/mysql/lib/protocol/Parser.js:43:10)
    at Protocol.write (/home/appzetoa/public_html/daliyhisab/server/node_modules/mysql/lib/protocol/Protocol.js:38:16)
❌ Error getting connection from pool: Error: connect ECONNREFUSED 127.0.0.1:3306
    at TCPConnectWrap.afterConnect [as oncomplete] (node:net:1611:16)
    --------------------
    at Protocol._enqueue (/home/appzetoa/public_html/daliyhisab/server/node_modules/mysql/lib/protocol/Protocol.js:144:48)
    at Protocol.handshake (/home/appzetoa/public_html/daliyhisab/server/node_modules/mysql/lib/protocol/Protocol.js:51:23)
    at PoolConnection.connect (/home/appzetoa/public_html/daliyhisab/server/node_modules/mysql/lib/Connection.js:116:18)
    at Pool.getConnection (/home/appzetoa/public_html/daliyhisab/server/node_modules/mysql/lib/Pool.js:48:16)
    at Object.query (file:///home/appzetoa/public_html/daliyhisab/server/connection/dbConfig.js:100:14)
    at executeRecurringPayments (file:///home/appzetoa/public_html/daliyhisab/server/controller/recurringPaymentController.js:302:16)
    at Layer.handleRequest (/home/appzetoa/public_html/daliyhisab/server/node_modules/router/lib/layer.js:152:17)
    at next (/home/appzetoa/public_html/daliyhisab/server/node_modules/router/lib/route.js:157:13)
    at multerMiddleware (/home/appzetoa/public_html/daliyhisab/server/node_modules/multer/lib/make-middleware.js:19:41)
    at Layer.handleRequest (/home/appzetoa/public_html/daliyhisab/server/node_modules/router/lib/layer.js:152:17) {
  errno: -111,
  code: 'ECONNREFUSED',
  syscall: 'connect',
  address: '127.0.0.1',
  port: 3306,
  fatal: true
}
Error code: ECONNREFUSED
❌ Error getting connection from pool: Error: connect ECONNREFUSED 127.0.0.1:3306
    at TCPConnectWrap.afterConnect [as oncomplete] (node:net:1611:16)
    --------------------
    at Protocol._enqueue (/home/appzetoa/public_html/daliyhisab/server/node_modules/mysql/lib/protocol/Protocol.js:144:48)
    at Protocol.handshake (/home/appzetoa/public_html/daliyhisab/server/node_modules/mysql/lib/protocol/Protocol.js:51:23)
    at PoolConnection.connect (/home/appzetoa/public_html/daliyhisab/server/node_modules/mysql/lib/Connection.js:116:18)
    at Pool.getConnection (/home/appzetoa/public_html/daliyhisab/server/node_modules/mysql/lib/Pool.js:48:16)
    at Object.query (file:///home/appzetoa/public_html/daliyhisab/server/connection/dbConfig.js:100:14)
    at executeRecurringPayments (file:///home/appzetoa/public_html/daliyhisab/server/controller/recurringPaymentController.js:302:16)
    at Layer.handleRequest (/home/appzetoa/public_html/daliyhisab/server/node_modules/router/lib/layer.js:152:17)
    at next (/home/appzetoa/public_html/daliyhisab/server/node_modules/router/lib/route.js:157:13)
    at multerMiddleware (/home/appzetoa/public_html/daliyhisab/server/node_modules/multer/lib/make-middleware.js:19:41)
    at Layer.handleRequest (/home/appzetoa/public_html/daliyhisab/server/node_modules/router/lib/layer.js:152:17) {
  errno: -111,
  code: 'ECONNREFUSED',
  syscall: 'connect',
  address: '127.0.0.1',
  port: 3306,
  fatal: true
}
Error code: ECONNREFUSED
❌ Retry failed: Error: connect ECONNREFUSED 127.0.0.1:3306
    at TCPConnectWrap.afterConnect [as oncomplete] (node:net:1611:16)
    --------------------
    at Protocol._enqueue (/home/appzetoa/public_html/daliyhisab/server/node_modules/mysql/lib/protocol/Protocol.js:144:48)
    at Protocol.handshake (/home/appzetoa/public_html/daliyhisab/server/node_modules/mysql/lib/protocol/Protocol.js:51:23)
    at PoolConnection.connect (/home/appzetoa/public_html/daliyhisab/server/node_modules/mysql/lib/Connection.js:116:18)
    at Pool.getConnection (/home/appzetoa/public_html/daliyhisab/server/node_modules/mysql/lib/Pool.js:48:16)
    at Timeout._onTimeout (file:///home/appzetoa/public_html/daliyhisab/server/connection/dbConfig.js:106:26)
    at listOnTimeout (node:internal/timers:581:17)
    at process.processTimers (node:internal/timers:519:7) {
  errno: -111,
  code: 'ECONNREFUSED',
  syscall: 'connect',
  address: '127.0.0.1',
  port: 3306,
  fatal: true
}
❌ Retry failed: Error: connect ECONNREFUSED 127.0.0.1:3306
    at TCPConnectWrap.afterConnect [as oncomplete] (node:net:1611:16)
    --------------------
    at Protocol._enqueue (/home/appzetoa/public_html/daliyhisab/server/node_modules/mysql/lib/protocol/Protocol.js:144:48)
    at Protocol.handshake (/home/appzetoa/public_html/daliyhisab/server/node_modules/mysql/lib/protocol/Protocol.js:51:23)
    at PoolConnection.connect (/home/appzetoa/public_html/daliyhisab/server/node_modules/mysql/lib/Connection.js:116:18)
    at Pool.getConnection (/home/appzetoa/public_html/daliyhisab/server/node_modules/mysql/lib/Pool.js:48:16)
    at Timeout._onTimeout (file:///home/appzetoa/public_html/daliyhisab/server/connection/dbConfig.js:106:26)
    at listOnTimeout (node:internal/timers:581:17)
    at process.processTimers (node:internal/timers:519:7) {
  errno: -111,
  code: 'ECONNREFUSED',
  syscall: 'connect',
  address: '127.0.0.1',
  port: 3306,
  fatal: true
}
❌ Recurring Payments Execution Failed: [
  'Internal server error',
  'आंतरिक सर्वर त्रुटि',
  'आंतरिक सर्व्हर त्रुटी'
]
❌ Recurring Payments Execution Failed: [
  'Internal server error',
  'आंतरिक सर्वर त्रुटि',
  'आंतरिक सर्व्हर त्रुटी'
]
Uncaught Exception: TypeError: Cannot read properties of null (reading 'release')
    at Query.<anonymous> (file:///home/appzetoa/public_html/daliyhisab/server/connection/dbConfig.js:221:45)
    at Query.<anonymous> (/home/appzetoa/public_html/daliyhisab/server/node_modules/mysql/lib/Connection.js:526:10)
    at Query._callback (/home/appzetoa/public_html/daliyhisab/server/node_modules/mysql/lib/Connection.js:488:16)
    at Sequence.end (/home/appzetoa/public_html/daliyhisab/server/node_modules/mysql/lib/protocol/sequences/Sequence.js:83:24)
    at Query._handleFinalResultPacket (/home/appzetoa/public_html/daliyhisab/server/node_modules/mysql/lib/protocol/sequences/Query.js:149:8)
    at Query.OkPacket (/home/appzetoa/public_html/daliyhisab/server/node_modules/mysql/lib/protocol/sequences/Query.js:74:10)
    at Protocol._parsePacket (/home/appzetoa/public_html/daliyhisab/server/node_modules/mysql/lib/protocol/Protocol.js:291:23)
    at Parser._parsePacket (/home/appzetoa/public_html/daliyhisab/server/node_modules/mysql/lib/protocol/Parser.js:433:10)
    at Parser.write (/home/appzetoa/public_html/daliyhisab/server/node_modules/mysql/lib/protocol/Parser.js:43:10)
    at Protocol.write (/home/appzetoa/public_html/daliyhisab/server/node_modules/mysql/lib/protocol/Protocol.js:38:16)
❌ Recurring Payments API Error: Status 503
Uncaught Exception: TypeError: Cannot read properties of null (reading 'release')
    at Query.<anonymous> (file:///home/appzetoa/public_html/daliyhisab/server/connection/dbConfig.js:221:45)
    at Query.<anonymous> (/home/appzetoa/public_html/daliyhisab/server/node_modules/mysql/lib/Connection.js:526:10)
    at Query._callback (/home/appzetoa/public_html/daliyhisab/server/node_modules/mysql/lib/Connection.js:488:16)
    at Sequence.end (/home/appzetoa/public_html/daliyhisab/server/node_modules/mysql/lib/protocol/sequences/Sequence.js:83:24)
    at Query._handleFinalResultPacket (/home/appzetoa/public_html/daliyhisab/server/node_modules/mysql/lib/protocol/sequences/Query.js:149:8)
    at Query.OkPacket (/home/appzetoa/public_html/daliyhisab/server/node_modules/mysql/lib/protocol/sequences/Query.js:74:10)
    at Protocol._parsePacket (/home/appzetoa/public_html/daliyhisab/server/node_modules/mysql/lib/protocol/Protocol.js:291:23)
    at Parser._parsePacket (/home/appzetoa/public_html/daliyhisab/server/node_modules/mysql/lib/protocol/Parser.js:433:10)
    at Parser.write (/home/appzetoa/public_html/daliyhisab/server/node_modules/mysql/lib/protocol/Parser.js:43:10)
    at Protocol.write (/home/appzetoa/public_html/daliyhisab/server/node_modules/mysql/lib/protocol/Protocol.js:38:16)
❌ Recurring Payments API Error: Status 503
Global error handler: TypeError: Cannot read properties of undefined (reading 'user_id')
    at updateUserLanguage (file:///home/appzetoa/public_html/daliyhisab/server/controller/languageController.js:138:29)
    at Layer.handleRequest (/home/appzetoa/public_html/daliyhisab/server/node_modules/router/lib/layer.js:152:17)
    at next (/home/appzetoa/public_html/daliyhisab/server/node_modules/router/lib/route.js:157:13)
    at multerMiddleware (/home/appzetoa/public_html/daliyhisab/server/node_modules/multer/lib/make-middleware.js:19:41)
    at Layer.handleRequest (/home/appzetoa/public_html/daliyhisab/server/node_modules/router/lib/layer.js:152:17)
    at next (/home/appzetoa/public_html/daliyhisab/server/node_modules/router/lib/route.js:157:13)
    at file:///home/appzetoa/public_html/daliyhisab/server/router/authentication.js:90:13
    at Query.<anonymous> (file:///home/appzetoa/public_html/daliyhisab/server/connection/dbConfig.js:155:25)
    at Query.<anonymous> (/home/appzetoa/public_html/daliyhisab/server/node_modules/mysql/lib/Connection.js:526:10)
    at Query._callback (/home/appzetoa/public_html/daliyhisab/server/node_modules/mysql/lib/Connection.js:488:16)
